,연도,선수이름,팀명,평균자책점,경기,승,패,세이브,홀드,승률,이닝,피안타,홈런,볼넷,사구,삼진,실점,자책점,이닝당 출루허용률
0,2015,김정인,넥센,0.00,1,0,0,0,0,-,1,0,0,0,0,0,0,0,0.00
1,2015,양훈,넥센,1.41,16,2,1,0,0,0.667,38 1/3,33,1,14,0,15,9,6,1.23
2,2015,조상우,넥센,3.09,70,8,5,5,19,0.615,93 1/3,65,4,41,6,89,36,32,1.14
3,2015,밴헤켄,넥센,3.62,32,15,8,0,0,0.652,196 2/3,190,14,67,1,193,92,79,1.31
4,2015,손승락,넥센,3.82,58,4,6,23,0,0.400,61 1/3,73,6,13,3,63,35,26,1.40
5,2015,김영민,넥센,4.38,57,4,5,0,6,0.444,90 1/3,90,14,28,7,85,47,44,1.31
6,2015,금민철,넥센,4.50,7,1,1,0,0,0.500,22,25,2,14,2,11,11,11,1.77
7,2015,이정훈,넥센,4.50,2,0,0,0,0,-,2,3,0,0,0,0,2,1,1.50
8,2015,피어밴드,넥센,4.67,30,13,11,0,0,0.542,177 1/3,202,23,61,12,137,101,92,1.48
9,2015,한현희,넥센,4.82,45,11,4,0,10,0.733,123 1/3,126,14,41,13,122,70,66,1.35
10,2015,김대우,넥센,4.94,47,6,3,1,4,0.667,71,81,8,31,6,63,44,39,1.58
11,2015,마정길,넥센,5.06,35,0,0,0,0,-,37 1/3,36,4,17,6,33,22,21,1.42
12,2015,송신영,넥센,5.35,18,7,4,0,0,0.636,69,77,12,22,2,46,42,41,1.43
13,2015,문성현,넥센,6.28,34,0,5,0,1,0.000,91 2/3,114,10,39,5,58,75,64,1.67
14,2015,김동준,넥센,6.44,22,1,1,0,0,0.500,50 1/3,56,7,30,3,32,41,36,1.71
15,2015,배힘찬,넥센,6.75,7,0,1,0,0,0.000,6 2/3,10,1,6,0,1,7,5,2.40
16,2015,김정훈,넥센,7.04,13,0,2,0,1,0.000,15 1/3,20,2,10,3,11,14,12,1.96
17,2015,하영민,넥센,7.53,18,2,0,0,0,1.000,34 2/3,48,7,12,2,25,30,29,1.73
18,2015,김택형,넥센,7.91,37,4,4,0,2,0.500,58,79,7,42,6,55,58,51,2.09
19,2015,정회찬,넥센,9.00,1,0,0,0,0,-,1,2,1,1,0,1,1,1,3.00
20,2015,오재영,넥센,9.33,9,0,2,0,0,0.000,18 1/3,31,4,12,1,11,19,19,2.35
21,2015,구자형,넥센,10.13,3,0,0,0,0,-,2 2/3,4,0,2,0,1,3,3,2.25
22,2015,이상민,넥센,10.71,23,0,1,0,1,0.000,19 1/3,29,4,10,3,12,23,23,2.02
23,2015,김상수,넥센,10.80,2,0,1,0,0,0.000,5,10,1,5,0,2,8,6,3.00
24,2015,오장훈,두산,0.00,1,0,0,0,0,-,1,1,0,1,0,2,0,0,2.00
25,2015,김강률,두산,2.45,16,3,1,0,3,0.750,14 2/3,14,1,10,0,7,5,4,1.64
26,2015,이현승,두산,2.89,41,3,1,18,2,0.750,46 2/3,45,3,10,2,41,16,15,1.18
27,2015,허준혁,두산,3.57,16,3,2,0,0,0.600,63,52,7,41,6,45,37,25,1.48
28,2015,함덕주,두산,3.65,68,7,2,2,16,0.778,61 2/3,52,4,46,2,76,30,25,1.59
29,2015,유희관,두산,3.94,30,18,5,0,0,0.783,189 2/3,193,23,44,4,126,84,83,1.25
30,2015,윤명준,두산,3.97,60,4,6,6,7,0.400,68,72,9,30,5,48,33,30,1.50
31,2015,장원준,두산,4.08,30,12,12,0,0,0.500,169 2/3,182,13,68,14,128,86,77,1.47
32,2015,이현호,두산,4.19,49,6,1,0,2,0.857,86,83,8,35,4,87,43,40,1.37
33,2015,노경은,두산,4.47,47,1,4,4,0,0.200,58 1/3,57,6,37,5,41,33,29,1.61
34,2015,니퍼트,두산,5.10,20,6,5,0,0,0.545,90,104,4,33,4,76,54,51,1.52
35,2015,양현,두산,5.23,13,0,0,0,0,-,10 1/3,19,2,0,3,7,7,6,1.84
36,2015,스와잭,두산,5.26,20,5,7,0,1,0.417,92 1/3,110,9,30,4,72,57,54,1.52
37,2015,오현택,두산,5.30,61,1,3,0,13,0.250,56,59,6,16,4,45,33,33,1.34
38,2015,남경호,두산,6.00,5,0,0,0,0,-,9,5,2,7,1,10,7,6,1.33
39,2015,이재우,두산,6.26,37,0,2,0,9,0.000,46,44,9,28,5,47,33,32,1.57
40,2015,진야곱,두산,7.01,47,5,9,0,4,0.357,102 2/3,120,12,68,3,108,88,80,1.83
41,2015,김명성,두산,7.79,17,1,0,0,0,1.000,17 1/3,27,2,11,1,10,15,15,2.19
42,2015,마야,두산,8.17,13,2,5,0,0,0.286,68 1/3,83,6,31,5,62,62,62,1.67
43,2015,김수완,두산,8.80,9,0,0,0,0,-,15 1/3,22,4,9,3,13,15,15,2.02
44,2015,조승수,두산,9.00,1,0,0,0,0,-,1,2,1,1,0,1,1,1,3.00
45,2015,변진수,두산,10.80,1,1,0,0,0,1.000,1 2/3,1,0,3,1,1,2,2,2.40
46,2015,박종기,두산,11.57,3,0,0,0,0,-,2 1/3,4,1,3,0,2,3,3,3.00
47,2015,이원재,두산,12.66,12,1,0,0,0,1.000,10 2/3,21,2,12,1,5,15,15,3.09
48,2015,장민익,두산,29.25,4,0,0,0,0,-,4,11,4,8,0,4,14,13,4.75
49,2015,이용호,두산,81.00,2,0,0,0,0,-,1/3,2,0,2,0,0,3,3,12.00
50,2015,박진형,롯데,0.00,2,0,0,0,0,-,1 1/3,2,0,0,0,1,0,0,1.50
51,2015,차재용,롯데,0.00,2,0,0,0,0,-,1 1/3,0,0,1,0,0,2,0,0.75
52,2015,정대현,롯데,2.95,19,2,1,3,3,0.667,18 1/3,16,3,7,2,17,6,6,1.25
53,2015,린드블럼,롯데,3.56,32,13,11,0,0,0.542,210,196,28,52,12,180,86,83,1.18
54,2015,레일리,롯데,3.91,31,11,9,0,0,0.550,179 1/3,182,20,57,15,134,93,78,1.33
55,2015,홍성민,롯데,3.95,67,4,4,1,8,0.500,82,85,8,24,10,65,38,36,1.33
56,2015,강영식,롯데,4.19,50,2,1,2,6,0.667,38 2/3,40,6,10,0,46,21,18,1.29
57,2015,조현우,롯데,4.50,3,0,0,0,0,-,4,3,2,1,0,4,3,2,1.00
58,2015,이성민,롯데,4.58,61,5,7,4,7,0.417,72 2/3,92,11,33,4,58,44,37,1.72
59,2015,송승준,롯데,4.75,25,8,7,0,0,0.533,125,131,17,46,4,112,71,66,1.42
60,2015,이명우,롯데,5.64,59,2,1,0,6,0.667,59,78,5,20,2,34,44,37,1.66
61,2015,김원중,롯데,5.75,15,0,0,0,1,-,20 1/3,21,1,15,3,20,15,13,1.77
62,2015,박세웅,롯데,5.76,31,2,11,0,0,0.154,114,129,16,54,12,82,81,73,1.61
63,2015,이정민,롯데,5.84,34,1,4,1,5,0.200,44 2/3,59,4,31,2,36,34,29,2.01
64,2015,심수창,롯데,6.01,39,4,6,5,3,0.400,73 1/3,99,9,29,3,76,56,49,1.75
65,2015,이재곤,롯데,6.23,5,0,2,0,0,0.000,13,15,1,18,4,9,10,9,2.54
66,2015,김승회,롯데,6.24,39,7,3,2,2,0.700,75,96,13,28,4,50,52,52,1.65
67,2015,이상화,롯데,6.55,14,3,8,0,0,0.273,55,69,7,25,1,35,43,40,1.71
68,2015,배장호,롯데,6.59,9,0,2,0,0,0.000,28 2/3,35,5,10,5,9,21,21,1.57
69,2015,심규범,롯데,7.11,16,0,1,0,1,0.000,6 1/3,7,1,6,0,6,5,5,2.05
70,2015,정재훈,롯데,7.11,10,0,0,0,0,-,6 1/3,16,1,6,0,5,8,5,3.47
71,2015,김성배,롯데,7.71,45,2,3,1,5,0.400,39 2/3,51,2,19,2,33,34,34,1.76
72,2015,이인복,롯데,10.18,9,0,0,0,0,-,20 1/3,36,4,8,2,9,25,23,2.16
73,2015,구승민,롯데,10.24,11,0,2,0,0,0.000,29,46,9,9,2,20,33,33,1.90
74,2015,이경우,롯데,10.80,1,0,0,0,0,-,1 2/3,2,1,1,0,0,2,2,1.80
75,2015,허준혁,롯데,21.60,3,0,0,0,0,-,1 2/3,6,0,0,0,0,5,4,3.60
76,2015,임창용,삼성,2.83,55,5,2,33,0,0.714,54,45,2,13,3,71,17,17,1.07
77,2015,박근홍,삼성,2.96,66,2,2,0,8,0.500,48 2/3,39,3,24,6,55,20,16,1.29
78,2015,조현근,삼성,3.26,22,0,0,0,1,-,19 1/3,18,1,7,1,11,10,7,1.29
79,2015,안지만,삼성,3.33,66,4,3,0,37,0.571,78 1/3,76,8,26,2,96,29,29,1.30
80,2015,피가로,삼성,3.38,25,13,7,0,0,0.650,165,154,16,51,7,117,66,62,1.24
81,2015,윤성환,삼성,3.76,30,17,8,0,0,0.680,194,199,27,30,10,164,86,81,1.18
82,2015,심창민,삼성,4.28,61,6,3,0,9,0.667,67 1/3,54,7,24,5,91,32,32,1.16
83,2015,차우찬,삼성,4.79,31,13,7,0,1,0.650,173,160,28,74,5,194,98,92,1.35
84,2015,클로이드,삼성,5.19,28,11,11,0,0,0.500,159 2/3,190,24,38,12,123,103,92,1.43
85,2015,장원삼,삼성,5.80,26,10,9,0,0,0.526,136 2/3,151,29,50,1,107,96,88,1.47
86,2015,김건한,삼성,6.06,16,1,1,0,0,0.500,16 1/3,26,1,8,1,6,11,11,2.08
87,2015,백정현,삼성,6.11,31,0,0,0,2,-,28,32,3,20,1,37,19,19,1.86
88,2015,신용운,삼성,7.01,35,1,1,0,2,0.500,25 2/3,35,2,16,2,22,23,20,1.99
89,2015,김기태,삼성,7.06,23,3,0,0,0,1.000,29 1/3,36,11,10,0,23,25,23,1.57
90,2015,김현우,삼성,7.30,11,0,0,0,0,-,12 1/3,14,5,5,1,14,10,10,1.54
91,2015,권오준,삼성,8.04,30,0,0,0,0,-,28,33,5,9,5,24,27,25,1.50
92,2015,정인욱,삼성,8.28,12,2,2,1,0,0.500,29 1/3,40,5,16,2,29,27,27,1.91
93,2015,임현준,삼성,11.37,7,0,0,0,0,-,6 1/3,11,3,2,0,6,10,8,2.05
94,2015,장필준,삼성,15.75,2,0,0,0,0,-,4,10,2,0,0,4,7,7,2.50
95,2015,구본범,한화,0.00,3,0,0,0,0,-,1,0,0,2,0,1,0,0,2.00
96,2015,마일영,한화,0.00,2,0,0,0,0,-,1/3,0,0,1,1,0,1,0,3.00
97,2015,임경완,한화,-,1,0,0,0,0,-,0,0,0,2,0,0,1,1,-
98,2015,조영우,한화,0.00,1,0,0,0,0,-,1,0,0,0,0,0,0,0,0.00
99,2015,최영환,한화,0.00,1,0,0,0,0,-,1 1/3,2,0,2,0,1,2,0,3.00
100,2015,윤규진,한화,2.66,40,3,2,10,3,0.600,50 2/3,39,3,21,0,48,15,15,1.18
101,2015,로저스,한화,2.97,10,6,2,0,0,0.750,75 2/3,62,2,20,4,60,26,25,1.08
102,2015,박정진,한화,3.09,76,6,1,1,15,0.857,96,84,8,39,5,92,37,33,1.28
103,2015,김용주,한화,3.38,2,1,0,0,0,1.000,8,4,0,6,0,3,3,3,1.25
104,2015,임준섭,한화,3.72,22,1,0,0,2,1.000,19 1/3,26,1,13,0,18,12,8,2.02
105,2015,김기현,한화,4.35,54,1,0,0,3,1.000,41 1/3,36,5,30,3,32,20,20,1.60
106,2015,이동걸,한화,4.47,32,2,0,0,0,1.000,44 1/3,58,8,28,4,25,28,22,1.94
107,2015,유먼,한화,4.52,17,4,6,0,0,0.400,91 2/3,96,9,38,4,56,52,46,1.46
108,2015,탈보트,한화,4.72,30,10,11,0,0,0.476,156 1/3,153,11,85,13,120,93,82,1.52
109,2015,정대훈,한화,4.75,51,1,1,0,2,0.500,36,44,4,14,5,12,21,19,1.61
110,2015,박성호,한화,4.79,16,0,0,0,1,-,20 2/3,24,2,11,1,12,14,11,1.69
111,2015,권혁,한화,4.98,78,9,13,17,6,0.409,112,124,15,53,5,88,68,62,1.58
112,2015,안영명,한화,5.10,35,10,6,0,1,0.625,125 1/3,137,15,60,11,82,77,71,1.57
113,2015,김민우,한화,5.14,36,1,3,0,0,0.250,70,67,5,38,10,50,41,40,1.50
114,2015,송창식,한화,6.44,64,8,7,0,11,0.533,109,115,29,64,7,87,82,78,1.64
115,2015,윤기호,한화,6.75,3,0,0,0,0,-,2 2/3,2,1,1,0,0,2,2,1.13
116,2015,정광운,한화,6.75,2,0,0,0,0,-,1 1/3,2,0,1,0,1,1,1,2.25
117,2015,송은범,한화,7.04,33,2,9,4,1,0.182,70 1/3,103,10,30,4,48,59,55,1.89
118,2015,배영수,한화,7.04,32,4,11,0,1,0.267,101,124,21,39,14,56,93,79,1.61
119,2015,김범수,한화,7.36,15,0,2,0,0,0.000,14 2/3,10,0,20,1,10,12,12,2.05
120,2015,박한길,한화,8.56,10,0,0,0,0,-,13 2/3,17,0,12,2,9,13,13,2.12
121,2015,허유강,한화,10.13,5,0,0,0,0,-,2 2/3,1,0,2,2,1,3,3,1.13
122,2015,정재원,한화,11.25,3,0,0,0,0,-,4,5,2,3,0,4,5,5,2.00
123,2015,장민재,한화,18.00,4,0,0,0,0,-,4,9,1,7,0,3,8,8,4.00
124,2015,김명찬,KIA,0.00,3,0,0,0,0,-,4,4,0,1,1,2,0,0,1.25
125,2015,김준,KIA,2.08,6,0,0,0,0,-,4 1/3,6,0,2,0,1,2,1,1.85
126,2015,양현종,KIA,2.44,32,15,6,0,1,0.714,184 1/3,150,18,78,7,157,52,50,1.24
127,2015,최영필,KIA,2.86,59,5,2,0,10,0.714,63,57,8,8,2,51,23,20,1.03
128,2015,윤석민,KIA,2.96,51,2,6,30,0,0.250,70,69,4,24,2,68,23,23,1.33
129,2015,한기주,KIA,3.24,7,0,0,0,0,-,8 1/3,11,0,5,0,4,4,3,1.92
130,2015,김진우,KIA,3.46,4,1,0,0,1,1.000,13,12,1,9,1,12,5,5,1.62
131,2015,임준혁,KIA,4.10,27,9,6,0,2,0.600,118 2/3,125,11,43,8,73,58,54,1.42
132,2015,에반,KIA,4.44,16,4,0,0,4,1.000,26 1/3,30,0,13,1,25,15,13,1.63
133,2015,김광수,KIA,4.53,41,4,4,0,9,0.500,43 2/3,53,2,13,2,22,24,22,1.51
134,2015,서재응,KIA,4.95,9,1,4,0,0,0.200,40,52,5,8,5,16,23,22,1.50
135,2015,스틴슨,KIA,4.96,32,11,10,0,0,0.524,167,190,15,64,14,93,100,92,1.52
136,2015,심동섭,KIA,5.02,69,3,1,1,21,0.750,57 1/3,47,7,43,3,71,35,32,1.57
137,2015,김태영,KIA,5.19,27,0,2,0,4,0.000,26,36,3,8,4,30,16,15,1.69
138,2015,한승혁,KIA,5.46,49,2,6,0,6,0.250,56,55,7,36,1,56,36,34,1.63
139,2015,박정수,KIA,5.53,19,0,3,0,0,0.000,42 1/3,47,4,19,6,25,31,26,1.56
140,2015,홍건희,KIA,6.04,38,2,5,1,0,0.286,82,84,18,57,4,86,63,55,1.72
141,2015,박준표,KIA,6.26,37,2,2,0,3,0.500,46,54,4,11,5,33,32,32,1.41
142,2015,임기준,KIA,6.62,17,1,3,0,0,0.250,34,39,4,27,12,26,32,25,1.94
143,2015,험버,KIA,6.75,12,3,3,0,0,0.500,50 2/3,62,11,32,5,35,38,38,1.86
144,2015,김병현,KIA,6.98,23,0,5,0,2,0.000,49,67,7,18,11,38,38,38,1.73
145,2015,유창식,KIA,7.90,27,0,8,0,0,0.000,54 2/3,67,9,40,3,34,53,48,1.96
146,2015,신창호,KIA,7.94,5,0,0,0,0,-,5 2/3,4,1,4,0,4,5,5,1.41
147,2015,문경찬,KIA,9.76,8,1,3,0,0,0.250,27 2/3,44,7,10,1,15,32,30,1.95
148,2015,이종석,KIA,15.75,2,0,0,0,0,-,4,10,2,2,0,3,8,7,3.00
149,2015,조무근,KT,1.88,43,8,5,4,2,0.615,71 2/3,54,3,32,4,83,26,15,1.20
150,2015,최원재,KT,3.82,36,2,1,0,3,0.667,33,43,2,12,3,24,16,14,1.67
151,2015,홍성용,KT,3.86,42,0,4,0,10,0.000,39 2/3,39,3,13,6,31,19,17,1.31
152,2015,장시환,KT,3.98,47,7,5,12,0,0.583,74 2/3,73,1,28,1,75,33,33,1.35
153,2015,김재윤,KT,4.23,42,1,2,0,6,0.333,44 2/3,46,3,12,1,70,23,21,1.30
154,2015,옥스프링,KT,4.48,31,12,10,0,0,0.545,185,200,23,66,10,142,104,92,1.44
155,2015,홍성무,KT,4.82,23,0,1,0,0,0.000,28,31,5,9,1,22,15,15,1.43
156,2015,저마노,KT,4.93,15,3,6,0,1,0.333,76 2/3,111,7,15,3,40,46,42,1.64
157,2015,안상빈,KT,5.06,13,0,0,0,0,-,16,23,1,12,1,25,13,9,2.19
158,2015,정대현,KT,5.19,30,5,11,0,0,0.313,118,138,19,62,4,82,80,68,1.69
159,2015,배우열,KT,5.63,12,0,0,0,1,-,16,21,2,4,0,17,10,10,1.56
160,2015,윤근영,KT,5.63,17,1,4,0,2,0.200,32,35,3,21,4,21,23,20,1.75
161,2015,고영표,KT,5.68,46,3,4,0,0,0.429,57,68,2,19,16,57,41,36,1.53
162,2015,김민수,KT,5.79,15,0,1,0,1,0.000,23 1/3,30,1,13,1,18,18,15,1.84
163,2015,김기표,KT,6.10,14,0,0,0,0,-,10 1/3,11,2,2,1,6,7,7,1.26
164,2015,시스코,KT,6.23,17,0,6,0,2,0.000,39,43,5,25,4,42,34,27,1.74
165,2015,엄상백,KT,6.66,28,5,6,0,0,0.455,100,127,15,50,10,78,77,74,1.77
166,2015,이창재,KT,6.82,38,0,1,0,3,0.000,33,38,8,12,2,32,30,25,1.52
167,2015,심재민,KT,6.87,50,2,3,0,1,0.400,56 1/3,68,3,41,7,29,45,43,1.93
168,2015,황덕균,KT,7.36,3,0,0,0,0,-,3 2/3,0,0,5,0,2,3,3,1.36
169,2015,김사율,KT,8.06,21,0,0,0,0,-,25 2/3,40,4,11,2,24,28,23,1.99
170,2015,주권,KT,8.51,15,0,2,0,0,0.000,24 1/3,43,6,9,2,13,26,23,2.14
171,2015,정성곤,KT,8.53,20,2,6,0,0,0.250,58,81,12,51,1,41,58,55,2.28
172,2015,어윈,KT,8.68,12,1,7,0,0,0.125,56,90,10,21,2,41,57,54,1.98
173,2015,최대성,KT,13.50,8,0,0,0,0,-,2 2/3,4,1,7,0,0,4,4,4.13
174,2015,이윤학,KT,24.00,2,0,0,0,0,-,3,9,2,2,0,4,8,8,3.67
175,2015,김선규,LG,3.13,31,2,0,0,2,1.000,31 2/3,34,5,10,2,19,12,11,1.39
176,2015,우규민,LG,3.42,25,11,9,0,0,0.550,152 2/3,163,13,17,12,119,64,58,1.18
177,2015,윤지웅,LG,3.77,78,3,1,0,12,0.750,62,47,3,17,1,54,26,26,1.03
178,2015,소사,LG,4.03,32,10,12,0,1,0.455,194 1/3,199,16,36,5,177,102,87,1.21
179,2015,김지용,LG,4.13,24,1,1,0,0,0.500,32 2/3,30,4,12,1,28,15,15,1.29
180,2015,이동현,LG,4.40,60,5,5,4,11,0.500,59 1/3,65,4,20,2,55,33,29,1.43
181,2015,류제국,LG,4.78,24,4,9,0,0,0.308,130,134,16,55,14,88,72,69,1.45
182,2015,신승현,LG,4.79,37,0,1,0,3,0.000,35 2/3,32,3,18,5,30,19,19,1.40
183,2015,봉중근,LG,4.93,47,5,2,15,0,0.714,49 1/3,60,10,23,6,39,28,27,1.68
184,2015,루카스,LG,4.93,33,10,11,0,1,0.476,171 2/3,175,11,108,14,151,103,94,1.65
185,2015,임정우,LG,5.04,54,6,9,5,3,0.400,109,123,8,50,14,99,65,61,1.59
186,2015,정찬헌,LG,5.52,32,3,6,1,5,0.333,44,49,3,14,5,32,27,27,1.43
187,2015,유원상,LG,5.59,25,1,1,0,1,0.500,37,44,6,12,2,22,26,23,1.51
188,2015,진해수,LG,5.72,39,2,2,0,4,0.500,28 1/3,29,2,16,5,20,19,18,1.59
189,2015,김광삼,LG,5.74,4,0,1,0,0,0.000,15 2/3,16,2,9,1,11,13,10,1.60
190,2015,이승현,LG,5.87,15,0,0,0,0,-,15 1/3,14,1,10,1,21,10,10,1.57
191,2015,임지섭,LG,6.25,8,1,2,0,0,0.333,31 2/3,18,3,36,2,37,23,22,1.71
192,2015,이준형,LG,6.35,4,0,2,0,0,0.000,5 2/3,7,1,9,1,5,7,4,2.82
193,2015,장진용,LG,6.40,11,1,3,0,0,0.250,32 1/3,43,5,7,5,20,26,23,1.55
194,2015,최동환,LG,8.27,17,0,0,0,0,-,20 2/3,32,7,6,2,21,19,19,1.84
195,2015,문수호,NC,-,2,0,0,0,0,-,0,1,0,1,0,0,1,1,-
196,2015,스튜어트,NC,2.68,19,8,2,0,0,0.800,117 2/3,116,7,26,6,109,37,35,1.21
197,2015,해커,NC,3.13,31,19,5,0,0,0.792,204,174,14,36,25,164,81,71,1.03
198,2015,박진우,NC,3.14,11,1,1,0,0,0.500,14 1/3,19,1,2,1,8,5,5,1.47
199,2015,이태양,NC,3.67,29,10,5,0,0,0.667,137 1/3,141,19,40,19,113,59,56,1.32
200,2015,최금강,NC,3.71,78,6,5,1,14,0.545,89 2/3,77,11,37,11,61,40,37,1.27
201,2015,고창성,NC,3.72,6,0,0,0,0,-,9 2/3,11,1,4,2,3,4,4,1.55
202,2015,임정호,NC,3.75,80,1,2,0,14,0.333,48,31,2,27,5,54,21,20,1.21
203,2015,임창민,NC,3.80,61,1,5,31,0,0.167,64,57,7,21,1,72,28,27,1.22
204,2015,이재학,NC,4.10,29,10,8,0,1,0.556,125,115,17,58,9,116,58,57,1.38
205,2015,김진성,NC,4.50,59,3,4,5,12,0.429,66,59,14,18,1,70,35,33,1.17
206,2015,박명환,NC,4.85,11,1,1,0,0,0.500,26,36,6,5,3,15,14,14,1.58
207,2015,손민한,NC,4.89,26,11,6,0,0,0.647,105,122,8,15,5,50,65,57,1.30
208,2015,민성기,NC,4.91,21,1,0,0,0,1.000,25 2/3,28,2,23,4,21,17,14,1.99
209,2015,이민호,NC,5.06,64,6,5,0,10,0.545,96,103,15,41,6,103,62,54,1.50
210,2015,이혜천,NC,5.19,29,0,0,0,3,-,17 1/3,15,3,7,2,10,11,10,1.27
211,2015,강장산,NC,5.61,20,0,0,0,0,-,25 2/3,27,3,15,3,9,17,16,1.64
212,2015,찰리,NC,5.74,12,4,5,0,0,0.444,53 1/3,67,8,19,7,29,39,34,1.61
213,2015,손정욱,NC,6.56,20,1,0,0,0,1.000,23 1/3,37,3,9,0,17,17,17,1.97
214,2015,장현식,NC,9.00,2,0,0,0,0,-,2,3,0,2,0,3,2,2,2.50
215,2015,노성호,NC,10.65,17,1,2,0,0,0.333,23 2/3,33,8,23,0,25,28,28,2.37
216,2015,배재환,NC,18.00,1,0,0,0,0,-,1,1,0,3,0,2,2,2,4.00
217,2015,이승호,NC,36.00,1,0,1,0,0,0.000,1,3,0,1,0,1,4,4,4.00
218,2015,윤강민,NC,45.00,2,0,0,0,0,-,1,2,0,3,1,1,5,5,5.00
219,2015,이대환,NC,54.00,1,0,0,0,0,-,1/3,2,0,0,1,0,2,2,6.00
220,2015,윤석주,SK,0.00,1,0,0,0,0,-,1 1/3,2,0,0,0,0,0,0,1.50
221,2015,윤길현,SK,3.16,70,0,4,13,17,0.000,62 2/3,58,7,36,2,62,25,22,1.50
222,2015,정우람,SK,3.21,69,7,5,16,11,0.583,70,52,3,28,1,90,25,25,1.14
223,2015,김광현,SK,3.72,30,14,6,0,1,0.700,176 2/3,173,19,66,3,160,86,73,1.35
224,2015,이한진,SK,3.86,3,0,0,0,0,-,4 2/3,4,0,5,0,1,3,2,1.93
225,2015,신재웅,SK,4.11,61,0,1,0,9,0.000,50 1/3,72,5,17,4,49,28,23,1.77
226,2015,켈리,SK,4.13,30,11,10,0,0,0.524,181,188,16,54,5,139,87,83,1.34
227,2015,박민호,SK,4.28,20,1,1,0,1,0.500,27 1/3,26,4,9,2,12,18,13,1.28
228,2015,전유수,SK,4.40,66,3,6,1,5,0.333,77 2/3,66,9,42,5,84,39,38,1.39
229,2015,밴와트,SK,4.63,12,5,3,0,0,0.625,56 1/3,70,5,13,2,50,29,29,1.47
230,2015,이재영,SK,4.65,26,1,0,0,1,1.000,31,36,4,13,3,26,18,16,1.58
231,2015,백인식,SK,4.79,7,1,2,0,0,0.333,20 2/3,24,2,11,2,14,13,11,1.69
232,2015,세든,SK,4.99,14,7,5,0,0,0.583,74,77,12,28,5,67,42,41,1.42
233,2015,박종훈,SK,5.19,33,6,8,0,0,0.429,118,123,7,53,17,105,74,68,1.49
234,2015,박정배,SK,5.33,24,2,2,0,2,0.500,25 1/3,25,3,13,2,28,15,15,1.50
235,2015,박희수,SK,5.40,14,0,0,0,2,-,10,13,3,8,1,12,6,6,2.10
236,2015,윤희상,SK,5.88,21,5,9,0,0,0.357,93 1/3,113,15,34,3,67,65,61,1.58
237,2015,서진용,SK,5.91,18,0,0,0,0,-,21 1/3,25,4,6,0,24,14,14,1.45
238,2015,이창욱,SK,6.00,2,0,0,0,0,-,3,2,0,2,0,1,2,2,1.33
239,2015,채병용,SK,6.07,33,4,4,0,1,0.500,83,103,17,27,3,78,56,56,1.57
240,2015,고효준,SK,6.18,30,0,3,0,0,0.000,51,61,8,31,4,43,37,35,1.80
241,2015,문광은,SK,6.85,53,1,5,1,11,0.167,64 1/3,87,13,27,4,54,55,49,1.77
242,2015,김태훈,SK,27.00,1,0,0,0,0,-,1/3,0,0,1,0,0,1,1,3.00
243,2016,김윤환,넥센,0.00,1,0,0,0,0,-,1,0,0,1,0,0,0,0,1.00
244,2016,김정인,넥센,0.00,2,0,0,0,0,-,2,3,0,3,1,1,0,0,3.00
245,2016,유재훈,넥센,0.00,1,0,0,0,0,-,1/3,0,0,2,0,1,0,0,6.00
246,2016,김세현,넥센,2.60,62,2,0,36,0,1.000,62 1/3,66,2,7,0,50,19,18,1.17
247,2016,하영민,넥센,3.14,11,1,1,0,1,0.500,28 2/3,33,2,9,2,15,12,10,1.47
248,2016,황덕균,넥센,3.31,7,1,0,0,0,1.000,16 1/3,13,3,7,1,3,6,6,1.22
249,2016,밴헤켄,넥센,3.38,12,7,3,0,0,0.700,72,55,10,19,5,81,29,27,1.03
250,2016,코엘로,넥센,3.77,12,6,5,0,0,0.545,62,50,6,42,2,46,29,26,1.48
251,2016,신재영,넥센,3.90,30,15,7,0,0,0.682,168 2/3,192,19,21,11,99,76,73,1.26
252,2016,정용준,넥센,4.00,5,0,0,0,0,-,9,8,1,5,0,3,5,4,1.44
253,2016,마정길,넥센,4.10,61,6,1,0,12,0.857,63 2/3,61,10,34,4,52,33,29,1.49
254,2016,오주원,넥센,4.41,55,3,2,2,7,0.600,51,50,3,17,4,40,25,25,1.31
255,2016,이보근,넥센,4.45,67,5,7,0,25,0.417,64 2/3,69,3,27,6,56,36,32,1.48
256,2016,박종윤,넥센,4.50,1,0,0,0,0,-,2,5,0,2,0,0,1,1,3.50
257,2016,김상수,넥센,4.62,67,6,5,0,21,0.545,74,77,6,34,1,76,40,38,1.50
258,2016,금민철,넥센,5.13,14,1,1,0,0,0.500,26 1/3,36,2,9,1,16,16,15,1.71
259,2016,맥그레거,넥센,5.20,14,6,3,0,0,0.667,90,108,13,20,2,61,56,52,1.42
260,2016,김정훈,넥센,5.26,34,1,5,0,0,0.167,63 1/3,71,9,29,6,28,44,37,1.58
261,2016,박주현,넥센,6.35,30,7,5,0,0,0.583,119,153,19,37,8,71,89,84,1.60
262,2016,정회찬,넥센,6.52,11,0,0,0,0,-,9 2/3,8,0,9,2,2,7,7,1.76
263,2016,이정훈,넥센,7.00,15,0,3,0,1,0.000,18,32,3,5,0,8,14,14,2.06
264,2016,최원태,넥센,7.23,17,2,3,0,0,0.400,61,89,6,23,6,42,51,49,1.84
265,2016,김택형,넥센,7.62,32,2,2,0,7,0.500,28 1/3,41,6,11,0,35,26,24,1.84
266,2016,양훈,넥센,8.28,20,1,6,0,0,0.143,70 2/3,119,10,27,1,24,71,65,2.07
267,2016,강윤구,넥센,18.00,1,0,0,0,0,-,1,1,1,1,0,0,2,2,2.00
268,2016,박정준,넥센,19.29,7,0,0,0,0,-,4 2/3,8,0,6,1,3,10,10,3.00
269,2016,이용찬,두산,2.70,5,1,0,0,2,1.000,6 2/3,7,0,0,0,5,2,2,1.05
270,2016,니퍼트,두산,2.95,28,22,3,0,0,0.880,167 2/3,151,15,57,9,142,61,55,1.24
271,2016,정재훈,두산,3.27,46,1,5,2,23,0.167,52 1/3,43,3,17,5,56,21,19,1.15
272,2016,장원준,두산,3.32,27,15,6,0,0,0.714,168,161,14,76,9,137,66,62,1.41
273,2016,보우덴,두산,3.80,30,18,7,0,0,0.720,180,159,17,54,6,160,83,76,1.18
274,2016,윤명준,두산,3.95,55,4,0,2,11,1.000,57,51,5,17,3,39,25,25,1.19
275,2016,유희관,두산,4.41,30,15,6,0,0,0.714,185 2/3,212,22,58,6,102,95,91,1.45
276,2016,이현승,두산,4.84,56,1,4,25,1,0.200,57 2/3,65,8,17,7,41,36,31,1.42
277,2016,진야곱,두산,4.94,55,5,2,1,4,0.714,62,68,8,40,1,56,38,34,1.74
278,2016,김강률,두산,5.14,25,0,2,0,4,0.000,28,31,2,17,2,21,18,16,1.71
279,2016,홍상삼,두산,5.25,11,0,1,5,1,0.000,12,12,0,9,0,17,7,7,1.75
280,2016,박성민,두산,5.40,4,0,0,0,0,-,3 1/3,5,1,2,0,3,2,2,2.10
281,2016,이용호,두산,5.40,1,0,0,0,0,-,1 2/3,3,0,1,0,0,1,1,2.40
282,2016,고원준,두산,5.47,14,1,1,0,1,0.500,24 2/3,31,2,11,5,21,15,15,1.70
283,2016,허준혁,두산,5.64,28,4,7,0,0,0.364,89 1/3,106,17,39,7,56,61,56,1.62
284,2016,김성배,두산,6.03,39,0,1,1,5,0.000,37 1/3,59,5,19,2,27,26,25,2.09
285,2016,오현택,두산,6.10,20,1,0,0,4,1.000,20 2/3,29,3,3,2,17,14,14,1.55
286,2016,고봉재,두산,6.17,25,3,0,0,0,1.000,23 1/3,32,1,2,3,18,17,16,1.46
287,2016,함덕주,두산,6.23,15,0,0,0,0,-,8 2/3,10,0,11,0,7,6,6,2.42
288,2016,안규영,두산,6.61,16,1,2,0,0,0.333,47 2/3,73,6,24,4,24,36,35,2.03
289,2016,이현호,두산,7.09,41,0,2,0,0,0.000,47,63,5,20,5,32,37,37,1.77
290,2016,홍영현,두산,7.11,6,1,0,0,0,1.000,6 1/3,9,1,6,0,6,6,5,2.37
291,2016,강동연,두산,8.22,11,0,0,0,0,-,7 2/3,9,2,6,0,6,8,7,1.96
292,2016,조승수,두산,10.80,7,0,0,0,0,-,8 1/3,13,2,4,4,2,10,10,2.04
293,2016,이정민,롯데,3.16,67,5,2,2,9,0.714,77,83,6,21,5,60,29,27,1.35
294,2016,배장호,롯데,3.80,19,0,0,0,1,-,23 2/3,26,1,10,4,11,10,10,1.52
295,2016,손승락,롯데,4.26,48,7,3,20,0,0.700,50 2/3,61,5,24,3,48,25,24,1.68
296,2016,레일리,롯데,4.34,31,8,10,0,0,0.444,184 2/3,207,21,51,17,147,105,89,1.40
297,2016,홍성민,롯데,4.46,52,1,1,2,5,0.500,42 1/3,45,5,16,1,30,24,21,1.44
298,2016,정대현,롯데,5.19,24,1,0,0,8,1.000,17 1/3,24,3,13,0,7,10,10,2.13
299,2016,린드블럼,롯데,5.28,30,10,13,0,0,0.435,177 1/3,197,28,77,9,148,109,104,1.55
300,2016,강영식,롯데,5.40,24,0,2,0,5,0.000,11 2/3,13,2,9,0,11,8,7,1.89
301,2016,박시영,롯데,5.40,42,2,3,0,1,0.400,61 2/3,64,6,29,2,57,38,37,1.51
302,2016,박세웅,롯데,5.76,27,7,12,0,0,0.368,139,160,17,62,6,133,97,89,1.60
303,2016,박진형,롯데,5.81,39,6,2,0,3,0.750,93,101,9,54,13,78,65,60,1.67
304,2016,윤길현,롯데,6.00,62,7,7,2,16,0.500,60,75,8,22,2,50,42,40,1.62
305,2016,박한길,롯데,6.06,9,0,0,0,0,-,16 1/3,24,1,7,1,10,15,11,1.90
306,2016,김유영,롯데,6.55,46,0,1,1,3,0.000,34 1/3,37,3,30,0,31,32,25,1.95
307,2016,노경은,롯데,6.85,22,3,12,0,0,0.200,94 2/3,128,13,48,5,52,79,72,1.86
308,2016,이성민,롯데,7.08,36,6,5,0,1,0.545,68 2/3,89,11,42,4,47,59,54,1.91
309,2016,김성재,롯데,7.36,6,0,0,0,0,-,3 2/3,5,2,2,0,3,3,3,1.91
310,2016,송승준,롯데,8.71,10,1,2,0,0,0.333,41 1/3,62,6,21,2,35,43,40,2.01
311,2016,이명우,롯데,9.27,45,2,3,0,6,0.400,33,41,5,18,1,25,37,34,1.79
312,2016,김원중,롯데,9.39,3,0,1,0,0,0.000,7 2/3,7,2,8,0,5,8,8,1.96
313,2016,강승현,롯데,9.72,6,0,0,0,0,-,8 1/3,14,2,5,0,7,9,9,2.28
314,2016,이경우,롯데,13.50,1,0,0,0,0,-,2,3,1,0,0,1,3,3,1.50
315,2016,차재용,롯데,20.25,2,0,0,0,0,-,2 2/3,3,1,4,0,0,6,6,2.63
316,2016,김승현,삼성,0.00,2,0,0,0,0,-,2,1,0,0,0,1,0,0,0.50
317,2016,심창민,삼성,2.97,62,2,6,25,4,0.250,72 2/3,59,6,26,4,76,29,24,1.17
318,2016,신용운,삼성,3.38,13,0,0,0,2,-,8,12,0,4,3,7,7,3,2.00
319,2016,김현우,삼성,3.48,17,1,0,0,0,1.000,20 2/3,26,3,4,2,19,9,8,1.45
320,2016,김건한,삼성,3.72,3,1,0,0,0,1.000,9 2/3,9,1,3,1,7,5,4,1.24
321,2016,권오준,삼성,3.88,41,1,3,0,7,0.250,46 1/3,48,9,11,3,35,20,20,1.27
322,2016,박민규,삼성,4.26,6,0,0,0,0,-,6 1/3,7,0,5,0,4,3,3,1.89
323,2016,윤성환,삼성,4.35,28,11,10,0,0,0.524,180,202,25,41,13,85,95,87,1.35
324,2016,차우찬,삼성,4.73,24,12,6,0,0,0.667,152 1/3,168,16,65,8,120,87,80,1.53
325,2016,김대우,삼성,5.05,67,6,0,0,11,1.000,66,82,8,19,6,37,39,37,1.53
326,2016,장필준,삼성,5.13,56,4,6,4,9,0.400,72,82,9,26,5,57,42,41,1.50
327,2016,임대한,삼성,5.14,26,0,1,0,0,0.000,28,33,2,14,2,13,18,16,1.68
328,2016,웹스터,삼성,5.70,12,4,4,0,0,0.500,71,72,10,47,3,59,48,45,1.68
329,2016,백정현,삼성,5.77,70,6,3,0,9,0.667,68 2/3,73,9,30,2,77,44,44,1.50
330,2016,안지만,삼성,5.79,31,2,5,5,5,0.286,37 1/3,44,9,15,4,41,26,24,1.58
331,2016,정인욱,삼성,6.81,27,4,7,0,0,0.364,111,138,19,62,8,70,92,84,1.80
332,2016,장원삼,삼성,7.01,26,5,8,0,2,0.385,78 1/3,114,16,23,2,53,69,61,1.75
333,2016,김기태,삼성,7.08,17,4,4,0,0,0.500,75,94,20,22,10,34,61,59,1.55
334,2016,박근홍,삼성,7.46,60,0,2,0,9,0.000,41,42,5,27,4,40,34,34,1.68
335,2016,플란데,삼성,7.60,13,2,6,0,0,0.250,68 2/3,92,13,33,1,56,66,58,1.82
336,2016,김동호,삼성,7.64,33,0,1,0,2,0.000,33,46,5,14,3,21,28,28,1.82
337,2016,벨레스터,삼성,8.03,3,0,3,0,0,0.000,12 1/3,20,1,12,0,5,14,11,2.59
338,2016,레온,삼성,11.25,2,0,1,0,0,0.000,8,16,2,1,1,7,10,10,2.13
339,2016,최충연,삼성,12.91,3,0,2,0,0,0.000,7 2/3,11,2,11,0,6,11,11,2.87
340,2016,조현근,삼성,13.50,3,0,0,0,0,-,5 1/3,12,2,3,1,5,8,8,2.81
341,2016,임현준,삼성,36.00,2,0,0,0,0,-,1,4,1,0,1,0,4,4,4.00
342,2016,정우람,한화,3.33,61,8,5,16,1,0.615,81,64,7,26,4,85,33,30,1.11
343,2016,권혁,한화,3.87,66,6,2,3,13,0.750,95 1/3,93,5,42,7,77,45,41,1.42
344,2016,로저스,한화,4.30,6,2,3,0,0,0.400,37 2/3,42,3,12,2,24,22,18,1.43
345,2016,장민재,한화,4.68,48,6,6,0,1,0.500,119 1/3,133,15,67,4,92,66,62,1.68
346,2016,정대훈,한화,4.89,36,1,0,0,0,1.000,38 2/3,47,3,10,1,26,24,21,1.47
347,2016,이태양,한화,4.97,29,5,8,1,0,0.385,112 1/3,128,15,62,3,60,66,62,1.69
348,2016,송창식,한화,4.98,66,8,5,0,8,0.615,97 2/3,97,10,45,10,77,61,54,1.45
349,2016,송신영,한화,5.02,11,0,1,0,0,0.000,14 1/3,24,1,2,1,7,8,8,1.81
350,2016,송창현,한화,5.06,11,0,0,0,0,-,10 2/3,9,0,6,0,11,6,6,1.41
351,2016,이동걸,한화,5.40,5,0,0,0,0,-,5,6,2,2,0,1,3,3,1.60
352,2016,박정진,한화,5.57,77,4,4,0,6,0.500,84,96,11,33,2,85,58,52,1.54
353,2016,심수창,한화,5.96,66,5,5,2,6,0.500,113 1/3,138,14,58,4,76,86,75,1.73
354,2016,이재우,한화,6.04,15,0,1,0,0,0.000,25 1/3,34,9,14,3,18,20,17,1.89
355,2016,서캠프,한화,6.31,17,2,5,1,0,0.286,41 1/3,54,5,17,5,36,32,29,1.72
356,2016,송은범,한화,6.42,30,2,11,0,1,0.154,122,159,13,49,5,85,95,87,1.70
357,2016,카스티요,한화,6.43,20,7,4,0,0,0.636,84,106,7,40,10,60,62,60,1.74
358,2016,윤규진,한화,6.82,41,7,7,1,3,0.500,100 1/3,125,19,54,8,74,78,76,1.78
359,2016,정재원,한화,7.59,14,0,0,0,0,-,21 1/3,28,2,9,1,16,19,18,1.73
360,2016,김경태,한화,7.71,10,0,0,0,0,-,11 2/3,17,2,9,0,12,10,10,2.23
361,2016,마에스트리,한화,9.42,9,2,2,0,0,0.500,28 2/3,37,4,34,1,23,37,30,2.48
362,2016,김범수,한화,9.53,5,1,0,0,0,1.000,5 2/3,6,1,6,1,5,6,6,2.12
363,2016,김용주,한화,9.77,17,0,2,0,0,0.000,15 2/3,19,2,15,0,12,18,17,2.17
364,2016,김재영,한화,10.32,11,0,0,0,0,-,11 1/3,18,2,8,3,4,14,13,2.29
365,2016,김민우,한화,15.83,5,0,3,0,0,0.000,9 2/3,21,2,8,0,7,18,17,3.00
366,2016,안영명,한화,20.25,2,0,1,0,0,0.000,2 2/3,9,0,4,0,1,10,6,4.88
367,2016,황재규,한화,24.55,2,0,0,0,0,-,3 2/3,10,1,2,1,2,11,10,3.27
368,2016,윤석민,KIA,3.19,16,2,2,1,6,0.500,31,36,1,8,5,26,14,11,1.42
369,2016,헥터,KIA,3.40,31,15,5,0,0,0.750,206 2/3,211,7,51,6,139,88,78,1.27
370,2016,최영필,KIA,3.61,54,4,3,2,10,0.571,57 1/3,74,6,8,3,54,26,23,1.43
371,2016,양현종,KIA,3.68,31,10,12,0,0,0.455,200 1/3,191,19,77,2,146,96,82,1.34
372,2016,임창용,KIA,4.37,34,3,3,15,0,0.500,35,45,5,10,1,38,18,17,1.57
373,2016,김진우,KIA,4.80,11,2,1,0,2,0.667,15,16,3,5,2,10,8,8,1.40
374,2016,김명찬,KIA,4.85,11,0,0,0,1,-,13,17,1,4,1,10,7,7,1.62
375,2016,한승혁,KIA,4.86,36,3,2,1,9,0.600,33 1/3,36,3,19,2,31,21,18,1.65
376,2016,홍건희,KIA,4.98,50,4,4,4,5,0.500,90 1/3,103,10,41,1,83,53,50,1.59
377,2016,김광수,KIA,5.16,54,2,6,7,14,0.250,52 1/3,67,5,22,0,39,31,30,1.70
378,2016,지크,KIA,5.27,30,10,13,0,0,0.435,152,188,16,68,5,125,104,89,1.68
379,2016,김윤동,KIA,5.43,31,0,3,2,2,0.000,53,48,9,38,3,47,33,32,1.62
380,2016,정동현,KIA,6.00,9,1,2,0,0,0.333,18,20,2,6,2,4,13,12,1.44
381,2016,임기준,KIA,6.03,19,0,2,1,1,0.000,31 1/3,37,2,33,4,15,23,21,2.23
382,2016,고효준,KIA,6.07,24,0,2,0,2,0.000,46,54,6,29,2,52,39,31,1.80
383,2016,박준표,KIA,6.27,46,4,0,0,5,1.000,51 2/3,60,4,22,8,33,39,36,1.59
384,2016,심동섭,KIA,6.45,54,5,2,1,13,0.714,37 2/3,45,5,21,4,33,30,27,1.75
385,2016,한기주,KIA,7.62,29,4,3,1,1,0.571,56 2/3,81,11,30,5,27,48,48,1.96
386,2016,정용운,KIA,7.89,12,0,1,0,0,0.000,21 2/3,31,1,20,0,12,21,19,2.35
387,2016,곽정철,KIA,7.90,27,0,1,2,1,0.000,27 1/3,34,3,22,2,16,24,24,2.05
388,2016,배힘찬,KIA,7.94,3,0,0,1,0,-,5 2/3,7,1,3,0,2,6,5,1.76
389,2016,전상현,KIA,8.10,8,0,2,0,1,0.000,13 1/3,19,3,8,0,11,13,12,2.03
390,2016,이준영,KIA,8.66,13,0,2,0,1,0.000,17 2/3,22,4,11,0,7,17,17,1.87
391,2016,유창식,KIA,20.25,1,0,0,0,0,-,1 1/3,2,1,6,0,0,3,3,6.00
392,2016,홍성무,KT,4.00,8,0,0,0,0,-,9,11,2,1,0,12,6,4,1.33
393,2016,배우열,KT,4.02,36,1,1,1,4,0.500,40 1/3,47,2,18,0,29,21,18,1.61
394,2016,피어밴드,KT,4.45,31,7,13,0,0,0.350,182,231,23,48,10,144,97,90,1.53
395,2016,김재윤,KT,4.97,52,8,1,14,1,0.889,54 1/3,61,6,15,1,73,31,30,1.40
396,2016,주권,KT,5.10,28,6,8,0,0,0.429,134,162,14,44,5,63,80,76,1.54
397,2016,이창재,KT,5.13,47,3,1,1,2,0.750,40 1/3,48,6,15,2,38,24,23,1.56
398,2016,박세진,KT,5.14,7,0,2,0,0,0.000,21,24,5,13,0,8,13,12,1.76
399,2016,마리몬,KT,5.23,12,6,4,0,0,0.600,62,60,3,29,6,45,38,36,1.44
400,2016,김사율,KT,5.34,25,0,1,1,1,0.000,30 1/3,29,4,17,2,27,20,18,1.52
401,2016,심재민,KT,5.47,59,2,3,0,7,0.400,54 1/3,75,4,24,5,30,36,33,1.82
402,2016,고영표,KT,5.59,53,2,4,0,5,0.333,56 1/3,65,6,19,10,62,38,35,1.49
403,2016,정성곤,KT,5.83,28,0,7,0,0,0.000,66 1/3,72,4,33,6,46,52,43,1.58
404,2016,밴와트,KT,5.95,28,6,13,0,0,0.316,134 2/3,172,21,49,4,92,103,89,1.64
405,2016,안상빈,KT,6.00,11,0,0,0,0,-,12,11,2,9,2,12,8,8,1.67
406,2016,홍성용,KT,6.02,67,2,2,2,12,0.500,46 1/3,66,8,19,4,33,32,31,1.83
407,2016,로위,KT,6.30,14,3,6,0,0,0.333,60,74,6,39,5,68,46,42,1.88
408,2016,장시환,KT,6.33,40,3,12,6,3,0.200,75 1/3,93,7,43,9,67,62,53,1.81
409,2016,김민수,KT,6.75,7,0,0,1,0,-,8,14,1,3,0,6,6,6,2.13
410,2016,엄상백,KT,6.75,52,1,5,1,8,0.167,73 1/3,93,8,40,4,57,61,55,1.81
411,2016,윤근영,KT,6.75,3,0,0,0,0,-,4,6,0,5,1,1,6,3,2.75
412,2016,피노,KT,7.15,12,2,3,0,1,0.400,39,62,4,15,4,23,36,31,1.97
413,2016,정대현,KT,7.29,22,4,10,0,0,0.286,91 1/3,115,13,44,5,57,82,74,1.74
414,2016,이상화,KT,7.99,16,0,0,0,0,-,32 2/3,55,7,10,0,24,32,29,1.99
415,2016,조무근,KT,8.61,38,2,0,0,4,1.000,38 2/3,59,5,27,3,31,37,37,2.22
416,2016,최원재,KT,8.68,10,0,0,0,0,-,9 1/3,12,1,4,0,11,9,9,1.71
417,2016,류희운,KT,10.80,5,0,0,0,0,-,8 1/3,13,1,3,0,3,10,10,1.92
418,2016,채선관,KT,27.00,1,0,0,0,0,-,1/3,2,0,2,0,0,1,1,12.00
419,2016,이영재,LG,-,1,0,0,0,0,-,0,2,1,2,0,0,4,4,-
420,2016,전인환,LG,0.00,5,0,0,0,0,-,6 1/3,4,0,3,1,5,0,0,1.11
421,2016,허프,LG,3.13,13,7,2,0,1,0.778,74 2/3,72,2,9,1,46,34,26,1.08
422,2016,정찬헌,LG,3.38,6,0,0,0,0,-,8,7,0,3,1,4,3,3,1.25
423,2016,김지용,LG,3.57,51,3,4,0,17,0.429,63,52,9,18,5,56,25,25,1.11
424,2016,임정우,LG,3.82,67,3,8,28,0,0.273,70 2/3,73,5,36,6,87,31,30,1.54
425,2016,류제국,LG,4.30,29,13,11,0,0,0.542,161 1/3,152,14,70,21,138,83,77,1.38
426,2016,최동환,LG,4.41,26,2,0,1,0,1.000,34 2/3,30,2,15,4,22,18,17,1.30
427,2016,진해수,LG,4.67,75,0,4,1,17,0.000,54,57,5,37,2,54,30,28,1.74
428,2016,우규민,LG,4.91,28,6,11,0,1,0.353,132,166,16,36,18,81,89,72,1.53
429,2016,봉중근,LG,4.95,19,1,0,0,2,1.000,36 1/3,41,4,22,2,20,23,20,1.73
430,2016,신승현,LG,4.96,49,3,1,1,9,0.750,45 1/3,41,3,24,4,31,26,25,1.43
431,2016,소사,LG,5.16,33,10,9,0,0,0.526,199,258,12,38,9,107,121,114,1.49
432,2016,김대현,LG,5.40,1,0,0,0,0,-,1 2/3,3,0,0,1,0,2,1,1.80
433,2016,이동현,LG,5.40,46,4,3,2,5,0.571,43 1/3,54,5,14,3,38,26,26,1.57
434,2016,이승현,LG,5.49,38,3,1,0,3,0.750,41,46,5,23,4,29,28,25,1.68
435,2016,코프랜드,LG,5.54,13,2,3,0,0,0.400,63 1/3,71,8,42,7,34,53,39,1.78
436,2016,이준형,LG,6.18,25,2,6,0,0,0.250,71 1/3,84,4,45,4,35,54,49,1.81
437,2016,배민관,LG,6.35,2,0,0,0,0,-,5 2/3,5,3,1,0,1,4,4,1.06
438,2016,유원상,LG,6.38,19,2,1,0,1,0.667,24,31,3,13,2,15,18,17,1.83
439,2016,임찬규,LG,6.51,15,3,3,0,1,0.500,47,46,6,32,6,38,35,34,1.66
440,2016,윤지웅,LG,6.55,59,4,2,0,11,0.667,44,48,4,18,4,37,33,32,1.50
441,2016,유경국,LG,6.75,2,0,0,0,0,-,5 1/3,7,1,4,0,0,4,4,2.06
442,2016,최성훈,LG,7.15,28,2,1,0,4,0.667,22 2/3,35,1,11,0,8,22,18,2.03
443,2016,정현욱,LG,7.29,17,1,0,1,3,1.000,21,22,4,10,4,18,19,17,1.52
444,2016,유재유,LG,13.50,7,0,1,0,0,0.000,6 2/3,10,2,7,0,3,10,10,2.55
445,2016,장진용,LG,20.25,2,0,0,0,0,-,5 1/3,9,3,6,0,2,12,12,2.81
446,2016,박민석,NC,1.66,21,0,0,1,3,-,21 2/3,10,2,11,6,27,4,4,0.97
447,2016,최성영,NC,1.93,7,0,0,0,0,-,4 2/3,8,0,2,0,4,1,1,2.14
448,2016,임창민,NC,2.57,65,1,3,26,6,0.250,70,61,5,30,5,91,22,20,1.30
449,2016,김선규,NC,2.93,17,1,0,0,0,1.000,15 1/3,20,1,8,1,6,6,5,1.83
450,2016,원종현,NC,3.18,54,3,3,3,17,0.500,70 2/3,51,4,18,3,75,26,25,0.98
451,2016,해커,NC,3.45,23,13,3,0,0,0.813,140 2/3,132,14,31,10,119,57,54,1.16
452,2016,배재환,NC,4.09,11,1,1,0,0,0.500,22,17,1,9,0,15,11,10,1.18
453,2016,구창모,NC,4.19,39,4,1,0,1,0.800,68 2/3,61,9,37,2,67,32,32,1.43
454,2016,이태양,NC,4.21,10,2,2,0,0,0.500,47,44,7,26,8,27,22,22,1.49
455,2016,장현식,NC,4.48,37,1,3,0,1,0.250,76 1/3,68,5,43,2,59,40,38,1.45
456,2016,김진성,NC,4.48,69,6,8,1,14,0.429,84 1/3,79,15,16,2,100,44,42,1.13
457,2016,스튜어트,NC,4.56,27,12,8,0,0,0.600,150,160,11,55,8,118,79,76,1.43
458,2016,이재학,NC,4.58,26,12,4,0,0,0.750,127 2/3,140,19,54,6,134,72,65,1.52
459,2016,최금강,NC,5.00,52,11,4,2,4,0.733,108,123,13,36,8,84,65,60,1.47
460,2016,임정호,NC,5.40,42,1,1,1,7,0.500,23 1/3,25,0,11,6,29,17,14,1.54
461,2016,이민호,NC,5.51,45,9,9,2,3,0.500,130 2/3,159,18,55,6,102,90,80,1.64
462,2016,임서준,NC,5.68,2,0,1,0,0,0.000,6 1/3,10,0,3,0,4,5,4,2.05
463,2016,민성기,NC,6.04,25,2,0,0,1,1.000,28 1/3,33,2,15,4,18,20,19,1.69
464,2016,정수민,NC,6.19,15,3,3,0,0,0.500,48,59,4,29,5,31,34,33,1.83
465,2016,박준영,NC,6.95,32,1,3,0,5,0.250,33 2/3,37,4,18,3,33,31,26,1.63
466,2016,박상혁,NC,7.71,2,0,0,0,0,-,2 1/3,3,1,3,0,3,2,2,2.57
467,2016,강장산,NC,11.57,3,0,1,0,0,0.000,2 1/3,3,2,3,0,1,3,3,2.57
468,2016,김학성,NC,14.54,4,0,0,0,0,-,4 1/3,11,0,3,1,0,7,7,3.23
469,2016,전병두,SK,0.00,1,0,0,0,0,-,1/3,0,0,0,0,0,0,0,0.00
470,2016,조한욱,SK,0.00,2,0,0,0,0,-,2 1/3,1,0,4,0,2,0,0,2.14
471,2016,박희수,SK,3.29,51,4,5,26,0,0.444,54 2/3,43,3,26,5,37,23,20,1.26
472,2016,켈리,SK,3.68,31,9,8,0,0,0.529,200 1/3,205,15,60,7,152,91,82,1.32
473,2016,김광현,SK,3.88,27,11,8,0,1,0.579,137,139,17,41,6,116,68,59,1.31
474,2016,김주한,SK,4.25,39,3,1,1,2,0.750,59 1/3,62,6,14,4,50,28,28,1.28
475,2016,김태훈,SK,4.30,15,0,1,0,0,0.000,14 2/3,15,1,12,1,9,7,7,1.84
476,2016,채병용,SK,4.30,68,6,3,2,9,0.667,83 2/3,77,9,29,3,67,43,40,1.27
477,2016,서진용,SK,4.73,25,0,0,0,3,-,26 2/3,26,3,13,2,30,16,14,1.46
478,2016,정영일,SK,4.74,21,1,0,0,1,1.000,24 2/3,16,3,12,3,18,13,13,1.14
479,2016,윤희상,SK,4.84,23,9,6,0,0,0.600,122 2/3,143,18,44,6,74,69,66,1.52
480,2016,박민호,SK,4.91,32,0,1,0,3,0.000,36 2/3,40,4,9,4,18,20,20,1.34
481,2016,이정담,SK,5.06,6,0,0,0,0,-,5 1/3,6,1,2,0,0,3,3,1.50
482,2016,전유수,SK,5.13,46,2,4,0,3,0.333,54 1/3,67,6,29,0,45,38,31,1.77
483,2016,세든,SK,5.37,12,5,5,0,0,0.500,62,76,8,17,1,43,52,37,1.50
484,2016,박정배,SK,5.40,49,2,3,2,11,0.400,51 2/3,55,6,17,3,26,34,31,1.39
485,2016,신재웅,SK,5.50,35,0,1,0,4,0.000,18,16,4,17,3,17,12,11,1.83
486,2016,박종훈,SK,5.66,28,8,13,0,0,0.381,140,141,17,91,23,104,102,88,1.66
487,2016,김승회,SK,5.92,23,1,1,0,4,0.500,24 1/3,29,4,9,0,19,16,16,1.56
488,2016,문승원,SK,6.64,20,4,4,0,0,0.500,63 2/3,86,12,33,3,49,52,47,1.87
489,2016,라라,SK,6.70,17,2,6,0,1,0.250,48 1/3,66,5,30,1,40,46,36,1.99
490,2016,문광은,SK,9.53,17,1,1,0,1,0.500,17,30,6,7,0,13,18,18,2.18
491,2016,임준혁,SK,10.06,12,2,6,0,0,0.250,34,57,6,10,2,20,41,38,1.97
492,2016,이건욱,SK,27.00,1,0,0,0,0,-,2/3,2,0,0,0,1,2,2,3.00
493,2017,손동욱,넥센,0.00,1,0,0,0,0,-,1,0,0,1,0,1,0,0,1.00
494,2017,박승주,넥센,3.00,1,0,0,1,0,-,3,0,0,3,1,0,1,1,1.00
495,2017,밴헤켄,넥센,3.77,24,8,7,0,0,0.533,138 1/3,140,13,42,2,139,68,58,1.32
496,2017,김상수,넥센,3.82,60,0,7,15,9,0.000,61 1/3,59,8,22,3,62,29,26,1.32
497,2017,브리검,넥센,4.38,24,10,6,0,0,0.625,144,166,17,26,13,98,77,70,1.33
498,2017,최원태,넥센,4.46,25,11,7,0,0,0.611,149 1/3,161,19,34,12,126,76,74,1.31
499,2017,한현희,넥센,4.47,38,5,6,5,5,0.455,106 2/3,105,14,17,17,79,61,53,1.14
500,2017,신재영,넥센,4.54,34,6,7,1,2,0.462,125,137,14,25,16,75,68,63,1.30
501,2017,오주원,넥센,4.76,57,2,7,1,18,0.222,73 2/3,96,10,15,2,56,44,39,1.51
502,2017,하영민,넥센,4.76,28,1,1,0,1,0.500,45 1/3,49,5,30,1,23,24,24,1.74
503,2017,조상우,넥센,4.87,13,5,3,0,2,0.625,44 1/3,53,3,15,1,45,25,24,1.53
504,2017,김성민,넥센,4.93,33,4,3,0,1,0.571,87 2/3,104,12,40,9,75,54,48,1.64
505,2017,이영준,넥센,5.40,10,1,0,0,0,1.000,8 1/3,10,0,4,2,4,5,5,1.68
506,2017,이보근,넥센,5.47,55,6,2,6,18,0.750,52 2/3,62,9,17,0,58,32,32,1.50
507,2017,윤영삼,넥센,5.62,28,1,4,1,0,0.200,49 2/3,67,8,17,0,46,31,31,1.69
508,2017,김정인,넥센,5.93,13,0,0,0,0,-,13 2/3,19,0,4,1,13,10,9,1.68
509,2017,금민철,넥센,6.33,36,4,4,0,3,0.500,54,81,3,33,3,42,40,38,2.11
510,2017,박종윤,넥센,6.75,1,0,0,0,0,-,4,4,0,4,0,2,3,3,2.00
511,2017,정대현,넥센,7.06,17,3,8,0,0,0.273,66 1/3,91,13,23,3,27,55,52,1.72
512,2017,양훈,넥센,7.16,7,2,1,0,1,0.667,16 1/3,24,1,5,2,5,13,13,1.78
513,2017,김홍빈,넥센,7.36,3,0,0,0,0,-,7 1/3,15,0,1,3,4,7,6,2.18
514,2017,김해수,넥센,9.00,1,0,0,0,0,-,1,1,0,1,2,1,1,1,2.00
515,2017,황덕균,넥센,9.60,13,0,1,0,0,0.000,15,26,4,3,2,5,16,16,1.93
516,2017,박정준,넥센,9.64,4,0,0,0,0,-,4 2/3,6,1,1,2,4,5,5,1.50
517,2017,마정길,넥센,10.45,7,0,0,0,0,-,10 1/3,14,3,4,1,7,12,12,1.74
518,2017,오윤성,넥센,11.74,6,0,1,0,0,0.000,7 2/3,9,0,9,1,4,10,10,2.35
519,2017,김건태,넥센,12.00,5,1,0,0,0,1.000,6,13,1,2,0,5,8,8,2.50
520,2017,오설리반,넥센,15.75,3,0,2,0,0,0.000,8,17,2,2,1,6,14,14,2.38
521,2017,박주현,넥센,34.71,2,0,0,0,0,-,2 1/3,9,1,3,0,0,9,9,5.14
522,2017,고봉재,두산,0.00,1,0,0,0,0,-,1,2,0,1,0,0,0,0,3.00
523,2017,성영훈,두산,0.00,1,0,0,0,0,-,1,0,0,1,0,0,0,0,1.00
524,2017,장민익,두산,0.00,3,0,0,0,0,-,2,0,0,2,0,2,0,0,1.00
525,2017,조승수,두산,-,1,0,0,0,0,-,0,0,0,0,2,0,0,0,-
526,2017,장원준,두산,3.14,29,14,9,0,0,0.609,180 1/3,172,12,51,14,125,70,63,1.24
527,2017,김강률,두산,3.44,70,7,2,7,12,0.778,89,89,6,32,3,73,39,34,1.36
528,2017,함덕주,두산,3.67,35,9,8,0,2,0.529,137 1/3,128,8,64,4,139,61,56,1.40
529,2017,이현승,두산,3.98,57,3,2,5,9,0.600,52,62,4,16,4,38,23,23,1.50
530,2017,니퍼트,두산,4.06,30,14,8,0,0,0.636,179 2/3,175,20,77,10,161,88,81,1.40
531,2017,김명신,두산,4.37,39,3,1,0,5,0.750,45 1/3,54,2,12,7,38,23,22,1.46
532,2017,이용찬,두산,4.40,68,5,5,22,2,0.500,71 2/3,83,5,27,4,57,38,35,1.53
533,2017,유희관,두산,4.53,30,11,6,0,1,0.647,188 2/3,228,20,41,10,106,104,95,1.43
534,2017,보우덴,두산,4.64,17,3,5,0,0,0.375,87 1/3,90,15,38,6,51,47,45,1.47
535,2017,김승회,두산,4.96,69,7,4,0,11,0.636,69,86,6,17,6,41,38,38,1.49
536,2017,김성배,두산,5.32,45,2,1,1,4,0.667,44,47,8,9,6,33,26,26,1.27
537,2017,이영하,두산,5.55,20,3,3,0,0,0.500,35 2/3,43,8,16,3,26,22,22,1.65
538,2017,이현호,두산,5.70,24,1,0,0,0,1.000,30,48,6,14,0,19,27,19,2.07
539,2017,전용훈,두산,6.00,7,0,0,0,0,-,9,11,0,2,0,6,7,6,1.44
540,2017,박치국,두산,6.75,21,1,1,0,0,0.500,32,37,3,14,6,23,25,24,1.59
541,2017,홍상삼,두산,7.94,11,1,1,0,0,0.500,17,20,2,11,2,7,17,15,1.82
542,2017,고원준,두산,10.61,5,0,1,0,0,0.000,9 1/3,17,0,8,0,6,11,11,2.68
543,2017,안규영,두산,13.50,5,0,0,0,0,-,5 1/3,7,0,8,0,4,8,8,2.81
544,2017,이용호,두산,27.00,1,0,0,0,0,-,1/3,2,0,2,0,0,1,1,12.00
545,2017,임진우,두산,27.00,1,0,0,0,0,-,1,4,0,1,0,1,3,3,5.00
546,2017,진명호,롯데,0.00,4,0,0,0,0,-,5,1,0,5,0,7,0,0,1.20
547,2017,차재용,롯데,0.00,3,0,0,0,0,-,2 1/3,1,0,0,0,2,0,0,0.43
548,2017,손승락,롯데,2.18,61,1,3,37,0,0.250,62,59,7,11,1,62,16,15,1.13
549,2017,박세웅,롯데,3.68,28,12,6,0,0,0.667,171 1/3,170,21,56,9,117,74,70,1.32
550,2017,린드블럼,롯데,3.72,12,5,3,0,0,0.625,72 2/3,66,10,18,2,76,31,30,1.16
551,2017,레일리,롯데,3.80,30,13,7,0,0,0.650,187 1/3,199,19,44,17,156,87,79,1.30
552,2017,강영식,롯데,3.86,4,0,1,0,0,0.000,2 1/3,4,0,1,0,2,2,1,2.14
553,2017,조정훈,롯데,3.91,26,4,2,0,8,0.667,23,17,1,13,0,25,11,10,1.30
554,2017,송승준,롯데,4.21,30,11,5,0,1,0.688,130 1/3,132,19,41,4,113,63,61,1.33
555,2017,배장호,롯데,4.34,72,8,1,0,6,0.889,66 1/3,70,9,19,8,47,37,32,1.34
556,2017,장시환,롯데,4.38,53,4,4,0,10,0.500,51 1/3,48,6,31,4,57,28,25,1.54
557,2017,김유영,롯데,4.44,40,0,0,0,2,-,48 2/3,52,5,25,3,41,24,24,1.58
558,2017,강동호,롯데,4.79,27,2,1,0,0,0.667,41 1/3,43,8,16,1,26,24,22,1.43
559,2017,박진형,롯데,5.11,45,4,4,2,10,0.500,88,88,8,47,4,95,51,50,1.53
560,2017,이정민,롯데,5.40,24,3,1,0,2,0.750,26 2/3,32,5,9,2,11,17,16,1.54
561,2017,김원중,롯데,5.70,24,7,8,0,0,0.467,107 1/3,130,13,56,10,87,71,68,1.73
562,2017,이명우,롯데,5.74,34,2,0,0,4,1.000,26 2/3,34,3,7,2,15,19,17,1.54
563,2017,애디튼,롯데,5.91,15,2,7,0,0,0.222,70,85,7,25,5,60,54,46,1.57
564,2017,윤길현,롯데,6.41,40,1,4,0,13,0.200,39 1/3,46,3,16,5,43,29,28,1.58
565,2017,박시영,롯데,6.47,47,2,3,0,5,0.400,57,60,14,32,1,52,45,41,1.61
566,2017,노경은,롯데,11.66,9,0,2,0,0,0.000,14 2/3,25,4,8,1,8,19,19,2.25
567,2017,장지훈,삼성,0.00,4,0,0,0,0,-,2 1/3,2,0,1,0,5,0,0,1.29
568,2017,심창민,삼성,4.18,66,4,7,6,16,0.364,75 1/3,55,12,44,7,103,36,35,1.31
569,2017,윤성환,삼성,4.28,28,12,9,0,0,0.571,174 1/3,181,22,37,15,130,86,83,1.25
570,2017,백정현,삼성,4.38,35,8,4,0,3,0.667,100 2/3,110,11,36,6,94,52,49,1.45
571,2017,장필준,삼성,4.68,56,4,8,21,3,0.333,67 1/3,82,6,26,4,82,37,35,1.60
572,2017,임현준,삼성,5.06,11,0,0,0,0,-,10 2/3,11,0,4,2,4,7,6,1.41
573,2017,이승현,삼성,5.12,30,2,0,0,0,1.000,31 2/3,36,9,22,1,25,21,18,1.83
574,2017,권오준,삼성,5.14,45,1,2,0,1,0.333,56,57,11,14,4,55,32,32,1.27
575,2017,우규민,삼성,5.21,27,7,10,0,0,0.412,133,161,19,23,16,100,95,77,1.38
576,2017,장원삼,삼성,5.61,49,4,5,0,6,0.444,67 1/3,96,8,17,5,55,48,42,1.68
577,2017,김승현,삼성,5.77,41,0,3,0,0,0.000,43 2/3,51,7,34,6,37,31,28,1.95
578,2017,페트릭,삼성,6.18,25,3,10,0,0,0.231,134,174,18,52,6,87,95,92,1.69
579,2017,최지광,삼성,6.48,11,0,2,0,0,0.000,25,28,2,22,1,23,20,18,2.00
580,2017,김동호,삼성,6.75,20,0,1,0,0,0.000,36,52,1,21,6,16,27,27,2.03
581,2017,레나도,삼성,6.80,11,2,3,0,0,0.400,49,70,11,27,6,28,46,37,1.98
582,2017,김시현,삼성,7.59,17,0,0,0,0,-,21 1/3,29,4,15,2,16,18,18,2.06
583,2017,최충연,삼성,7.61,42,3,8,0,3,0.273,84,110,12,48,9,74,71,71,1.88
584,2017,안성무,삼성,7.71,5,1,1,0,0,0.500,11 2/3,14,2,10,1,8,10,10,2.06
585,2017,황수범,삼성,8.04,10,1,2,0,0,0.333,31 1/3,45,7,19,2,26,34,28,2.04
586,2017,안규현,삼성,9.00,1,0,0,0,0,-,2,2,0,3,1,1,2,2,2.50
587,2017,임대한,삼성,9.00,12,0,0,0,0,-,14,26,3,15,0,13,17,14,2.93
588,2017,김현우,삼성,9.28,8,0,0,0,0,-,10 2/3,15,4,3,2,11,13,11,1.69
589,2017,박근홍,삼성,9.39,24,0,0,0,1,-,15 1/3,13,2,14,3,14,17,16,1.76
590,2017,김대우,삼성,9.54,25,2,5,0,1,0.286,50,71,7,26,8,28,56,53,1.94
591,2017,정인욱,삼성,9.84,9,1,4,0,0,0.200,32,46,9,14,4,27,37,35,1.88
592,2017,이수민,삼성,10.13,1,0,0,0,0,-,2 2/3,4,0,1,1,1,3,3,1.88
593,2017,김경태,한화,1.42,19,1,0,0,6,1.000,12 2/3,12,0,9,2,17,3,2,1.66
594,2017,정우람,한화,2.75,56,6,4,26,0,0.600,59,47,5,19,4,78,20,18,1.12
595,2017,정재원,한화,3.43,14,0,2,0,1,0.000,21,23,0,11,5,9,12,8,1.62
596,2017,오간도,한화,3.93,19,10,5,0,0,0.667,110,115,8,30,11,74,53,48,1.32
597,2017,박정진,한화,3.94,55,3,2,1,7,0.600,48,38,6,24,3,51,28,21,1.29
598,2017,박상원,한화,4.15,18,0,0,0,1,-,21 2/3,19,3,7,0,13,10,10,1.20
599,2017,이동걸,한화,4.17,24,0,0,1,2,-,36 2/3,36,5,5,3,22,18,17,1.12
600,2017,비야누에바,한화,4.18,20,5,7,0,0,0.417,112,108,12,23,5,68,58,52,1.17
601,2017,송신영,한화,4.26,5,0,0,0,0,-,6 1/3,6,0,0,2,6,3,3,0.95
602,2017,서균,한화,4.40,14,0,0,0,0,-,14 1/3,17,2,3,3,10,7,7,1.40
603,2017,김재영,한화,4.54,20,5,7,0,0,0.417,85 1/3,101,9,19,12,51,51,43,1.41
604,2017,심수창,한화,4.74,48,3,1,2,2,0.750,57,71,8,22,2,54,32,30,1.63
605,2017,배영수,한화,5.06,25,7,8,0,0,0.467,128,155,17,29,13,86,82,72,1.44
606,2017,윤규진,한화,5.22,36,8,7,0,2,0.533,119,138,19,44,4,93,71,69,1.53
607,2017,안영명,한화,5.75,25,1,8,0,0,0.111,87 2/3,123,11,28,5,54,62,56,1.72
608,2017,강승현,한화,5.87,31,0,1,0,1,0.000,38 1/3,42,4,15,0,40,26,25,1.49
609,2017,권혁,한화,6.32,37,1,3,0,11,0.250,31 1/3,39,6,9,5,17,23,22,1.53
610,2017,송은범,한화,6.51,13,0,4,1,0,0.000,37 1/3,45,4,23,3,15,30,27,1.82
611,2017,송창식,한화,6.63,63,5,6,0,15,0.455,73 1/3,77,13,33,5,64,56,54,1.50
612,2017,이태양,한화,7.17,16,3,6,0,0,0.333,59,79,12,26,2,29,49,47,1.78
613,2017,장민재,한화,7.76,33,2,5,0,0,0.286,62 2/3,94,11,23,2,30,60,54,1.87
614,2017,김범수,한화,8.71,15,0,4,0,0,0.000,31,43,7,24,3,16,30,30,2.16
615,2017,김진영,한화,10.13,3,0,0,0,0,-,2 2/3,5,0,2,0,4,3,3,2.63
616,2017,이충호,한화,13.50,21,1,1,0,1,0.500,11 1/3,21,3,12,3,8,18,17,2.91
617,2017,김민우,한화,17.18,4,0,0,0,0,-,7 1/3,20,1,6,3,5,15,14,3.55
618,2017,이민우,KIA,2.84,4,1,1,0,0,0.500,12 2/3,14,2,0,1,9,4,4,1.11
619,2017,임기준,KIA,3.27,15,0,1,1,2,0.000,22,25,1,15,0,12,9,8,1.82
620,2017,양현종,KIA,3.44,31,20,6,0,0,0.769,193 1/3,209,17,45,0,158,88,74,1.31
621,2017,헥터,KIA,3.48,30,20,5,0,0,0.800,201 2/3,221,21,45,5,149,83,78,1.32
622,2017,김명찬,KIA,3.60,6,0,0,0,1,-,5,5,0,2,0,2,2,2,1.40
623,2017,임기영,KIA,3.65,23,8,6,0,0,0.571,118 1/3,138,9,18,6,73,54,48,1.32
624,2017,임창용,KIA,3.78,51,8,6,7,9,0.571,50,51,3,22,5,58,22,21,1.46
625,2017,팻딘,KIA,4.14,30,9,7,0,0,0.563,176,211,22,39,16,143,86,81,1.42
626,2017,고효준,KIA,4.28,40,3,1,0,4,0.750,40,44,1,22,5,35,19,19,1.65
627,2017,김윤동,KIA,4.59,65,7,4,11,6,0.636,80 1/3,70,10,47,5,66,41,41,1.46
628,2017,김세현,KIA,5.40,48,1,5,18,7,0.167,50,65,4,15,2,47,31,30,1.60
629,2017,심동섭,KIA,5.68,52,2,2,2,11,0.500,50 2/3,64,6,21,0,50,34,32,1.68
630,2017,정용운,KIA,5.92,25,3,2,0,0,0.600,59 1/3,56,7,37,7,32,41,39,1.57
631,2017,홍건희,KIA,6.41,31,1,1,0,0,0.500,59,83,5,21,2,41,44,42,1.76
632,2017,박진태,KIA,6.55,38,0,1,3,2,0.000,57 2/3,76,5,19,10,24,45,42,1.65
633,2017,박지훈,KIA,7.07,18,1,1,0,4,0.500,14,16,1,9,1,10,12,11,1.79
634,2017,한승혁,KIA,7.15,36,1,1,1,3,0.500,39,46,4,23,1,42,32,31,1.77
635,2017,김진우,KIA,7.93,14,2,6,0,0,0.250,36 1/3,52,5,23,7,21,33,32,2.06
636,2017,박경태,KIA,9.00,3,0,0,0,0,-,4,7,0,3,0,3,6,4,2.50
637,2017,손영민,KIA,10.80,15,0,1,0,4,0.000,13 1/3,26,4,3,1,9,16,16,2.18
638,2017,정동현,KIA,11.57,1,0,1,0,0,0.000,2 1/3,5,1,2,0,2,3,3,3.00
639,2017,남재현,KIA,11.74,9,0,0,0,0,-,7 2/3,16,1,9,0,8,11,10,3.26
640,2017,김광수,KIA,11.76,19,1,0,0,0,1.000,20 2/3,39,6,3,3,10,31,27,2.03
641,2017,최영필,KIA,20.25,2,0,0,0,0,-,1 1/3,5,0,0,1,1,3,3,3.75
642,2017,배힘찬,KIA,29.70,2,0,1,0,0,0.000,3 1/3,12,3,0,0,4,11,11,3.60
643,2017,김종훈,KIA,36.00,1,0,0,0,0,-,1,4,1,2,0,2,4,4,6.00
644,2017,김도영,KT,0.00,1,0,0,0,0,-,1,1,0,0,0,0,0,0,1.00
645,2017,피어밴드,KT,3.04,26,8,10,0,0,0.444,160,153,20,31,7,132,67,54,1.15
646,2017,윤근영,KT,3.50,12,0,0,0,1,-,18,23,4,5,0,11,9,7,1.56
647,2017,이상화,KT,3.95,70,4,3,6,4,0.571,66,68,4,16,4,57,32,29,1.27
648,2017,엄상백,KT,4.15,52,1,3,0,8,0.250,52,48,3,22,4,39,28,24,1.35
649,2017,로치,KT,4.69,28,4,15,0,0,0.211,165,200,18,60,13,99,106,86,1.58
650,2017,고영표,KT,5.08,25,8,12,0,1,0.400,141 2/3,170,13,16,18,125,84,80,1.31
651,2017,심재민,KT,5.18,64,1,7,0,13,0.125,74 2/3,86,11,31,4,69,48,43,1.57
652,2017,강장산,KT,5.47,17,0,0,0,0,-,26 1/3,27,3,15,4,16,17,16,1.59
653,2017,김재윤,KT,5.79,41,3,5,15,0,0.375,37 1/3,41,1,11,1,31,25,24,1.39
654,2017,홍성용,KT,6.23,37,0,2,0,1,0.000,39,44,7,17,3,22,27,27,1.56
655,2017,주권,KT,6.61,39,5,6,1,3,0.455,81 2/3,101,15,31,6,47,64,60,1.62
656,2017,이종혁,KT,6.63,16,2,0,0,0,1.000,19,25,3,10,5,10,16,14,1.84
657,2017,김사율,KT,7.27,19,3,3,0,2,0.500,34 2/3,51,7,8,1,28,30,28,1.70
658,2017,조무근,KT,7.36,16,0,0,0,3,-,14 2/3,21,2,3,1,9,13,12,1.64
659,2017,류희운,KT,7.67,24,4,4,0,0,0.500,81,99,18,53,8,52,72,69,1.88
660,2017,정성곤,KT,8.11,26,3,12,0,0,0.200,107 2/3,151,20,41,6,72,99,97,1.78
661,2017,배우열,KT,8.65,26,0,2,0,3,0.000,34 1/3,58,7,9,4,33,33,33,1.95
662,2017,배제성,KT,8.72,21,0,0,0,0,-,32,46,4,23,2,21,32,31,2.16
663,2017,박세진,KT,9.53,4,0,2,0,0,0.000,11 1/3,16,0,6,2,8,12,12,1.94
664,2017,홍성무,KT,12.79,7,0,1,0,0,0.000,6 1/3,11,1,6,0,4,9,9,2.68
665,2017,최원재,KT,13.50,4,1,0,0,0,1.000,2,6,1,1,1,2,3,3,3.50
666,2017,조근종,KT,22.50,1,0,0,0,0,-,2,6,1,1,0,5,5,5,3.50
667,2017,신승현,LG,0.00,3,0,0,0,0,-,3 2/3,1,0,0,1,1,0,0,0.27
668,2017,여건욱,LG,0.00,3,0,0,0,1,-,3 1/3,4,0,3,0,3,0,0,2.10
669,2017,허프,LG,2.38,19,6,4,0,0,0.600,124 2/3,100,7,14,2,98,37,33,0.91
670,2017,임정우,LG,2.70,17,0,0,0,1,-,16 2/3,14,1,6,1,17,6,5,1.20
671,2017,차우찬,LG,3.43,28,10,7,0,0,0.588,175 2/3,171,20,38,7,157,75,67,1.19
672,2017,유재유,LG,3.60,3,0,0,0,0,-,5,6,0,4,0,1,2,2,2.00
673,2017,윤지웅,LG,3.86,34,1,1,1,3,0.500,35,39,4,10,4,22,20,15,1.40
674,2017,소사,LG,3.88,30,11,11,1,0,0.500,185 1/3,189,11,38,3,153,86,80,1.22
675,2017,진해수,LG,3.93,75,3,3,1,24,0.500,52 2/3,52,6,15,2,48,23,23,1.27
676,2017,최성훈,LG,4.09,32,0,0,1,3,-,22,25,2,11,4,16,12,10,1.64
677,2017,고우석,LG,4.50,25,0,0,0,1,-,26,30,2,11,2,23,13,13,1.58
678,2017,손주영,LG,4.50,5,0,0,0,0,-,6,6,0,1,1,5,3,3,1.17
679,2017,임찬규,LG,4.63,27,6,10,0,0,0.375,124 1/3,133,12,45,24,113,70,64,1.43
680,2017,이동현,LG,4.80,45,3,6,7,5,0.333,50 2/3,52,4,10,3,39,30,27,1.22
681,2017,김지용,LG,5.09,53,4,3,3,8,0.571,53,59,13,14,2,39,33,30,1.38
682,2017,신정락,LG,5.34,63,3,5,10,12,0.375,59,61,4,24,10,58,42,35,1.44
683,2017,류제국,LG,5.35,25,8,6,0,0,0.571,131 1/3,140,10,55,19,107,87,78,1.48
684,2017,김대현,LG,5.36,26,5,7,0,0,0.417,94,95,13,32,6,49,59,56,1.35
685,2017,최동환,LG,5.68,35,1,2,1,5,0.333,38,39,9,15,5,31,26,24,1.42
686,2017,정찬헌,LG,5.84,61,8,7,7,3,0.533,61 2/3,75,5,25,4,57,43,40,1.62
687,2017,유원상,LG,6.14,6,0,0,0,0,-,7 1/3,8,0,4,2,1,6,5,1.64
688,2017,배민관,LG,9.82,4,0,0,0,0,-,3 2/3,6,1,4,0,2,4,4,2.73
689,2017,류재인,NC,0.00,1,0,0,0,0,-,2/3,1,0,0,0,0,0,0,1.50
690,2017,이형범,NC,3.07,14,1,2,0,0,0.333,29 1/3,26,2,13,5,14,12,10,1.33
691,2017,해커,NC,3.42,26,12,7,0,0,0.632,160 1/3,159,14,29,14,97,64,61,1.17
692,2017,김진성,NC,3.61,69,10,6,0,15,0.625,89 2/3,72,13,27,2,98,38,36,1.10
693,2017,맨쉽,NC,3.67,21,12,4,0,0,0.750,112 2/3,112,7,33,7,86,51,46,1.29
694,2017,임창민,NC,3.68,60,4,3,29,0,0.571,66,60,10,23,1,62,27,27,1.26
695,2017,이민호,NC,4.06,60,5,1,3,6,0.833,88 2/3,88,10,30,8,86,46,40,1.33
696,2017,원종현,NC,4.39,68,3,6,0,22,0.333,80,86,4,19,7,69,44,39,1.31
697,2017,강윤구,NC,4.45,36,2,1,0,0,0.667,54 2/3,57,14,24,2,51,30,27,1.48
698,2017,임정호,NC,4.45,59,1,0,0,7,1.000,30 1/3,30,3,14,2,33,19,15,1.45
699,2017,장현식,NC,5.29,31,9,9,0,0,0.500,134 1/3,139,18,66,5,120,86,79,1.53
700,2017,구창모,NC,5.32,31,7,10,0,0,0.412,115,138,18,50,5,118,80,68,1.63
701,2017,윤수호,NC,5.36,40,2,1,0,1,0.667,47,41,3,30,4,42,31,28,1.51
702,2017,이재학,NC,5.67,28,5,7,0,0,0.417,119,142,22,41,13,117,88,75,1.54
703,2017,민태호,NC,6.23,7,0,0,0,0,-,8 2/3,10,1,3,2,7,6,6,1.50
704,2017,정수민,NC,6.75,15,1,1,0,0,0.500,28,31,7,16,1,28,21,21,1.68
705,2017,최금강,NC,7.33,39,5,3,0,0,0.625,89 2/3,111,15,34,12,51,79,73,1.62
706,2017,배재환,NC,9.00,3,0,1,0,0,0.000,8,13,4,6,0,4,8,8,2.38
707,2017,최성영,NC,9.53,7,0,0,0,0,-,11 1/3,17,4,7,2,8,12,12,2.12
708,2017,백인식,SK,2.41,11,0,0,2,2,-,18 2/3,15,0,5,4,10,5,5,1.07
709,2017,신재웅,SK,3.19,32,0,1,2,4,0.000,31,23,3,15,0,29,11,11,1.23
710,2017,박정배,SK,3.57,61,5,3,7,16,0.625,68,58,9,33,3,49,32,27,1.34
711,2017,켈리,SK,3.60,30,16,7,0,0,0.696,190,204,16,45,11,189,85,76,1.31
712,2017,서진용,SK,3.91,42,2,3,3,3,0.400,46,43,4,23,0,55,21,20,1.43
713,2017,박종훈,SK,4.10,29,12,7,0,1,0.632,151 1/3,145,16,61,25,107,74,69,1.36
714,2017,다이아몬드,SK,4.42,24,10,7,0,0,0.588,134 1/3,163,11,35,9,59,69,66,1.47
715,2017,임준혁,SK,4.57,43,0,0,1,2,-,45 1/3,54,4,29,5,30,27,23,1.83
716,2017,문승원,SK,5.33,29,6,12,0,0,0.333,155 1/3,181,25,54,11,86,98,92,1.51
717,2017,김주한,SK,5.94,63,6,5,5,11,0.545,69 2/3,82,10,32,5,45,51,46,1.64
718,2017,윤희상,SK,6.00,23,6,7,0,0,0.462,120,149,16,33,10,82,85,80,1.52
719,2017,김태훈,SK,6.53,21,2,2,0,3,0.500,41 1/3,61,8,19,3,34,34,30,1.94
720,2017,전유수,SK,6.53,18,0,0,0,1,-,20 2/3,28,1,13,3,20,16,15,1.98
721,2017,박희수,SK,6.63,48,2,6,8,9,0.250,38,49,8,19,4,29,29,28,1.79
722,2017,채병용,SK,6.84,43,6,4,0,6,0.600,50,62,8,15,3,43,40,38,1.54
723,2017,문광은,SK,7.05,46,2,4,2,5,0.333,44 2/3,51,5,20,4,41,36,35,1.59
724,2017,허건엽,SK,8.64,8,0,0,0,0,-,8 1/3,15,1,2,0,3,9,8,2.04
725,2017,김정빈,SK,9.00,2,0,0,0,0,-,3,2,0,4,0,3,3,3,2.00
726,2017,임치영,SK,9.00,1,0,0,0,0,-,1,3,0,0,0,1,1,1,3.00
727,2017,정동윤,SK,9.00,2,0,0,0,0,-,3,5,1,1,1,1,3,3,2.00
728,2017,김대유,SK,9.64,6,0,0,0,0,-,4 2/3,8,1,2,0,3,5,5,2.14
729,2017,정영일,SK,10.13,9,0,0,0,0,-,8,12,3,6,1,2,12,9,2.25
730,2017,김찬호,SK,11.81,5,0,0,0,0,-,5 1/3,10,0,5,1,6,7,7,2.81
731,2017,이건욱,SK,33.75,2,0,0,0,0,-,1 1/3,4,1,3,0,1,5,5,5.25
732,2018,문성현,넥센,0.00,1,0,0,0,0,-,1,1,0,1,0,1,0,0,2.00
733,2018,박정준,넥센,0.00,2,0,0,0,0,-,2,0,0,1,2,2,1,0,0.50
734,2018,이상민,넥센,0.00,4,0,0,0,0,-,4 2/3,3,0,1,0,2,0,0,0.86
735,2018,양현,넥센,3.58,33,1,1,0,5,0.500,32 2/3,31,4,13,1,20,13,13,1.35
736,2018,조상우,넥센,3.79,18,1,2,9,0,0.333,19,16,1,6,2,23,11,8,1.16
737,2018,로저스,넥센,3.80,13,5,4,0,0,0.556,83,89,7,16,5,65,40,35,1.27
738,2018,브리검,넥센,3.84,31,11,7,0,1,0.611,199,188,19,50,19,175,89,85,1.20
739,2018,최원태,넥센,3.95,23,13,7,0,0,0.650,134 1/3,144,8,35,11,101,62,59,1.33
740,2018,이보근,넥센,4.28,64,7,6,0,24,0.538,61,66,6,14,4,54,36,29,1.31
741,2018,한현희,넥센,4.79,30,11,7,0,0,0.611,169,208,22,49,20,105,98,90,1.52
742,2018,윤영삼,넥센,4.85,22,1,0,2,0,1.000,29 2/3,31,2,8,1,32,18,16,1.31
743,2018,김상수,넥센,5.17,58,2,3,18,14,0.400,55 2/3,53,9,23,1,68,32,32,1.37
744,2018,해커,넥센,5.20,14,5,3,0,0,0.625,79 2/3,86,16,30,5,56,49,46,1.46
745,2018,이승호,넥센,5.60,32,1,3,0,4,0.250,45,44,8,22,5,38,28,28,1.47
746,2018,김동준,넥센,6.04,33,2,2,2,1,0.500,47 2/3,61,10,18,4,36,33,32,1.66
747,2018,김성민,넥센,6.19,46,2,1,0,5,0.667,48,61,6,21,3,45,38,33,1.71
748,2018,오주원,넥센,6.19,61,3,6,1,15,0.333,52 1/3,61,8,13,1,36,37,36,1.41
749,2018,신재영,넥센,6.75,26,8,9,0,1,0.471,101 1/3,133,31,23,8,53,80,76,1.54
750,2018,안우진,넥센,7.19,20,2,4,0,1,0.333,41 1/3,46,6,28,3,46,35,33,1.79
751,2018,조덕길,넥센,7.43,25,0,0,0,0,-,26 2/3,35,6,13,0,25,24,22,1.80
752,2018,하영민,넥센,7.71,9,0,2,0,0,0.000,16 1/3,30,3,7,1,10,18,14,2.27
753,2018,김선기,넥센,7.94,21,0,1,0,1,0.000,22 2/3,34,5,16,0,21,22,20,2.21
754,2018,김정인,넥센,8.59,2,0,1,0,0,0.000,7 1/3,14,1,3,1,4,7,7,2.32
755,2018,이영준,넥센,22.50,2,0,0,0,0,-,2,6,0,3,0,2,5,5,4.50
756,2018,서의태,넥센,54.00,1,0,0,0,0,-,2/3,1,0,2,1,1,4,4,4.50
757,2018,린드블럼,두산,2.88,26,15,4,0,0,0.789,168 2/3,142,16,38,8,157,56,54,1.07
758,2018,함덕주,두산,2.96,62,6,3,27,3,0.667,67,58,4,37,4,75,23,22,1.42
759,2018,박신지,두산,3.00,17,1,2,0,0,0.333,21,14,4,9,1,16,7,7,1.10
760,2018,김승회,두산,3.46,55,3,4,3,11,0.429,54 2/3,54,6,23,5,34,26,21,1.41
761,2018,이용찬,두산,3.63,25,15,3,0,0,0.833,144,151,14,36,8,102,62,58,1.30
762,2018,박치국,두산,3.63,67,1,5,3,17,0.167,67,80,5,15,9,60,30,27,1.42
763,2018,김정후,두산,3.63,13,0,1,0,0,0.000,17 1/3,12,3,12,1,12,8,7,1.38
764,2018,후랭코프,두산,3.74,28,18,3,0,0,0.857,149 1/3,118,12,55,22,134,64,62,1.16
765,2018,홍상삼,두산,4.30,17,1,0,0,0,1.000,14 2/3,13,1,12,2,13,7,7,1.70
766,2018,김강률,두산,4.62,65,5,0,6,11,1.000,76,72,7,24,3,81,42,39,1.26
767,2018,이현승,두산,4.99,39,1,0,0,6,1.000,30 2/3,39,4,14,1,21,18,17,1.73
768,2018,이영하,두산,5.28,40,10,3,0,2,0.769,122 2/3,140,15,54,9,90,75,72,1.58
769,2018,강동연,두산,5.40,8,1,0,0,0,1.000,11 2/3,10,2,5,0,5,8,7,1.29
770,2018,이현호,두산,6.11,15,0,0,1,0,-,28,37,4,13,1,23,19,19,1.79
771,2018,유희관,두산,6.70,29,10,10,0,0,0.500,141,197,23,42,4,81,108,105,1.70
772,2018,한주성,두산,6.75,3,0,0,0,0,-,4,8,0,1,1,1,3,3,2.25
773,2018,유재유,두산,7.11,5,0,1,0,0,0.000,6 1/3,11,1,3,3,5,5,5,2.21
774,2018,현도훈,두산,7.27,3,0,1,0,0,0.000,8 2/3,11,2,6,1,5,7,7,1.96
775,2018,곽빈,두산,7.55,32,3,1,1,4,0.750,31,44,6,17,3,26,26,26,1.97
776,2018,박성모,두산,9.00,2,0,1,0,0,0.000,2,4,1,0,1,1,2,2,2.00
777,2018,윤수호,두산,9.24,17,0,1,0,0,0.000,25 1/3,33,4,17,1,19,31,26,1.97
778,2018,장원준,두산,9.92,24,3,7,0,2,0.300,71 2/3,101,12,33,11,46,81,79,1.87
779,2018,변진수,두산,10.13,10,0,0,0,0,-,10 2/3,16,2,2,4,8,12,12,1.69
780,2018,최원준,두산,10.61,6,0,0,0,0,-,9 1/3,22,2,0,5,5,16,11,2.36
781,2018,최대성,두산,11.70,8,0,0,0,0,-,10,15,3,8,0,10,13,13,2.30
782,2018,장민익,두산,27.00,3,0,0,0,0,-,2,5,3,2,1,2,6,6,3.50
783,2018,허준혁,두산,27.00,1,0,1,0,0,0.000,1 2/3,4,0,3,0,1,5,5,4.20
784,2018,김민규,두산,54.00,1,0,0,0,0,-,1/3,1,0,2,0,0,2,2,9.00
785,2018,김건국,롯데,2.53,5,1,0,0,0,1.000,10 2/3,11,1,0,1,9,3,3,1.03
786,2018,구승민,롯데,3.67,64,7,4,0,14,0.636,73 2/3,62,12,31,3,75,33,30,1.26
787,2018,오현택,롯데,3.76,72,3,2,0,25,0.600,64 2/3,66,11,12,3,63,32,27,1.21
788,2018,손승락,롯데,3.90,57,3,5,28,0,0.375,57 2/3,53,1,20,1,60,26,25,1.27
789,2018,노경은,롯데,4.08,33,9,6,0,0,0.600,132 1/3,127,18,30,4,89,65,60,1.19
790,2018,진명호,롯데,4.38,60,5,4,1,9,0.556,61 2/3,53,7,46,1,65,34,30,1.61
791,2018,윤길현,롯데,4.64,32,1,2,0,4,0.333,33,33,4,15,0,29,18,17,1.45
792,2018,장시환,롯데,4.66,32,1,0,0,2,1.000,36 2/3,39,5,19,3,44,23,19,1.58
793,2018,레일리,롯데,4.74,30,11,13,0,0,0.458,178 1/3,180,24,54,18,178,106,94,1.31
794,2018,듀브론트,롯데,4.92,25,6,9,0,0,0.400,137 1/3,162,13,62,8,109,82,75,1.63
795,2018,이명우,롯데,5.32,59,0,1,0,2,0.000,44,59,1,9,0,25,36,26,1.55
796,2018,배장호,롯데,5.92,25,1,1,0,0,0.500,24 1/3,29,3,10,2,13,18,16,1.60
797,2018,송승준,롯데,6.15,22,3,4,0,0,0.429,79,93,8,35,4,68,58,54,1.62
798,2018,정성종,롯데,6.16,10,0,1,0,0,0.000,19,19,2,8,1,12,13,13,1.42
799,2018,박진형,롯데,6.23,13,3,2,0,1,0.600,13,23,1,8,1,11,12,9,2.38
800,2018,윤성빈,롯데,6.39,18,2,5,0,0,0.286,50 2/3,51,5,36,3,65,36,36,1.72
801,2018,정태승,롯데,6.75,3,0,0,0,0,-,2 2/3,4,0,3,0,3,4,2,2.63
802,2018,김원중,롯데,6.94,30,8,7,0,0,0.533,145 1/3,173,28,77,11,137,115,112,1.72
803,2018,고효준,롯데,6.96,43,2,3,0,7,0.400,32 1/3,33,3,23,0,39,27,25,1.73
804,2018,박시영,롯데,8.54,21,0,0,0,0,-,26 1/3,35,6,14,1,19,27,25,1.86
805,2018,박세웅,롯데,9.92,14,1,5,0,0,0.167,49,83,10,29,4,40,54,54,2.29
806,2018,홍성민,롯데,12.27,4,0,0,0,0,-,3 2/3,6,1,1,0,3,5,5,1.91
807,2018,김대우,롯데,13.50,5,0,0,0,0,-,3 1/3,8,2,1,0,2,5,5,2.70
808,2018,조무근,롯데,13.50,2,1,0,0,0,1.000,2/3,2,0,1,2,1,1,1,4.50
809,2018,조정훈,롯데,16.62,7,0,0,0,0,-,4 1/3,6,0,4,2,5,13,8,2.31
810,2018,장지훈,삼성,0.00,1,0,0,0,0,-,1,1,0,0,0,1,0,0,1.00
811,2018,최채흥,삼성,3.21,8,4,1,0,0,0.800,28,30,5,8,1,25,11,10,1.36
812,2018,정인욱,삼성,3.48,19,1,0,0,0,1.000,31,31,3,9,3,27,17,12,1.29
813,2018,최충연,삼성,3.60,70,2,6,8,16,0.250,85,73,6,26,2,101,34,34,1.16
814,2018,임현준,삼성,3.90,40,0,1,0,3,0.000,27 2/3,20,3,11,5,26,12,12,1.12
815,2018,권오준,삼성,3.95,47,3,1,1,2,0.750,43 1/3,43,7,12,3,52,21,19,1.27
816,2018,심창민,삼성,4.07,59,5,2,17,5,0.714,66 1/3,57,12,22,9,68,32,30,1.19
817,2018,우규민,삼성,4.30,48,4,1,0,10,0.800,58 2/3,70,6,12,5,48,28,28,1.40
818,2018,장필준,삼성,4.34,61,5,5,6,13,0.500,66 1/3,65,6,25,6,74,35,32,1.36
819,2018,김승현,삼성,4.45,28,1,3,0,2,0.250,32 1/3,48,3,15,5,29,18,16,1.95
820,2018,백정현,삼성,4.58,25,7,7,1,0,0.500,125 2/3,142,18,36,3,99,68,64,1.42
821,2018,양창섭,삼성,5.05,19,7,6,0,0,0.538,87 1/3,100,12,34,10,49,52,49,1.53
822,2018,아델만,삼성,5.05,31,8,12,0,0,0.400,171,202,20,54,11,137,101,96,1.50
823,2018,보니야,삼성,5.30,29,7,10,0,0,0.412,168,193,23,63,12,151,111,99,1.52
824,2018,장원삼,삼성,6.16,8,3,1,0,0,0.750,38,47,4,13,1,27,27,26,1.58
825,2018,한기주,삼성,6.69,33,1,4,0,3,0.200,39,54,8,12,5,30,32,29,1.69
826,2018,윤성환,삼성,6.98,24,5,9,0,0,0.357,117 1/3,164,28,32,9,89,99,91,1.67
827,2018,박근홍,삼성,7.43,22,2,0,0,0,1.000,23,28,3,12,6,27,21,19,1.74
828,2018,김대우,삼성,7.93,8,2,2,0,0,0.500,36 1/3,53,7,18,3,15,34,32,1.95
829,2018,이승현,삼성,7.94,19,1,1,0,2,0.500,17,23,4,7,2,14,15,15,1.76
830,2018,김용하,삼성,9.00,4,0,0,0,0,-,3,2,0,4,3,4,4,3,2.00
831,2018,최지광,삼성,11.42,6,0,0,0,0,-,8 2/3,11,0,7,0,7,12,11,2.08
832,2018,안성무,삼성,11.57,2,0,0,0,0,-,2 1/3,3,2,1,0,5,3,3,1.71
833,2018,황수범,삼성,11.57,2,0,0,0,0,-,2 1/3,3,0,6,0,2,3,3,3.86
834,2018,김시현,삼성,12.60,4,0,0,0,0,-,5,10,2,2,2,5,7,7,2.40
835,2018,김기태,삼성,27.00,1,0,0,0,0,-,1 2/3,4,3,0,1,2,5,5,2.40
836,2018,김종수,한화,1.80,3,0,0,0,0,-,5,3,1,0,0,1,1,1,0.60
837,2018,박상원,한화,2.10,69,4,2,0,9,0.667,60,59,3,21,4,62,17,14,1.33
838,2018,송은범,한화,2.50,68,7,4,1,10,0.636,79 1/3,77,2,33,5,61,29,22,1.39
839,2018,이태양,한화,2.84,63,4,2,0,12,0.667,79 1/3,66,10,23,4,85,30,25,1.12
840,2018,정우람,한화,3.40,55,5,3,35,0,0.625,53,49,6,12,2,56,22,20,1.15
841,2018,김성훈,한화,3.58,10,0,2,0,0,0.000,27 2/3,25,2,11,3,28,12,11,1.30
842,2018,임준섭,한화,4.32,10,1,0,0,0,1.000,8 1/3,8,1,6,1,6,4,4,1.68
843,2018,헤일,한화,4.34,12,3,4,0,0,0.429,66 1/3,68,8,17,4,55,35,32,1.28
844,2018,장민재,한화,4.68,34,6,2,0,1,0.750,59 2/3,62,7,23,1,42,33,31,1.42
845,2018,샘슨,한화,4.68,30,13,8,0,0,0.619,161 2/3,144,17,79,5,195,91,84,1.38
846,2018,권혁,한화,4.91,16,1,1,0,3,0.500,11,9,2,4,0,11,6,6,1.18
847,2018,송창식,한화,4.97,12,1,0,0,1,1.000,12 2/3,15,2,4,1,8,7,7,1.50
848,2018,휠러,한화,5.13,19,3,9,0,0,0.250,101 2/3,128,12,34,10,94,62,58,1.59
849,2018,강승현,한화,5.40,2,0,0,0,0,-,1 2/3,3,1,0,0,2,1,1,1.80
850,2018,김재영,한화,5.66,29,6,4,0,1,0.600,111 1/3,136,15,37,12,56,74,70,1.55
851,2018,안영명,한화,5.73,53,8,2,0,8,0.800,66,83,12,15,4,48,44,42,1.48
852,2018,김범수,한화,5.77,55,4,4,0,7,0.500,48 1/3,52,7,29,1,54,33,31,1.68
853,2018,서균,한화,5.79,56,1,1,1,10,0.500,37 1/3,39,7,16,7,22,26,24,1.47
854,2018,윤규진,한화,5.89,18,2,6,0,0,0.250,84,99,14,30,6,81,63,55,1.54
855,2018,김진욱,한화,6.35,3,0,0,0,0,-,5 2/3,6,0,3,3,4,4,4,1.59
856,2018,김민우,한화,6.52,23,5,9,0,0,0.357,99 1/3,133,19,41,8,73,79,72,1.75
857,2018,배영수,한화,6.63,11,2,3,0,0,0.400,55 2/3,69,6,15,6,47,42,41,1.51
858,2018,김진영,한화,7.94,4,0,0,0,0,-,11 1/3,13,1,4,0,9,10,10,1.50
859,2018,박주홍,한화,8.68,22,1,1,0,0,0.500,18 2/3,26,4,10,2,18,18,18,1.93
860,2018,심수창,한화,15.43,3,0,0,0,0,-,2 1/3,7,2,0,0,2,4,4,3.00
861,2018,김경태,한화,16.88,3,0,0,0,0,-,2 2/3,4,2,5,0,2,5,5,3.38
862,2018,이동걸,한화,18.00,1,0,0,0,0,-,2,5,1,0,0,2,4,4,2.50
863,2018,고영창,KIA,-,2,0,0,0,0,-,0,4,0,1,1,0,6,6,-
864,2018,박준표,KIA,0.00,1,0,0,0,0,-,2,0,0,2,0,2,0,0,1.00
865,2018,임기준,KIA,3.54,55,5,1,2,8,0.833,56,59,7,23,3,45,27,22,1.46
866,2018,김윤동,KIA,3.70,64,7,6,4,18,0.538,82 2/3,71,9,54,2,79,39,34,1.51
867,2018,양현종,KIA,4.15,29,13,11,0,0,0.542,184 1/3,199,21,43,2,152,88,85,1.31
868,2018,유승철,KIA,4.37,39,1,0,1,3,1.000,47 1/3,49,5,29,4,44,25,23,1.65
869,2018,헥터,KIA,4.60,29,11,10,0,0,0.524,174,209,25,36,4,137,102,89,1.41
870,2018,문경찬,KIA,4.72,32,0,3,0,0,0.000,55 1/3,62,10,17,2,46,29,29,1.43
871,2018,황인준,KIA,4.96,37,3,1,0,1,0.750,52 2/3,58,9,12,6,35,31,29,1.33
872,2018,임창용,KIA,5.42,37,5,5,4,4,0.500,86 1/3,92,16,29,11,84,54,52,1.40
873,2018,박경태,KIA,5.68,4,0,0,0,0,-,6 1/3,7,0,2,1,6,5,4,1.42
874,2018,한승혁,KIA,5.83,21,7,3,0,0,0.700,88,105,8,44,4,65,62,57,1.69
875,2018,전상현,KIA,6.10,5,0,0,0,0,-,10 1/3,19,1,5,0,7,7,7,2.32
876,2018,임기영,KIA,6.26,29,8,9,0,2,0.471,105,145,20,34,12,68,79,73,1.70
877,2018,팻딘,KIA,6.26,36,6,7,0,2,0.462,129 1/3,174,23,27,4,101,96,90,1.55
878,2018,정용운,KIA,6.30,3,1,0,0,0,1.000,10,10,1,8,0,5,7,7,1.80
879,2018,심동섭,KIA,6.35,7,0,0,0,1,-,5 2/3,7,0,3,0,5,4,4,1.76
880,2018,김세현,KIA,6.75,40,1,6,4,0,0.143,40,56,4,17,2,32,32,30,1.83
881,2018,윤석민,KIA,6.75,28,0,8,11,0,0.000,40,55,9,10,0,29,32,30,1.63
882,2018,이민우,KIA,7.17,30,2,3,0,4,0.400,37 2/3,52,4,23,5,28,34,30,1.99
883,2018,하준영,KIA,9.20,15,0,0,0,0,-,14 2/3,16,3,8,1,12,15,15,1.64
884,2018,김유신,KIA,9.69,10,0,0,0,0,-,13,13,0,6,1,6,14,14,1.46
885,2018,홍건희,KIA,10.26,11,0,1,0,0,0.000,16 2/3,32,4,7,1,13,20,19,2.34
886,2018,박정수,KIA,11.48,11,0,0,0,0,-,13 1/3,17,2,5,3,16,18,17,1.65
887,2018,배제성,KT,0.00,3,0,0,0,0,-,4,3,0,1,0,2,1,0,1.00
888,2018,배우열,KT,1.59,5,0,0,0,0,-,5 2/3,7,0,3,0,9,2,1,1.76
889,2018,이상화,KT,2.61,11,0,0,2,3,-,10 1/3,6,0,5,1,14,3,3,1.06
890,2018,정성곤,KT,2.96,24,1,0,0,5,1.000,24 1/3,23,3,11,0,23,8,8,1.40
891,2018,니퍼트,KT,4.25,29,8,8,0,0,0.500,175 2/3,209,26,39,9,165,88,83,1.41
892,2018,피어밴드,KT,4.30,27,8,8,0,0,0.500,163 1/3,186,24,38,6,141,90,78,1.37
893,2018,김재윤,KT,4.57,62,7,5,15,0,0.583,61,76,11,15,1,66,34,31,1.49
894,2018,심재민,KT,4.61,44,4,5,2,3,0.444,41,47,5,17,2,36,25,21,1.56
895,2018,이종혁,KT,4.66,47,0,5,1,4,0.000,48 1/3,61,4,17,2,31,28,25,1.61
896,2018,류희운,KT,4.91,29,1,1,0,1,0.500,44,53,11,14,2,28,25,24,1.52
897,2018,김민,KT,5.06,9,4,2,0,0,0.667,37 1/3,40,4,25,6,25,26,21,1.74
898,2018,고영표,KT,5.13,25,6,9,0,0,0.400,142,175,17,25,14,134,91,81,1.41
899,2018,홍성용,KT,5.40,56,2,1,1,6,0.667,45,49,7,16,5,42,28,27,1.44
900,2018,금민철,KT,5.41,29,8,12,0,0,0.400,156 1/3,212,19,68,7,79,104,94,1.79
901,2018,엄상백,KT,5.44,55,1,8,2,12,0.111,46 1/3,51,4,17,8,44,33,28,1.47
902,2018,김사율,KT,5.76,29,1,2,0,0,0.333,45 1/3,56,12,10,2,35,32,29,1.46
903,2018,김태오,KT,6.00,8,1,2,0,0,0.333,21,32,4,9,2,14,16,14,1.95
904,2018,고창성,KT,6.69,42,2,0,0,5,1.000,37 2/3,57,7,11,5,23,29,28,1.81
905,2018,신병률,KT,7.01,21,0,0,1,2,-,25 2/3,35,6,7,3,14,22,20,1.64
906,2018,주권,KT,8.39,46,3,9,0,4,0.250,88,118,16,27,7,54,85,82,1.65
907,2018,김민수,KT,9.00,2,0,0,0,0,-,1,1,0,1,0,1,1,1,2.00
908,2018,윤근영,KT,9.72,17,1,0,0,0,1.000,16 2/3,26,3,10,0,17,19,18,2.16
909,2018,박세진,KT,10.68,8,1,5,0,0,0.167,30 1/3,47,10,19,2,24,37,36,2.18
910,2018,최건,KT,13.50,2,0,0,0,0,-,2,5,0,2,0,2,3,3,3.50
911,2018,김용주,KT,18.00,1,0,0,0,0,-,2,5,1,2,0,2,4,4,3.50
912,2018,성동현,LG,0.00,1,1,0,0,0,1.000,1/3,1,0,0,0,0,0,0,3.00
913,2018,임정우,LG,0.00,2,0,0,0,0,-,2/3,1,0,2,0,1,0,0,4.50
914,2018,배민관,LG,1.64,8,0,0,0,0,-,11,9,0,4,2,11,2,2,1.18
915,2018,윌슨,LG,3.07,26,9,4,0,0,0.692,170,158,11,35,6,149,63,58,1.14
916,2018,소사,LG,3.52,27,9,9,0,0,0.500,181 1/3,192,16,28,4,181,83,71,1.21
917,2018,최성훈,LG,3.78,24,0,0,0,3,-,16 2/3,17,4,9,1,14,7,7,1.56
918,2018,윤지웅,LG,4.26,10,0,0,0,0,-,6 1/3,9,0,3,3,4,4,3,1.89
919,2018,김영준,LG,4.35,14,2,1,0,0,0.667,20 2/3,19,3,15,3,16,12,10,1.65
920,2018,배재준,LG,4.42,16,1,0,0,0,1.000,38 2/3,34,3,20,1,41,24,19,1.40
921,2018,최동환,LG,4.62,28,1,0,0,1,1.000,37,33,6,11,3,28,19,19,1.19
922,2018,여건욱,LG,4.76,18,0,0,0,0,-,22 2/3,27,1,8,4,15,13,12,1.54
923,2018,전인환,LG,4.76,5,0,0,0,0,-,5 2/3,7,0,3,0,4,3,3,1.76
924,2018,정찬헌,LG,4.85,66,5,3,27,0,0.625,65,76,5,24,7,50,36,35,1.54
925,2018,김지용,LG,5.36,48,5,6,1,13,0.455,47,52,10,9,2,42,30,28,1.30
926,2018,김태형,LG,5.40,2,0,0,0,0,-,1 2/3,2,1,1,0,1,1,1,1.80
927,2018,임찬규,LG,5.77,29,11,11,1,0,0.500,146 2/3,195,23,47,13,125,104,94,1.65
928,2018,신정락,LG,5.86,49,3,7,0,5,0.300,50 2/3,59,5,17,6,56,37,33,1.50
929,2018,고우석,LG,5.91,56,3,5,0,3,0.375,67,69,10,37,5,44,51,44,1.58
930,2018,차우찬,LG,6.09,29,12,10,0,0,0.545,170,177,27,79,10,136,119,115,1.51
931,2018,진해수,LG,7.21,66,2,3,0,14,0.400,43 2/3,63,7,13,4,37,37,35,1.74
932,2018,김대현,LG,7.54,25,2,10,0,0,0.167,105,145,15,48,9,64,95,88,1.84
933,2018,이동현,LG,7.93,36,2,1,0,4,0.667,36 1/3,49,6,7,3,23,35,32,1.54
934,2018,손주영,LG,8.49,4,0,2,0,0,0.000,11 2/3,13,0,14,2,7,11,11,2.31
935,2018,문광은,LG,12.15,6,0,1,0,0,0.000,6 2/3,11,3,5,0,5,9,9,2.40
936,2018,임지섭,LG,25.07,2,0,2,0,0,0.000,4 2/3,11,3,7,0,4,13,13,3.86
937,2018,김태형,LG,36.00,1,0,0,0,0,-,1,2,0,4,0,0,4,4,6.00
938,2018,이우찬,LG,54.00,3,0,0,0,0,-,2/3,3,0,3,1,0,4,4,9.00
939,2018,심규범,NC,0.00,1,0,0,0,0,-,2/3,1,0,0,0,0,0,0,1.50
940,2018,이우석,NC,0.00,1,0,0,0,0,-,1/3,0,0,1,0,1,0,0,3.00
941,2018,김재균,NC,3.18,4,0,0,0,0,-,5 2/3,3,0,9,0,4,3,2,2.12
942,2018,박진우,NC,3.66,11,1,0,0,1,1.000,19 2/3,18,2,5,2,15,8,8,1.17
943,2018,왕웨이중,NC,4.26,25,7,10,0,0,0.412,141 2/3,169,16,40,2,108,83,67,1.48
944,2018,배재환,NC,4.50,31,3,3,1,2,0.500,36,37,6,25,1,34,18,18,1.72
945,2018,이민호,NC,4.68,50,5,4,14,0,0.556,50,52,8,19,3,42,34,26,1.42
946,2018,이재학,NC,4.79,29,5,13,0,0,0.278,152 1/3,157,13,49,10,116,87,81,1.35
947,2018,이형범,NC,5.17,23,1,1,0,0,0.500,54,62,5,24,1,22,36,31,1.59
948,2018,원종현,NC,5.18,59,3,6,2,17,0.333,64 1/3,78,7,22,2,36,38,37,1.55
949,2018,베렛,NC,5.28,29,6,10,0,0,0.375,155,178,24,59,9,144,94,91,1.53
950,2018,구창모,NC,5.35,36,5,11,0,1,0.313,133,158,21,52,7,116,83,79,1.58
951,2018,김건태,NC,5.43,21,2,3,0,0,0.400,53,60,7,24,7,39,38,32,1.58
952,2018,민태호,NC,5.59,8,1,0,0,0,1.000,9 2/3,11,1,4,1,4,7,6,1.55
953,2018,최성영,NC,5.88,28,2,2,1,0,0.500,64 1/3,66,11,25,4,57,43,42,1.41
954,2018,정수민,NC,6.05,25,2,5,0,1,0.286,58,69,10,33,3,38,43,39,1.76
955,2018,강윤구,NC,6.09,69,7,5,1,17,0.583,54 2/3,54,10,26,1,65,41,37,1.46
956,2018,임창민,NC,6.43,8,0,1,3,0,0.000,7,8,2,2,0,9,6,5,1.43
957,2018,유원상,NC,6.46,41,1,4,0,5,0.200,47 1/3,63,5,17,5,30,37,34,1.69
958,2018,김진성,NC,7.15,50,3,2,0,5,0.600,45 1/3,56,13,19,2,38,38,36,1.65
959,2018,노성호,NC,7.16,20,1,2,0,0,0.333,32 2/3,35,6,29,1,36,29,26,1.96
960,2018,장현식,NC,7.43,21,3,2,2,1,0.600,26 2/3,31,7,17,0,24,22,22,1.80
961,2018,최금강,NC,8.44,19,0,1,0,1,0.000,37 1/3,51,8,22,2,18,36,35,1.96
962,2018,류재인,NC,16.20,1,0,0,0,0,-,1 2/3,1,1,2,3,2,3,3,1.80
963,2018,윤강민,NC,17.47,6,0,0,0,0,-,5 2/3,14,1,5,2,4,11,11,3.35
964,2018,신재웅,SK,2.77,54,2,3,16,6,0.400,52,49,5,28,1,43,23,16,1.48
965,2018,김광현,SK,2.98,25,11,8,0,0,0.579,136,125,16,30,2,130,48,45,1.14
966,2018,박희수,SK,3.27,35,1,2,0,4,0.333,33,35,1,15,3,30,14,12,1.52
967,2018,정동윤,SK,3.38,2,0,0,0,0,-,2 2/3,3,1,1,0,3,1,1,1.50
968,2018,김태훈,SK,3.83,61,9,3,0,10,0.750,94,88,8,36,2,93,44,40,1.32
969,2018,켈리,SK,4.09,28,12,7,0,0,0.632,158 1/3,152,18,47,13,161,78,72,1.26
970,2018,박종훈,SK,4.18,30,14,8,0,0,0.636,159 1/3,158,16,54,20,133,81,74,1.33
971,2018,이승진,SK,4.57,34,0,1,0,0,0.000,41 1/3,41,6,20,4,37,25,21,1.48
972,2018,문승원,SK,4.60,31,8,9,1,1,0.471,150 2/3,180,24,37,4,122,86,77,1.44
973,2018,채병용,SK,4.80,29,2,1,1,3,0.667,30,33,8,8,1,15,16,16,1.37
974,2018,산체스,SK,4.89,29,8,8,0,1,0.500,145 1/3,161,26,39,7,124,90,79,1.38
975,2018,윤희상,SK,5.12,46,1,2,1,7,0.333,51,55,8,7,2,44,29,29,1.22
976,2018,남윤성,SK,5.19,6,0,1,0,0,0.000,8 2/3,12,1,4,0,3,5,5,1.85
977,2018,정영일,SK,5.32,51,3,0,0,13,1.000,44,48,7,21,5,33,33,26,1.57
978,2018,전유수,SK,5.50,16,0,1,0,0,0.000,18,21,3,8,2,15,11,11,1.61
979,2018,박정배,SK,5.84,49,1,3,9,2,0.250,44 2/3,51,9,12,2,44,30,29,1.41
980,2018,서진용,SK,6.12,48,3,2,1,12,0.600,50,52,14,23,2,58,36,34,1.50
981,2018,봉민호,SK,6.75,1,0,0,0,0,-,1 1/3,1,1,0,0,2,1,1,0.75
982,2018,임준혁,SK,7.36,6,0,0,0,0,-,7 1/3,12,0,3,0,2,6,6,2.05
983,2018,김택형,SK,7.71,14,1,2,0,2,0.333,11 2/3,9,1,10,0,11,10,10,1.63
984,2018,백인식,SK,9.42,18,1,2,0,1,0.333,14 1/3,17,4,9,3,14,15,15,1.81
985,2018,김주한,SK,13.50,7,1,0,0,1,1.000,6,9,2,6,0,5,10,9,2.50
986,2018,최민준,SK,14.40,2,0,0,0,0,-,5,11,5,0,0,3,9,8,2.20
987,2018,박민호,SK,15.43,3,0,0,0,0,-,2 1/3,4,1,1,1,0,4,4,2.14
988,2018,강지광,SK,21.00,4,0,0,0,0,-,3,8,1,4,0,3,7,7,4.00
989,2018,조성훈,SK,27.00,1,0,0,0,0,-,2/3,3,0,0,0,0,2,2,4.50
990,2018,이원준,SK,29.45,3,0,1,0,0,0.000,3 2/3,13,3,1,0,2,12,12,3.82
991,2018,정재원,SK,30.86,2,0,1,0,0,0.000,2 1/3,8,0,1,0,0,8,8,3.86
992,2019,김민규,두산,0.00,1,0,0,0,0,-,2,2,0,1,0,0,0,0,1.50
993,2019,박신지,두산,-,2,0,0,0,0,-,0,1,0,2,0,0,2,2,-
994,2019,최대성,두산,-,1,0,0,0,0,-,0,0,0,2,0,0,3,2,-
995,2019,린드블럼,두산,2.50,30,20,3,0,0,0.870,194 2/3,165,13,29,6,189,57,54,1.00
996,2019,윤명준,두산,2.63,69,6,2,1,14,0.750,68 1/3,63,3,20,3,40,23,20,1.21
997,2019,최원준,두산,2.65,34,1,2,1,4,0.333,54 1/3,52,1,16,4,38,17,16,1.25
998,2019,이형범,두산,2.66,67,6,3,19,10,0.667,61,57,4,19,9,31,25,18,1.25
999,2019,이현승,두산,3.00,9,0,1,0,2,0.000,6,4,0,0,0,4,2,2,0.67
1000,2019,김승회,두산,3.07,55,3,3,3,7,0.500,58 2/3,57,1,16,2,46,24,20,1.24
1001,2019,유희관,두산,3.25,28,11,8,0,0,0.579,166 1/3,171,8,42,3,64,67,60,1.28
1002,2019,함덕주,두산,3.46,61,2,5,16,7,0.286,54 2/3,39,6,34,1,48,24,21,1.34
1003,2019,후랭코프,두산,3.61,22,9,8,0,0,0.529,117 1/3,110,5,30,13,111,48,47,1.19
1004,2019,이영하,두산,3.64,29,17,4,0,0,0.810,163 1/3,148,5,61,10,90,70,66,1.28
1005,2019,이용찬,두산,4.07,26,7,10,0,0,0.412,148 1/3,168,15,45,6,102,75,67,1.44
1006,2019,박치국,두산,4.50,61,2,2,3,14,0.500,52,64,5,14,5,35,26,26,1.50
1007,2019,배영수,두산,4.57,37,1,2,0,0,0.333,45 1/3,50,4,11,3,10,25,23,1.35
1008,2019,홍상삼,두산,4.76,3,0,0,0,0,-,5 2/3,5,1,4,1,5,3,3,1.59
1009,2019,권혁,두산,4.91,57,2,2,1,11,0.500,36 2/3,36,3,7,2,21,23,20,1.17
1010,2019,이현호,두산,5.13,16,1,0,0,0,1.000,40 1/3,51,2,19,1,22,25,23,1.74
1011,2019,강동연,두산,5.40,5,0,0,0,0,-,5,8,2,0,0,3,3,3,1.60
1012,2019,장원준,두산,9.00,6,0,0,0,0,-,2,5,0,3,1,1,2,2,4.00
1013,2019,박정준,두산,32.40,2,0,0,0,0,-,1 2/3,3,0,5,0,0,6,6,4.80
1014,2019,김현수,롯데,1.42,6,0,1,0,0,0.000,6 1/3,3,0,1,0,4,2,1,0.63
1015,2019,조무근,롯데,1.86,8,0,0,0,0,-,9 2/3,6,0,5,3,5,2,2,1.14
1016,2019,진명호,롯데,3.41,60,3,2,0,9,0.600,63 1/3,56,4,35,1,51,24,24,1.44
1017,2019,차재용,롯데,3.72,9,0,0,0,0,-,9 2/3,9,0,8,0,7,6,4,1.76
1018,2019,레일리,롯데,3.88,30,5,14,0,0,0.263,181,191,10,65,8,140,88,78,1.41
1019,2019,손승락,롯데,3.93,53,4,3,9,2,0.571,52 2/3,55,3,19,3,44,27,23,1.41
1020,2019,박진형,롯데,4.02,41,2,1,5,5,0.667,40 1/3,40,6,11,0,40,19,18,1.26
1021,2019,박세웅,롯데,4.20,12,3,6,0,0,0.333,60,66,3,23,0,44,33,28,1.48
1022,2019,박시영,롯데,4.23,43,1,1,0,4,0.500,61 2/3,51,5,27,4,60,30,29,1.26
1023,2019,홍성민,롯데,4.26,12,0,0,0,1,-,12 2/3,17,0,0,1,7,6,6,1.34
1024,2019,다익손,롯데,4.34,29,6,10,0,0,0.375,149 1/3,164,15,40,6,117,81,72,1.37
1025,2019,송승준,롯데,4.40,11,0,1,0,0,0.000,14 1/3,16,2,6,0,13,7,7,1.53
1026,2019,김건국,롯데,4.46,37,3,3,0,3,0.500,66 2/3,73,5,27,6,43,34,33,1.50
1027,2019,톰슨,롯데,4.74,11,2,3,0,0,0.400,62 2/3,54,4,23,5,60,35,33,1.23
1028,2019,고효준,롯데,4.76,75,2,7,0,15,0.222,62 1/3,58,6,36,3,72,34,33,1.51
1029,2019,장시환,롯데,4.95,27,6,13,0,0,0.316,125 1/3,147,12,58,2,109,78,69,1.64
1030,2019,오현택,롯데,4.97,15,1,0,0,0,1.000,12 2/3,15,6,2,1,8,9,7,1.34
1031,2019,정성종,롯데,5.44,32,1,1,0,0,0.500,49 2/3,64,6,24,4,24,33,30,1.77
1032,2019,서준원,롯데,5.47,33,4,11,0,0,0.267,97,117,10,38,11,60,61,59,1.60
1033,2019,김원중,롯데,5.63,28,5,10,0,1,0.333,102 1/3,127,13,47,6,93,75,64,1.70
1034,2019,박근홍,롯데,6.11,24,1,0,0,1,1.000,17 2/3,16,5,17,1,11,13,12,1.87
1035,2019,구승민,롯데,6.25,41,1,4,2,6,0.200,36,45,5,21,3,43,29,25,1.83
1036,2019,최영환,롯데,6.41,15,0,0,0,0,-,19 2/3,21,1,9,1,20,15,14,1.53
1037,2019,박진,롯데,9.00,2,0,0,0,0,-,1,2,0,1,0,1,1,1,3.00
1038,2019,윤길현,롯데,10.80,6,1,1,0,0,0.500,5,17,2,4,2,5,14,6,4.20
1039,2019,이인복,롯데,11.68,11,0,0,0,0,-,12 1/3,29,2,8,0,7,18,16,3.00
1040,2019,정태승,롯데,27.00,1,0,0,0,0,-,1,2,0,1,0,2,3,3,3.00
1041,2019,최하늘,롯데,27.00,2,0,1,0,0,0.000,2,4,2,2,1,1,6,6,3.00
1042,2019,이승헌,롯데,31.50,1,0,1,0,0,0.000,2,7,0,3,1,0,7,7,5.00
1043,2019,이승현,삼성,1.95,34,2,1,0,8,0.667,37,28,2,11,1,31,11,8,1.05
1044,2019,우규민,삼성,2.75,54,2,7,15,7,0.222,59,58,7,10,6,40,20,18,1.15
1045,2019,임현준,삼성,3.40,71,1,0,0,8,1.000,42 1/3,34,2,12,3,35,19,16,1.09
1046,2019,장필준,삼성,3.62,61,3,3,11,15,0.500,69 2/3,64,7,33,3,53,29,28,1.39
1047,2019,라이블리,삼성,3.95,9,4,4,0,0,0.500,57,51,4,13,5,58,26,25,1.12
1048,2019,최지광,삼성,4.10,63,3,8,2,10,0.273,68,64,4,40,5,60,33,31,1.53
1049,2019,백정현,삼성,4.24,28,8,10,0,0,0.444,157,158,17,56,6,82,85,74,1.36
1050,2019,김시현,삼성,4.41,14,0,0,0,0,-,16 1/3,16,3,8,1,10,9,8,1.47
1051,2019,김윤수,삼성,4.63,5,1,1,0,0,0.500,11 2/3,10,2,10,0,9,6,6,1.71
1052,2019,윤성환,삼성,4.77,27,8,13,0,0,0.381,145 1/3,168,14,50,7,65,87,77,1.50
1053,2019,최채흥,삼성,4.81,28,6,6,0,2,0.500,106 2/3,127,10,36,1,89,67,57,1.53
1054,2019,원태인,삼성,4.82,26,4,8,0,2,0.333,112,119,12,39,5,68,65,60,1.41
1055,2019,맥과이어,삼성,5.05,21,4,8,0,0,0.333,112 1/3,119,13,66,6,100,68,63,1.65
1056,2019,김대우,삼성,5.13,44,5,1,0,1,0.833,59 2/3,61,11,16,5,40,38,34,1.29
1057,2019,권오준,삼성,5.23,43,3,0,0,3,1.000,43,49,7,12,2,26,25,25,1.42
1058,2019,헤일리,삼성,5.75,19,5,8,0,0,0.385,87 2/3,95,5,34,6,84,59,56,1.47
1059,2019,장지훈,삼성,6.28,13,0,0,0,0,-,14 1/3,22,0,11,1,12,11,10,2.30
1060,2019,김승현,삼성,6.39,14,1,1,0,0,0.500,12 2/3,11,0,9,1,4,12,9,1.58
1061,2019,정인욱,삼성,7.06,12,0,2,0,0,0.000,21 2/3,24,1,15,2,15,17,17,1.80
1062,2019,최충연,삼성,7.36,34,0,2,1,4,0.000,36 2/3,44,2,38,3,41,36,30,2.24
1063,2019,홍정우,삼성,10.13,7,0,0,0,0,-,5 1/3,10,2,4,1,2,8,6,2.63
1064,2019,임규빈,키움,0.00,1,0,0,0,0,-,1,1,0,0,0,2,0,0,1.00
1065,2019,양현,키움,1.99,29,1,0,0,1,1.000,40 2/3,31,1,11,1,25,10,9,1.03
1066,2019,오주원,키움,2.32,57,3,3,18,3,0.500,54 1/3,54,1,7,3,41,17,14,1.12
1067,2019,김성민,키움,2.56,50,2,0,0,5,1.000,56 1/3,53,0,11,2,38,17,16,1.14
1068,2019,조상우,키움,2.66,48,2,4,20,8,0.333,47 1/3,45,3,8,2,46,15,14,1.12
1069,2019,윤영삼,키움,2.87,54,3,3,1,3,0.500,62 2/3,60,5,14,1,56,23,20,1.18
1070,2019,브리검,키움,2.96,28,13,5,0,0,0.722,158 1/3,148,5,46,12,130,62,52,1.23
1071,2019,이영준,키움,2.97,29,1,1,0,1,0.500,33 1/3,39,0,5,0,19,11,11,1.32
1072,2019,김상수,키움,3.02,67,3,5,0,40,0.375,56 2/3,50,3,28,2,60,19,19,1.38
1073,2019,요키시,키움,3.13,30,13,9,0,0,0.591,181 1/3,166,9,39,11,141,72,63,1.13
1074,2019,최원태,키움,3.38,27,11,5,0,0,0.688,157 1/3,165,5,36,5,105,68,59,1.28
1075,2019,한현희,키움,3.41,61,7,5,0,24,0.583,58,50,1,20,7,49,26,22,1.21
1076,2019,신재영,키움,3.68,12,1,0,0,0,1.000,29 1/3,34,1,9,4,21,14,12,1.47
1077,2019,김선기,키움,4.18,7,3,1,0,0,0.750,28,27,2,9,4,17,13,13,1.29
1078,2019,이승호,키움,4.48,23,8,5,0,0,0.615,122 2/3,134,10,51,1,82,70,61,1.51
1079,2019,김동준,키움,4.50,33,8,3,0,3,0.727,70,77,5,23,0,50,36,35,1.43
1080,2019,안우진,키움,5.20,19,7,5,0,0,0.583,88 1/3,97,8,36,3,80,56,51,1.51
1081,2019,조덕길,키움,7.20,5,0,0,0,0,-,5,9,0,2,0,3,4,4,2.20
1082,2019,윤정현,키움,9.00,3,0,0,0,0,-,2,2,0,2,0,2,2,2,2.00
1083,2019,이보근,키움,9.72,19,0,2,0,3,0.000,16 2/3,29,1,4,0,12,18,18,1.98
1084,2019,박주성,키움,13.50,4,0,0,0,0,-,4,7,1,6,0,1,6,6,3.25
1085,2019,양기현,키움,15.19,4,0,0,0,0,-,5 1/3,12,0,1,0,3,10,9,2.44
1086,2019,조영건,키움,81.00,1,0,1,0,0,0.000,1/3,3,0,3,0,1,3,3,18.00
1087,2019,김진욱,한화,0.00,1,0,0,0,0,-,1,0,0,1,1,0,0,0,1.00
1088,2019,정우람,한화,1.54,57,4,3,26,0,0.571,58 1/3,57,4,16,1,48,11,10,1.25
1089,2019,채드벨,한화,3.50,29,11,10,0,0,0.524,177 1/3,169,14,63,10,134,73,69,1.31
1090,2019,서폴드,한화,3.51,31,12,11,0,0,0.522,192 1/3,191,8,54,8,135,84,75,1.27
1091,2019,안영명,한화,3.92,67,4,7,0,13,0.364,62,82,5,13,3,48,27,27,1.53
1092,2019,박상원,한화,3.97,61,1,4,0,12,0.200,59,52,5,28,5,39,29,26,1.36
1093,2019,김진영,한화,4.05,6,0,4,0,0,0.000,26 2/3,27,1,16,1,14,12,12,1.61
1094,2019,김경태,한화,4.09,17,0,0,0,0,-,11,14,0,8,0,10,5,5,2.00
1095,2019,임준섭,한화,4.20,34,1,3,0,1,0.250,49 1/3,56,1,28,1,26,30,23,1.70
1096,2019,김이환,한화,4.26,11,4,3,0,0,0.571,38,42,2,21,2,15,19,18,1.66
1097,2019,김성훈,한화,4.84,15,0,1,0,0,0.000,22 1/3,24,3,15,1,26,12,12,1.75
1098,2019,박윤철,한화,5.10,15,0,1,0,0,0.000,30,22,4,30,3,21,19,17,1.73
1099,2019,장민재,한화,5.43,26,6,8,0,0,0.429,119 1/3,150,14,27,6,103,76,72,1.48
1100,2019,김범수,한화,5.68,45,5,9,1,1,0.357,103,115,15,61,10,85,70,65,1.71
1101,2019,이태양,한화,5.81,55,1,6,0,10,0.143,66 2/3,74,8,13,3,64,44,43,1.31
1102,2019,김종수,한화,5.81,35,2,0,0,0,1.000,31,30,4,33,1,28,21,20,2.03
1103,2019,신정락,한화,5.84,44,5,1,0,5,0.833,44 2/3,48,6,21,6,35,33,29,1.54
1104,2019,송창현,한화,6.39,3,0,1,0,0,0.000,12 2/3,15,4,4,0,5,9,9,1.50
1105,2019,김민우,한화,6.75,16,2,7,0,0,0.222,68,80,6,30,6,46,59,51,1.62
1106,2019,황영국,한화,6.75,6,0,0,0,0,-,4,8,2,1,0,6,3,3,2.25
1107,2019,박주홍,한화,7.98,29,0,4,0,1,0.000,38 1/3,51,8,24,2,27,37,34,1.96
1108,2019,윤규진,한화,10.38,3,0,0,0,0,-,4 1/3,6,0,1,0,1,5,5,1.62
1109,2019,문동욱,한화,12.06,12,1,1,0,0,0.500,15 2/3,36,3,4,3,12,25,21,2.55
1110,2019,김재영,한화,12.96,5,0,0,0,0,-,8 1/3,14,1,3,2,4,12,12,2.04
1111,2019,서균,한화,14.54,7,0,0,0,0,-,4 1/3,10,0,3,0,3,8,7,3.00
1112,2019,윤호솔,한화,17.18,3,0,0,0,0,-,3 2/3,8,1,3,0,2,7,7,3.00
1113,2019,이충호,한화,45.00,1,0,0,0,0,-,1,6,1,1,0,0,5,5,7.00
1114,2019,송창식,한화,54.00,1,0,0,0,0,-,1/3,3,0,0,0,1,2,2,9.00
1115,2019,문경찬,KIA,1.31,54,1,2,24,0,0.333,55,45,2,10,0,50,9,8,1.00
1116,2019,박준표,KIA,2.09,49,5,2,0,15,0.714,56,42,4,6,4,30,15,13,0.86
1117,2019,양현종,KIA,2.29,29,16,8,0,0,0.667,184 2/3,165,6,33,2,163,56,47,1.07
1118,2019,전상현,KIA,3.12,57,1,4,0,15,0.200,60 2/3,45,3,21,2,62,21,21,1.09
1119,2019,임기준,KIA,3.44,52,2,2,0,6,0.500,36 2/3,32,1,16,4,24,17,14,1.31
1120,2019,고영창,KIA,3.50,55,1,3,1,10,0.250,54,63,2,14,8,22,22,21,1.43
1121,2019,박진태,KIA,4.32,2,0,1,0,0,0.000,8 1/3,10,0,6,3,5,4,4,1.92
1122,2019,차명진,KIA,4.36,9,3,1,0,0,0.750,33,35,1,18,2,19,17,16,1.61
1123,2019,윌랜드,KIA,4.75,28,8,10,0,0,0.444,165,191,17,59,5,137,95,87,1.52
1124,2019,하준영,KIA,4.96,59,6,2,0,15,0.750,52 2/3,59,5,31,0,51,31,29,1.71
1125,2019,이민우,KIA,5.43,32,2,6,1,2,0.250,61 1/3,74,4,26,4,56,42,37,1.63
1126,2019,터너,KIA,5.46,28,7,13,0,0,0.350,153 1/3,179,12,58,17,121,107,93,1.55
1127,2019,김기훈,KIA,5.56,19,3,6,0,0,0.333,79 1/3,64,11,65,9,49,55,49,1.63
1128,2019,임기영,KIA,5.73,12,2,4,0,0,0.333,48 2/3,67,7,19,2,37,33,31,1.77
1129,2019,김세현,KIA,6.23,10,0,2,0,0,0.000,8 2/3,11,0,9,2,5,8,6,2.31
1130,2019,이준영,KIA,6.35,37,1,0,0,1,1.000,51,64,3,26,2,43,42,36,1.76
1131,2019,황인준,KIA,6.35,5,0,0,0,0,-,11 1/3,14,2,5,0,11,8,8,1.68
1132,2019,김윤동,KIA,6.55,11,1,2,4,0,0.333,11,12,1,11,0,12,8,8,2.09
1133,2019,홍건희,KIA,7.16,21,2,9,0,0,0.182,81 2/3,112,12,33,3,52,70,65,1.78
1134,2019,장지수,KIA,7.71,13,0,0,0,0,-,16 1/3,23,2,7,2,6,16,14,1.84
1135,2019,강이준,KIA,11.00,3,0,2,0,0,0.000,9,14,1,9,2,3,11,11,2.56
1136,2019,유승철,KIA,11.25,3,0,0,0,0,-,4,4,2,2,2,5,5,5,1.50
1137,2019,양승철,KIA,12.12,11,1,1,0,0,0.500,16 1/3,23,3,15,0,11,22,22,2.33
1138,2019,박정수,KIA,12.60,3,0,0,0,0,-,5,10,0,4,1,2,7,7,2.80
1139,2019,김승범,KIA,18.00,1,0,0,0,0,-,1,4,0,1,0,0,2,2,5.00
1140,2019,강백호,KT,0.00,1,0,0,0,0,-,1,0,0,1,0,0,0,0,1.00
1141,2019,최건,KT,0.00,1,0,0,0,0,-,1,0,0,2,0,0,1,0,2.00
1142,2019,하준호,KT,1.13,8,0,0,0,0,-,8,4,1,4,0,11,1,1,1.00
1143,2019,이종혁,KT,1.69,5,0,0,0,0,-,5 1/3,6,0,3,1,4,1,1,1.69
1144,2019,김재윤,KT,2.27,43,2,2,7,9,0.500,47 2/3,27,4,12,1,42,13,12,0.82
1145,2019,김대유,KT,2.33,21,0,0,0,0,-,27,21,1,12,4,23,7,7,1.22
1146,2019,주권,KT,2.99,71,6,2,2,25,0.750,75 1/3,64,7,14,2,47,25,25,1.04
1147,2019,조한욱,KT,3.38,2,0,0,0,0,-,2 2/3,4,0,1,0,0,1,1,1.88
1148,2019,전유수,KT,3.39,62,3,1,1,7,0.750,66 1/3,66,2,18,4,46,31,25,1.27
1149,2019,조현우,KT,3.52,7,0,0,0,0,-,7 2/3,6,0,5,1,9,3,3,1.43
1150,2019,쿠에바스,KT,3.62,30,13,10,0,0,0.565,184,153,18,63,12,135,80,74,1.17
1151,2019,배제성,KT,3.76,28,10,10,0,0,0.500,131 2/3,132,6,56,3,91,58,55,1.43
1152,2019,알칸타라,KT,4.01,27,11,11,0,0,0.500,172 2/3,189,15,27,8,100,80,77,1.25
1153,2019,이대은,KT,4.08,44,4,2,17,0,0.667,86,89,10,39,6,59,48,39,1.49
1154,2019,손동현,KT,4.75,34,2,3,0,5,0.400,47 1/3,51,2,31,0,29,29,25,1.73
1155,2019,김민,KT,4.96,27,6,12,0,0,0.333,150 2/3,175,16,65,4,91,88,83,1.59
1156,2019,김민수,KT,4.96,28,8,5,2,1,0.615,81 2/3,87,10,30,2,56,46,45,1.43
1157,2019,금민철,KT,5.05,14,1,4,0,0,0.200,57,66,5,25,7,26,38,32,1.60
1158,2019,이선우,KT,5.40,3,0,0,0,0,-,1 2/3,1,1,1,0,2,1,1,1.20
1159,2019,정성곤,KT,5.53,52,3,3,8,11,0.500,53 2/3,64,7,22,2,40,36,33,1.60
1160,2019,조근종,KT,5.91,10,0,0,0,1,-,10 2/3,15,1,5,2,6,7,7,1.88
1161,2019,김태오,KT,6.00,4,0,0,0,0,-,3,7,0,3,1,0,3,2,3.33
1162,2019,엄상백,KT,8.04,26,2,3,0,0,0.400,31 1/3,40,6,24,0,20,29,28,2.04
1163,2019,이정현,KT,9.75,9,0,2,0,0,0.000,12,12,3,8,0,9,13,13,1.67
1164,2019,이상동,KT,14.21,6,0,0,0,0,-,6 1/3,10,2,2,1,0,10,10,1.89
1165,2019,전용주,KT,15.00,4,0,0,0,0,-,3,6,1,6,0,1,6,5,4.00
1166,2019,류희운,KT,23.14,1,0,1,0,0,0.000,2 1/3,8,0,2,0,1,6,6,4.29
1167,2019,김정후,LG,0.00,2,0,0,0,0,-,1 2/3,1,0,1,0,1,0,0,1.20
1168,2019,이동현,LG,0.00,5,0,0,0,0,-,5,6,0,0,0,5,0,0,1.20
1169,2019,이상규,LG,0.00,1,0,0,0,0,-,1/3,0,0,1,1,0,0,0,3.00
1170,2019,고우석,LG,1.52,65,8,2,35,1,0.800,71,47,4,30,4,76,13,12,1.08
1171,2019,정찬헌,LG,1.64,13,1,1,6,0,0.500,11,11,0,6,0,11,5,2,1.55
1172,2019,켈리,LG,2.55,29,14,12,0,0,0.538,180 1/3,164,7,41,16,126,70,51,1.14
1173,2019,임지섭,LG,2.70,8,0,0,0,0,-,6 2/3,5,0,8,1,9,4,2,1.95
1174,2019,윌슨,LG,2.92,30,14,7,0,0,0.667,185,171,7,44,10,137,77,60,1.16
1175,2019,진해수,LG,3.43,72,3,1,0,20,0.750,42,44,2,16,2,38,17,16,1.43
1176,2019,한선태,LG,3.68,6,0,0,0,0,-,7 1/3,6,0,1,1,4,3,3,0.95
1177,2019,정우영,LG,3.72,56,4,6,1,16,0.400,65 1/3,57,2,20,8,38,30,27,1.18
1178,2019,김대현,LG,3.78,41,5,4,0,9,0.556,66 2/3,63,2,27,4,40,31,28,1.35
1179,2019,여건욱,LG,3.94,25,0,0,0,0,-,29 2/3,35,2,8,1,24,14,13,1.45
1180,2019,문광은,LG,4.09,32,1,1,1,3,0.500,33,35,3,13,1,26,15,15,1.45
1181,2019,차우찬,LG,4.12,29,13,8,0,0,0.619,168 1/3,181,16,59,5,124,87,77,1.43
1182,2019,류제국,LG,4.22,11,0,2,0,0,0.000,53 1/3,57,5,26,4,31,27,25,1.56
1183,2019,이우찬,LG,4.85,30,5,4,0,2,0.556,91,78,5,66,4,58,55,49,1.58
1184,2019,임찬규,LG,4.97,30,3,5,0,2,0.375,88 2/3,84,10,46,7,72,51,49,1.47
1185,2019,강정현,LG,5.06,7,0,0,0,0,-,10 2/3,9,3,6,2,8,6,6,1.41
1186,2019,배재준,LG,5.23,19,3,4,0,0,0.429,62,61,3,33,8,44,42,36,1.52
1187,2019,송은범,LG,5.25,63,2,6,1,9,0.250,60,80,6,23,3,36,38,35,1.72
1188,2019,오석주,LG,5.40,3,0,0,0,0,-,5,6,2,3,0,4,3,3,1.80
1189,2019,유원석,LG,5.40,2,0,0,0,0,-,3 1/3,2,1,5,0,4,2,2,2.10
1190,2019,심수창,LG,6.17,5,1,1,0,0,0.500,11 2/3,17,1,7,0,12,8,8,2.06
1191,2019,최동환,LG,6.26,18,1,0,0,0,1.000,23,25,4,10,3,13,17,16,1.52
1192,2019,장원삼,LG,7.98,8,0,2,0,0,0.000,14 2/3,20,3,3,2,7,13,13,1.57
1193,2019,이상영,LG,16.88,3,0,0,0,0,-,2 2/3,9,1,0,1,1,5,5,3.38
1194,2019,소이현,NC,0.00,1,0,0,0,0,-,1,1,0,1,0,1,0,0,2.00
1195,2019,전사민,NC,0.00,1,0,0,0,0,-,1,2,0,0,0,1,0,0,2.00
1196,2019,임창민,NC,2.40,20,0,1,0,2,0.000,15,14,1,8,1,10,6,4,1.47
1197,2019,프리드릭,NC,2.75,12,7,4,0,0,0.636,72,63,4,22,3,56,22,22,1.18
1198,2019,루친스키,NC,3.05,30,9,9,0,0,0.500,177 1/3,164,13,45,11,119,68,60,1.18
1199,2019,박진우,NC,3.14,41,9,7,0,5,0.563,140 2/3,137,9,29,19,92,53,49,1.18
1200,2019,구창모,NC,3.20,23,10,7,0,1,0.588,107,85,10,41,6,114,40,38,1.18
1201,2019,김건태,NC,3.68,44,0,2,0,7,0.000,51 1/3,49,5,16,4,32,23,21,1.27
1202,2019,이재학,NC,3.75,24,10,4,0,0,0.714,129 2/3,133,6,43,9,91,62,54,1.36
1203,2019,배재환,NC,3.81,62,3,5,0,20,0.375,54 1/3,49,3,31,7,61,26,23,1.47
1204,2019,임정호,NC,3.86,6,0,1,0,0,0.000,4 2/3,3,0,2,0,6,2,2,1.07
1205,2019,원종현,NC,3.90,60,3,3,31,0,0.500,60,62,4,17,3,59,31,26,1.32
1206,2019,최성영,NC,3.94,26,4,1,0,2,0.800,82 1/3,79,3,49,3,62,39,36,1.55
1207,2019,김진성,NC,4.29,42,1,2,0,5,0.333,42,39,6,15,2,35,25,20,1.29
1208,2019,강윤구,NC,4.47,67,3,3,0,15,0.500,56 1/3,55,4,24,4,49,29,28,1.40
1209,2019,장현식,NC,4.61,53,5,4,0,9,0.556,54 2/3,58,9,23,4,49,31,28,1.48
1210,2019,버틀러,NC,4.76,13,3,6,0,0,0.333,73 2/3,78,6,28,2,49,46,39,1.44
1211,2019,윤지웅,NC,4.97,13,1,0,0,0,1.000,12 2/3,14,3,4,1,9,8,7,1.42
1212,2019,유원상,NC,5.23,15,0,3,1,0,0.000,20 2/3,21,2,9,1,14,15,12,1.45
1213,2019,김영규,NC,5.29,30,5,4,0,1,0.556,66 1/3,82,7,31,6,46,40,39,1.70
1214,2019,배민서,NC,5.40,4,0,0,0,0,-,3 1/3,7,0,0,1,1,2,2,2.10
1215,2019,홍성무,NC,6.28,15,0,0,0,0,-,14 1/3,16,3,11,1,10,10,10,1.88
1216,2019,이민호,NC,6.52,11,0,0,0,0,-,9 2/3,14,0,9,1,4,7,7,2.38
1217,2019,윤강민,NC,8.22,5,0,1,0,0,0.000,7 2/3,12,1,6,2,5,8,7,2.35
1218,2019,송명기,NC,9.00,2,0,0,0,0,-,3,4,1,2,0,1,3,3,2.00
1219,2019,이우석,NC,10.13,6,0,0,0,1,-,5 1/3,7,0,5,0,4,6,6,2.25
1220,2019,민태호,NC,11.81,7,0,0,0,0,-,5 1/3,12,1,1,0,6,7,7,2.44
1221,2019,노성호,NC,12.27,5,0,0,0,0,-,3 2/3,8,1,1,0,1,5,5,2.45
1222,2019,정수민,NC,16.39,7,0,2,0,0,0.000,9 1/3,17,1,10,1,4,17,17,2.89
1223,2019,박희수,SK,1.57,34,0,1,1,2,0.000,28 2/3,29,1,13,3,14,9,5,1.47
1224,2019,하재훈,SK,1.98,61,5,3,36,3,0.625,59,47,1,26,1,64,13,13,1.24
1225,2019,백승건,SK,2.33,15,0,0,0,0,-,19 1/3,16,1,12,1,14,5,5,1.45
1226,2019,서진용,SK,2.38,72,3,1,4,33,0.750,68,53,2,28,2,76,19,18,1.19
1227,2019,김광현,SK,2.51,31,17,6,0,0,0.739,190 1/3,198,13,38,2,180,64,53,1.24
1228,2019,산체스,SK,2.62,28,17,5,0,0,0.773,165,151,2,42,2,148,51,48,1.17
1229,2019,박민호,SK,2.68,47,3,1,0,4,0.750,50 1/3,49,2,14,4,22,17,15,1.25
1230,2019,이케빈,SK,3.00,1,0,0,0,0,-,3,2,0,3,0,3,1,1,1.67
1231,2019,정영일,SK,3.21,44,1,2,1,8,0.333,42,32,1,22,1,35,15,15,1.29
1232,2019,신재웅,SK,3.32,20,1,0,0,0,1.000,21 2/3,14,1,10,1,14,8,8,1.11
1233,2019,소사,SK,3.82,16,9,3,0,0,0.750,94 1/3,85,15,23,2,96,42,40,1.14
1234,2019,문승원,SK,3.88,26,11,7,0,2,0.611,144,130,23,33,3,99,63,62,1.13
1235,2019,박종훈,SK,3.88,28,8,11,0,0,0.421,144,157,12,59,13,100,72,62,1.50
1236,2019,김태훈,SK,3.88,71,4,5,7,27,0.444,69 2/3,62,4,26,4,76,32,30,1.26
1237,2019,강지광,SK,3.95,25,2,4,0,6,0.333,27 1/3,24,0,11,0,15,14,12,1.28
1238,2019,김주한,SK,5.25,11,1,1,0,1,0.500,12,12,0,7,2,10,7,7,1.58
1239,2019,김택형,SK,5.79,26,2,1,0,2,0.667,23 1/3,20,1,24,2,27,16,15,1.89
1240,2019,백청훈,SK,6.75,5,0,0,1,1,-,4,7,0,1,0,4,3,3,2.00
1241,2019,조영우,SK,8.03,7,0,0,0,0,-,12 1/3,19,3,4,0,8,12,11,1.86
1242,2019,이승진,SK,8.05,17,0,0,0,1,-,19,21,3,12,1,14,17,17,1.74
1243,2019,김정우,SK,9.00,1,0,0,0,0,-,1,2,0,1,0,0,1,1,3.00
1244,2019,채병용,SK,9.82,4,0,0,1,1,-,3 2/3,7,1,3,1,3,4,4,2.73
1245,2019,박정배,SK,10.07,20,1,1,0,1,0.500,19 2/3,29,4,2,2,9,22,22,1.58
1246,2019,정재원,SK,16.88,4,0,0,0,0,-,2 2/3,6,1,0,1,1,5,5,2.25
1247,2019,이원준,SK,19.29,2,0,1,0,0,0.000,2 1/3,3,1,4,0,2,5,5,3.00
1248,2020,이동원,두산,-,1,0,0,0,0,-,0,0,0,2,0,0,2,2,-
1249,2020,함덕주,두산,2.25,26,3,0,10,2,1.000,28,20,0,10,0,30,8,7,1.07
1250,2020,알칸타라,두산,2.89,14,10,1,0,0,0.909,90 1/3,86,7,12,5,83,30,29,1.08
1251,2020,박치국,두산,3.19,26,3,1,0,1,0.750,31,29,0,19,3,21,16,11,1.55
1252,2020,홍건희,두산,3.78,25,1,0,1,6,1.000,33 1/3,32,5,8,0,32,15,14,1.20
1253,2020,플렉센,두산,3.80,12,4,3,0,0,0.571,64,61,3,21,1,59,29,27,1.28
1254,2020,최원준,두산,3.89,26,4,0,0,0,1.000,44,46,5,10,3,31,19,19,1.27
1255,2020,이현승,두산,4.22,28,2,0,1,4,1.000,21 1/3,23,0,9,2,18,12,10,1.50
1256,2020,채지선,두산,4.95,19,0,0,0,2,-,20,24,0,9,1,20,11,11,1.65
1257,2020,윤명준,두산,5.04,26,0,0,2,5,-,25,28,4,3,1,12,15,14,1.24
1258,2020,유희관,두산,5.21,14,6,5,0,0,0.545,74 1/3,99,8,24,2,31,50,43,1.65
1259,2020,박종기,두산,5.40,7,1,2,0,0,0.333,25,27,3,14,0,17,15,15,1.64
1260,2020,이영하,두산,5.96,13,3,5,0,0,0.375,71,94,4,37,4,47,53,47,1.85
1261,2020,김강률,두산,6.00,12,0,2,0,0,0.000,9,13,0,8,1,8,9,6,2.33
1262,2020,김명신,두산,6.75,2,0,0,0,0,-,1 1/3,4,0,1,0,2,1,1,3.75
1263,2020,이형범,두산,7.53,17,0,2,1,1,0.000,14 1/3,17,3,8,1,6,12,12,1.74
1264,2020,이용찬,두산,8.44,5,1,3,0,0,0.250,26 2/3,41,7,6,0,15,25,25,1.76
1265,2020,문대원,두산,9.53,4,0,0,0,0,-,5 2/3,12,2,2,0,0,9,6,2.47
1266,2020,권혁,두산,10.29,14,2,2,0,2,0.500,7,10,0,3,0,6,9,8,1.86
1267,2020,조제영,두산,10.50,4,0,1,0,0,0.000,6,6,1,7,1,6,7,7,2.17
1268,2020,이교훈,두산,15.43,3,0,0,0,0,-,2 1/3,3,1,3,0,1,5,4,2.57
1269,2020,김민규,두산,16.50,6,0,0,0,0,-,6,13,0,3,1,4,11,11,2.67
1270,2020,박신지,두산,18.00,2,0,0,0,0,-,3,9,0,1,0,3,6,6,3.33
1271,2020,이승진,두산,27.00,2,0,0,0,0,-,1,3,0,2,0,0,3,3,5.00
1272,2020,김건국,롯데,0.00,1,0,0,0,0,-,1,1,0,0,0,1,0,0,1.00
1273,2020,이승헌,롯데,0.00,1,0,0,0,0,-,2 1/3,1,0,1,0,1,3,0,0.86
1274,2020,김원중,롯데,1.65,26,2,1,12,0,0.667,27 1/3,19,3,7,0,20,8,5,0.95
1275,2020,스트레일리,롯데,1.88,15,5,2,0,0,0.714,95 2/3,66,5,23,3,97,24,20,0.93
1276,2020,구승민,롯데,2.45,30,3,0,0,11,1.000,33,18,5,8,0,30,10,9,0.79
1277,2020,이인복,롯데,2.88,24,1,4,0,1,0.200,25,26,0,4,1,10,8,8,1.20
1278,2020,박진형,롯데,3.71,31,1,2,0,13,0.333,26 2/3,29,4,8,1,32,11,11,1.39
1279,2020,김대우,롯데,4.24,20,0,1,0,0,0.000,23 1/3,16,0,15,0,19,11,11,1.33
1280,2020,최준용,롯데,4.50,2,0,0,0,0,-,2,2,0,0,0,1,1,1,1.00
1281,2020,서준원,롯데,4.82,12,4,3,0,0,0.571,61 2/3,71,10,18,4,32,37,33,1.44
1282,2020,송승준,롯데,4.98,18,1,1,0,1,0.500,21 2/3,27,2,13,2,20,12,12,1.85
1283,2020,오현택,롯데,5.00,26,3,1,0,6,0.750,18,21,3,4,1,9,10,10,1.39
1284,2020,박세웅,롯데,5.05,13,4,5,0,0,0.444,66,74,11,26,3,54,41,37,1.52
1285,2020,노경은,롯데,5.83,9,3,3,0,0,0.500,46 1/3,49,9,12,0,29,31,30,1.32
1286,2020,샘슨,롯데,6.24,10,3,6,0,0,0.333,49,73,5,13,2,35,38,34,1.76
1287,2020,최영환,롯데,6.75,5,0,0,0,0,-,6 2/3,12,3,2,1,4,5,5,2.10
1288,2020,강동호,롯데,7.36,7,1,0,0,0,1.000,11,13,3,6,0,8,9,9,1.73
1289,2020,김유영,롯데,7.71,6,0,0,0,0,-,2 1/3,2,0,4,0,3,2,2,2.57
1290,2020,장원삼,롯데,8.38,4,0,2,0,0,0.000,19 1/3,28,4,5,1,7,21,18,1.71
1291,2020,박시영,롯데,9.41,28,1,1,0,1,0.500,22,26,4,17,1,16,23,23,1.95
1292,2020,진명호,롯데,9.56,22,0,1,0,2,0.000,16,13,2,16,0,17,17,17,1.81
1293,2020,고효준,롯데,13.50,7,0,0,0,0,-,4,6,2,6,2,1,6,6,3.00
1294,2020,정태승,롯데,21.60,1,0,0,0,0,-,1 2/3,4,1,2,0,1,4,4,3.60
1295,2020,박명현,롯데,27.00,2,0,0,0,0,-,2/3,3,0,1,0,0,2,2,6.00
1296,2020,최지광,삼성,2.25,30,1,0,0,10,1.000,28,18,0,17,1,31,7,7,1.25
1297,2020,임현준,삼성,2.38,20,0,1,0,0,0.000,11 1/3,12,2,4,3,7,5,3,1.41
1298,2020,노성호,삼성,2.95,23,0,1,0,8,0.000,18 1/3,15,1,14,1,15,8,6,1.58
1299,2020,원태인,삼성,3.12,12,5,2,0,0,0.714,66 1/3,66,7,25,3,40,24,23,1.37
1300,2020,뷰캐넌,삼성,3.36,13,8,4,0,0,0.667,85 2/3,80,10,18,5,57,33,32,1.14
1301,2020,최채흥,삼성,3.88,11,6,2,0,0,0.750,60 1/3,56,6,25,4,46,31,26,1.34
1302,2020,김대우,삼성,4.01,15,3,3,0,1,0.500,49 1/3,49,5,18,4,24,23,22,1.36
1303,2020,라이블리,삼성,4.07,6,1,3,0,0,0.250,24 1/3,22,3,8,3,20,11,11,1.23
1304,2020,김윤수,삼성,4.26,30,1,2,0,6,0.333,31 2/3,30,3,15,1,23,18,15,1.42
1305,2020,우규민,삼성,4.26,26,2,1,7,6,0.667,25 1/3,25,2,3,0,14,13,12,1.11
1306,2020,이승현,삼성,4.88,26,0,2,0,5,0.000,24,24,6,13,0,24,13,13,1.54
1307,2020,오승환,삼성,4.91,15,1,1,6,2,0.500,14 2/3,16,1,8,1,9,8,8,1.64
1308,2020,허윤동,삼성,5.13,7,2,1,0,0,0.667,26 1/3,29,3,20,2,13,16,15,1.86
1309,2020,백정현,삼성,5.19,11,4,4,0,0,0.500,59,67,13,17,1,46,43,34,1.42
1310,2020,홍정우,삼성,5.79,14,0,0,0,0,-,14,14,1,4,1,15,10,9,1.29
1311,2020,권오준,삼성,7.15,12,0,2,0,0,0.000,11 1/3,14,0,1,0,4,9,9,1.32
1312,2020,장필준,삼성,8.31,9,0,1,0,2,0.000,8 2/3,10,2,3,0,3,9,8,1.50
1313,2020,장지훈,삼성,8.46,23,0,1,0,0,0.000,22 1/3,29,3,17,2,19,27,21,2.06
1314,2020,이승민,삼성,9.64,1,0,1,0,0,0.000,4 2/3,6,1,7,0,3,5,5,2.79
1315,2020,윤성환,삼성,27.00,1,0,1,0,0,0.000,2,8,0,3,0,0,6,6,5.50
1316,2020,이재익,삼성,54.00,1,0,0,0,0,-,1/3,2,2,0,0,1,2,2,6.00
1317,2020,황동재,삼성,54.00,1,0,0,0,0,-,1 1/3,8,1,4,0,3,8,8,9.00
1318,2020,박주성,키움,0.00,2,0,0,0,0,-,2,1,0,2,0,1,0,0,1.50
1319,2020,차재용,키움,0.00,1,0,0,0,0,-,1,0,0,0,0,0,0,0,0.00
1320,2020,조상우,키움,0.70,24,2,1,16,0,0.667,25 2/3,19,1,5,1,26,3,2,0.94
1321,2020,요키시,키움,2.12,14,9,3,0,0,0.750,89,72,4,12,3,60,28,21,0.94
1322,2020,양현,키움,2.51,26,4,2,1,4,0.667,28 2/3,24,1,5,2,20,8,8,1.01
1323,2020,브리검,키움,3.54,6,1,1,0,0,0.500,28,27,3,10,1,25,11,11,1.32
1324,2020,김태훈,키움,3.79,26,4,0,0,5,1.000,38,38,1,9,3,26,17,16,1.24
1325,2020,조성운,키움,4.19,16,0,0,0,1,-,19 1/3,16,2,4,1,11,9,9,1.03
1326,2020,문성현,키움,4.20,10,1,1,0,0,0.500,15,13,1,11,0,13,7,7,1.60
1327,2020,이영준,키움,4.43,27,1,2,0,13,0.333,22 1/3,21,4,8,1,16,11,11,1.30
1328,2020,김재웅,키움,4.44,22,0,2,0,1,0.000,24 1/3,28,2,11,0,22,16,12,1.60
1329,2020,최원태,키움,5.04,13,4,4,0,0,0.500,69 2/3,76,9,20,5,47,42,39,1.38
1330,2020,임규빈,키움,5.19,22,1,0,0,1,1.000,26,33,10,6,1,17,15,15,1.50
1331,2020,김동혁,키움,5.40,3,0,0,0,0,-,3 1/3,4,0,1,0,5,2,2,1.50
1332,2020,김상수,키움,5.49,23,2,1,0,6,0.667,19 2/3,21,3,9,1,21,13,12,1.53
1333,2020,이승호,키움,6.12,13,2,4,0,0,0.333,60 1/3,73,8,21,3,39,43,41,1.56
1334,2020,한현희,키움,6.32,13,4,5,0,0,0.444,68 1/3,90,4,18,9,56,50,48,1.58
1335,2020,안우진,키움,6.55,12,0,2,0,3,0.000,11,6,1,8,0,12,8,8,1.27
1336,2020,김선기,키움,6.75,1,0,0,0,0,-,1 1/3,2,0,1,1,0,1,1,2.25
1337,2020,조영건,키움,7.65,8,1,1,0,0,0.500,20,26,4,14,1,9,18,17,2.00
1338,2020,오주원,키움,9.00,10,2,1,0,0,0.667,5,9,3,0,0,6,6,5,1.80
1339,2020,정대현,키움,10.13,1,0,0,0,0,-,2 2/3,5,1,0,0,3,3,3,1.88
1340,2020,신재영,키움,10.38,5,0,0,0,0,-,4 1/3,11,2,2,0,1,6,5,3.00
1341,2020,김성민,키움,10.80,9,0,0,0,0,-,8 1/3,11,3,4,1,6,12,10,1.80
1342,2020,윤정현,키움,10.80,8,0,0,0,0,-,10,23,0,4,0,4,14,12,2.70
1343,2020,김정후,키움,12.00,4,0,0,0,0,-,3,7,1,4,0,3,4,4,3.67
1344,2020,박승주,키움,27.00,3,0,1,0,0,0.000,1 2/3,5,0,3,0,1,5,5,4.80
1345,2020,강재민,한화,0.00,12,0,0,0,2,-,12 2/3,6,0,7,0,19,2,0,1.03
1346,2020,윤대경,한화,2.81,17,0,0,0,0,-,16,22,2,9,0,12,9,5,1.94
1347,2020,송윤준,한화,3.24,9,0,0,0,0,-,8 1/3,6,0,7,1,6,3,3,1.56
1348,2020,문동욱,한화,3.86,17,0,1,1,1,0.000,16 1/3,12,2,15,1,9,8,7,1.65
1349,2020,김범수,한화,4.29,22,3,6,0,0,0.333,50 1/3,47,7,33,3,48,26,24,1.59
1350,2020,김민우,한화,4.48,13,2,7,0,0,0.222,66 1/3,64,10,29,3,64,37,33,1.40
1351,2020,서폴드,한화,4.67,14,5,8,0,0,0.385,88 2/3,110,7,14,7,52,54,46,1.40
1352,2020,정우람,한화,4.74,17,1,1,6,0,0.500,19,17,0,2,3,23,10,10,1.00
1353,2020,김진욱,한화,4.82,3,0,1,0,0,0.000,9 1/3,12,3,4,2,11,5,5,1.71
1354,2020,장시환,한화,5.02,13,2,6,0,0,0.250,66 1/3,74,8,38,5,74,39,37,1.69
1355,2020,김진영,한화,5.48,27,0,3,0,4,0.000,23,26,4,12,1,28,17,14,1.65
1356,2020,김종수,한화,5.52,15,0,0,0,3,-,14 2/3,18,3,4,0,10,10,9,1.50
1357,2020,박상원,한화,5.90,30,0,0,0,7,-,29,35,6,14,2,24,23,19,1.69
1358,2020,윤호솔,한화,6.00,3,0,0,0,0,-,3,4,1,2,0,1,2,2,2.00
1359,2020,이현호,한화,6.46,16,0,2,0,0,0.000,15 1/3,18,4,10,1,15,12,11,1.83
1360,2020,박주홍,한화,6.75,3,0,0,0,0,-,2 2/3,5,0,0,0,4,3,2,1.88
1361,2020,김이환,한화,6.85,6,1,3,0,0,0.250,23 2/3,27,4,19,1,16,18,18,1.94
1362,2020,황영국,한화,7.24,15,0,0,0,4,-,13 2/3,16,3,8,2,15,11,11,1.76
1363,2020,윤규진,한화,7.36,2,0,0,0,0,-,3 2/3,7,1,1,0,4,5,3,2.18
1364,2020,안영명,한화,7.71,13,1,1,0,0,0.500,14,21,2,4,0,12,14,12,1.79
1365,2020,채드벨,한화,7.96,8,0,6,0,0,0.000,37 1/3,51,6,20,3,29,36,33,1.90
1366,2020,장민재,한화,8.79,10,2,4,0,0,0.333,28 2/3,53,4,6,2,18,28,28,2.06
1367,2020,신정락,한화,9.00,16,0,1,0,0,0.000,12,15,2,7,2,14,12,12,1.83
1368,2020,임준섭,한화,13.50,5,0,1,0,0,0.000,6,14,1,3,0,3,9,9,2.83
1369,2020,한승주,한화,16.20,1,0,0,0,0,-,1 2/3,3,1,2,0,2,3,3,3.00
1370,2020,노시환,한화,18.00,1,0,0,0,0,-,1,1,1,0,1,0,2,2,1.00
1371,2020,황윤호,KIA,0.00,1,0,0,0,0,-,1/3,0,0,0,0,0,0,0,0.00
1372,2020,박준표,KIA,1.50,29,4,0,0,9,1.000,30,23,1,1,0,26,8,5,0.80
1373,2020,전상현,KIA,1.76,30,1,0,4,12,1.000,30 2/3,18,2,13,0,42,8,6,1.01
1374,2020,정해영,KIA,1.86,9,2,0,0,0,1.000,9 2/3,8,1,1,0,8,2,2,0.93
1375,2020,브룩스,KIA,2.54,14,5,3,0,0,0.625,88 2/3,83,3,18,2,72,26,25,1.14
1376,2020,김명찬,KIA,2.70,8,0,1,0,1,0.000,3 1/3,3,0,4,0,6,1,1,2.10
1377,2020,홍상삼,KIA,2.79,20,1,4,0,4,0.200,19 1/3,9,1,23,1,32,6,6,1.66
1378,2020,박정수,KIA,2.84,6,0,0,0,1,-,6 1/3,4,0,4,1,4,2,2,1.26
1379,2020,고영창,KIA,3.21,23,1,1,0,1,0.500,28,32,2,5,0,11,10,10,1.32
1380,2020,가뇽,KIA,3.53,13,6,3,0,0,0.667,74,65,2,25,4,74,34,29,1.22
1381,2020,임기영,KIA,3.57,11,5,4,0,0,0.556,58,58,4,14,4,51,29,23,1.24
1382,2020,변시원,KIA,3.60,4,1,0,0,0,1.000,5,8,0,3,0,1,4,2,2.20
1383,2020,김기훈,KIA,4.91,10,0,1,0,0,0.000,14 2/3,14,1,4,1,15,8,8,1.23
1384,2020,서덕원,KIA,4.91,3,0,0,0,0,-,3 2/3,4,1,2,1,2,2,2,1.64
1385,2020,문경찬,KIA,4.95,21,0,2,10,0,0.000,20,25,4,6,1,24,12,11,1.55
1386,2020,이민우,KIA,5.19,12,4,4,0,0,0.500,67 2/3,70,6,22,4,41,43,39,1.36
1387,2020,양현종,KIA,6.00,14,6,5,0,0,0.545,72,83,11,24,1,59,51,48,1.49
1388,2020,김현수,KIA,6.35,3,0,0,0,0,-,5 2/3,9,1,7,1,0,4,4,2.82
1389,2020,김승범,KIA,9.00,1,0,0,0,0,-,1,1,0,2,0,0,1,1,3.00
1390,2020,박진태,KIA,13.03,7,0,0,0,0,-,9 2/3,17,5,9,2,7,14,14,2.69
1391,2020,김현준,KIA,17.00,10,0,0,0,0,-,9,16,1,10,1,7,17,17,2.89
1392,2020,이준영,KIA,22.50,6,0,1,0,1,0.000,2,8,0,3,0,0,5,5,5.50
1393,2020,한승지,KT,-,1,0,0,0,0,-,0,4,0,1,1,0,4,4,-
1394,2020,이보근,KT,2.25,14,0,0,0,0,-,16,12,0,3,0,4,4,4,0.94
1395,2020,김성훈,KT,3.00,3,0,0,0,0,-,3,1,0,4,0,3,1,1,1.67
1396,2020,조현우,KT,3.18,18,0,1,1,1,0.000,17,12,1,8,1,9,6,6,1.18
1397,2020,주권,KT,3.65,37,4,2,0,14,0.667,37,32,4,13,0,26,16,15,1.22
1398,2020,쿠에바스,KT,3.97,11,5,2,0,0,0.714,68,60,6,17,6,57,30,30,1.13
1399,2020,유원상,KT,4.08,27,1,0,0,5,1.000,28 2/3,21,5,10,0,19,13,13,1.08
1400,2020,배제성,KT,4.11,12,5,2,0,0,0.714,70,73,7,33,1,46,33,32,1.51
1401,2020,데스파이네,KT,4.41,16,7,5,0,0,0.583,98,106,9,27,5,75,50,48,1.36
1402,2020,김재윤,KT,5.20,27,2,3,9,0,0.400,27 2/3,35,5,7,0,29,16,16,1.52
1403,2020,이상화,KT,5.40,18,1,1,0,1,0.500,15,11,2,10,0,7,9,9,1.40
1404,2020,조병욱,KT,5.40,6,0,1,0,0,0.000,25,30,3,9,0,7,15,15,1.56
1405,2020,손동현,KT,5.73,13,0,0,0,1,-,11,12,3,4,0,9,7,7,1.45
1406,2020,소형준,KT,5.90,11,4,5,0,0,0.444,58,70,6,17,3,28,43,38,1.50
1407,2020,김민수,KT,6.33,16,2,3,0,0,0.400,42 2/3,66,4,15,1,23,32,30,1.90
1408,2020,이강준,KT,6.35,4,0,0,0,0,-,5 2/3,9,1,5,3,3,4,4,2.47
1409,2020,전유수,KT,6.50,17,0,1,0,1,0.000,18,21,2,9,0,9,13,13,1.67
1410,2020,하준호,KT,8.38,10,0,0,0,2,-,9 2/3,6,0,12,1,8,11,9,1.86
1411,2020,김민,KT,9.00,8,2,3,0,0,0.400,26,29,4,22,4,17,29,26,1.96
1412,2020,이대은,KT,10.13,8,0,3,1,0,0.000,8,13,3,3,1,4,11,9,2.00
1413,2020,이선우,KT,13.50,2,0,0,0,0,-,2,6,1,1,0,1,3,3,3.50
1414,2020,금민철,KT,15.43,3,0,0,0,0,-,2 1/3,6,0,1,2,2,4,4,3.00
1415,2020,류희운,KT,15.75,5,0,1,0,0,0.000,4,6,1,4,0,4,7,7,2.50
1416,2020,이상동,KT,16.20,2,0,0,0,0,-,3 1/3,11,0,2,0,2,6,6,3.90
1417,2020,박세진,KT,108.00,1,0,0,0,0,-,1/3,2,0,1,1,0,4,4,9.00
1418,2020,류원석,LG,0.00,2,0,0,0,0,-,1 2/3,1,0,3,0,2,0,0,2.40
1419,2020,이정용,LG,0.00,1,0,0,0,0,-,2,2,0,0,0,1,0,0,1.00
1420,2020,이찬혁,LG,0.00,1,0,0,0,0,-,1/3,1,0,1,0,0,0,0,6.00
1421,2020,이민호,LG,1.80,8,2,2,0,0,0.500,40,28,0,19,6,29,10,8,1.18
1422,2020,정찬헌,LG,3.22,8,4,1,0,0,0.800,50 1/3,47,5,11,1,48,25,18,1.15
1423,2020,정우영,LG,3.38,28,1,1,5,5,0.500,34 2/3,27,2,11,4,22,13,13,1.10
1424,2020,진해수,LG,3.52,32,1,1,0,11,0.500,23,25,1,8,2,26,10,9,1.43
1425,2020,임찬규,LG,3.73,12,6,3,0,0,0.667,70,69,6,20,3,64,33,29,1.27
1426,2020,윌슨,LG,4.13,13,4,5,0,0,0.444,76 1/3,80,7,24,2,54,41,35,1.36
1427,2020,최동환,LG,4.33,20,1,0,0,0,1.000,27,33,5,6,1,19,14,13,1.44
1428,2020,켈리,LG,4.65,14,4,5,0,0,0.444,81 1/3,91,8,21,4,67,44,42,1.38
1429,2020,최성훈,LG,5.14,20,0,0,0,0,-,14,11,1,6,0,13,8,8,1.21
1430,2020,차우찬,LG,5.34,13,5,5,0,0,0.500,64,71,8,28,2,51,39,38,1.55
1431,2020,이상규,LG,6.43,21,2,2,4,1,0.500,21,28,2,15,1,12,15,15,2.05
1432,2020,김대현,LG,6.56,25,3,0,0,3,1.000,23 1/3,27,6,15,0,22,19,17,1.80
1433,2020,김윤식,LG,6.75,11,0,1,0,1,0.000,16,22,3,3,3,10,13,12,1.56
1434,2020,여건욱,LG,6.75,22,1,3,1,2,0.250,24,30,6,4,2,12,20,18,1.42
1435,2020,송은범,LG,7.50,19,1,2,2,2,0.333,18,31,2,8,2,7,15,15,2.17
1436,2020,문광은,LG,11.25,4,0,0,0,0,-,4,7,1,2,0,4,5,5,2.25
1437,2020,고우석,LG,12.27,6,0,0,1,1,-,3 2/3,9,0,2,1,3,7,5,3.00
1438,2020,한선태,LG,18.00,1,0,0,0,0,-,1,3,0,2,0,0,2,2,5.00
1439,2020,백청훈,LG,20.25,2,0,0,0,0,-,1 1/3,4,1,0,0,0,3,3,3.00
1440,2020,김대유,LG,23.14,3,0,0,0,0,-,2 1/3,5,0,1,1,1,6,6,2.57
1441,2020,이우찬,LG,36.00,3,0,0,0,0,-,1,3,0,4,0,1,4,4,7.00
1442,2020,임형원,NC,-,1,0,0,0,0,-,0,1,0,0,0,0,1,1,-
1443,2020,홍성민,NC,0.00,1,0,0,0,0,-,1,0,0,1,0,0,0,0,1.00
1444,2020,구창모,NC,1.35,12,9,0,0,0,1.000,80,48,3,15,0,92,14,12,0.79
1445,2020,루친스키,NC,1.99,14,10,1,0,0,0.909,90 1/3,71,7,27,4,81,22,20,1.08
1446,2020,원종현,NC,3.30,29,3,1,15,0,0.750,30,23,3,10,1,22,11,11,1.10
1447,2020,배재환,NC,3.45,34,1,2,0,11,0.333,28 2/3,23,2,21,5,22,11,11,1.53
1448,2020,박진우,NC,3.94,31,2,0,0,6,1.000,29 2/3,29,1,8,3,13,14,13,1.25
1449,2020,라이트,NC,4.04,14,6,3,0,0,0.667,75 2/3,71,7,36,5,60,34,34,1.41
1450,2020,강동연,NC,4.70,15,1,1,0,1,0.500,15 1/3,13,3,6,1,12,8,8,1.24
1451,2020,김진호,NC,4.91,2,0,0,0,0,-,7 1/3,6,1,7,0,7,4,4,1.77
1452,2020,임정호,NC,4.95,30,1,2,0,10,0.333,20,15,1,8,3,14,13,11,1.15
1453,2020,송명기,NC,5.17,17,1,0,0,0,1.000,15 2/3,13,2,5,0,19,9,9,1.15
1454,2020,최성영,NC,5.21,8,1,1,0,0,0.500,38,39,8,19,2,15,23,22,1.53
1455,2020,강윤구,NC,5.40,23,1,1,0,3,0.500,16 2/3,24,2,9,0,13,10,10,1.98
1456,2020,이재학,NC,5.59,13,4,5,0,0,0.444,67 2/3,72,9,26,4,47,42,42,1.45
1457,2020,김진성,NC,5.87,8,0,0,0,0,-,7 2/3,11,2,1,0,11,5,5,1.57
1458,2020,김영규,NC,7.46,10,0,1,0,1,0.000,25 1/3,38,8,4,0,18,23,21,1.66
1459,2020,배민서,NC,9.00,1,0,0,0,0,-,2,4,1,1,0,1,2,2,2.50
1460,2020,장현식,NC,9.31,9,1,0,0,0,1.000,9 2/3,12,1,6,1,4,11,10,1.86
1461,2020,김건태,NC,10.22,15,1,1,0,2,0.500,12 1/3,11,4,9,1,13,14,14,1.62
1462,2020,임창민,NC,10.64,15,2,1,0,2,0.667,11,13,1,9,1,13,15,13,2.00
1463,2020,홍성무,NC,12.60,11,0,0,1,0,-,15,21,3,13,1,12,22,21,2.27
1464,2020,박민호,SK,2.20,32,1,0,3,6,1.000,28 2/3,22,1,11,1,22,8,7,1.15
1465,2020,김정빈,SK,2.48,32,0,0,1,9,-,29,18,1,21,2,32,11,8,1.34
1466,2020,이건욱,SK,3.08,11,4,2,0,0,0.667,49 2/3,37,3,23,2,37,17,17,1.21
1467,2020,문승원,SK,3.30,13,2,6,0,0,0.250,79,70,6,20,4,68,33,29,1.14
1468,2020,김주온,SK,4.05,13,0,3,0,0,0.000,13 1/3,16,1,7,2,8,6,6,1.73
1469,2020,핀토,SK,4.60,14,4,5,0,0,0.444,78 1/3,93,4,41,6,43,50,40,1.71
1470,2020,서진용,SK,4.75,33,0,5,2,9,0.000,30 1/3,25,6,14,1,33,20,16,1.29
1471,2020,박종훈,SK,4.97,14,5,5,0,0,0.500,76,75,6,36,6,78,44,42,1.46
1472,2020,신재웅,SK,5.40,5,1,0,0,0,1.000,3 1/3,5,1,2,0,2,2,2,2.10
1473,2020,정영일,SK,5.79,16,1,1,1,1,0.500,14,14,5,5,2,10,9,9,1.36
1474,2020,조영우,SK,5.89,15,1,0,0,0,1.000,18 1/3,27,0,8,1,9,13,12,1.91
1475,2020,김태훈,SK,5.96,12,1,5,0,0,0.167,45 1/3,41,4,28,3,24,30,30,1.52
1476,2020,이태양,SK,6.38,17,0,0,0,1,-,18 1/3,26,2,7,0,16,14,13,1.80
1477,2020,박희수,SK,6.48,18,0,1,0,0,0.000,16 2/3,21,4,5,0,19,12,12,1.56
1478,2020,킹엄,SK,6.75,2,0,2,0,0,0.000,10 2/3,16,1,4,0,6,11,8,1.88
1479,2020,김세현,SK,7.04,9,1,0,0,2,1.000,7 2/3,9,2,4,0,6,6,6,1.70
1480,2020,김주한,SK,7.61,8,0,5,0,0,0.000,23 2/3,33,3,12,5,7,22,20,1.90
1481,2020,백승건,SK,7.62,4,0,2,0,0,0.000,13,18,4,10,0,13,11,11,2.15
1482,2020,하재훈,SK,7.62,15,1,1,4,0,0.500,13,19,2,8,0,10,13,11,2.08
1483,2020,이원준,SK,7.94,15,0,1,0,0,0.000,17,23,3,14,0,15,16,15,2.18
1484,2020,김택형,SK,8.49,15,1,0,0,2,1.000,11 2/3,15,2,9,0,12,11,11,2.06
