,연도,선수이름,팀명,타율,경기,타석,타수,득점,안타,2루타,3루타,홈런,루타,타점,희생번트,희생플라이
0,2015,유한준,넥센,0.362,139,598,520,103,188,42,1,23,301,116,1,8
1,2015,박병호,넥센,0.343,140,622,528,129,181,35,1,53,377,146,0,4
2,2015,허정협,넥센,0.333,4,6,6,1,2,0,0,0,2,0,0,0
3,2015,홍성갑,넥센,0.333,7,10,9,0,3,0,0,0,3,2,0,0
4,2015,이택근,넥센,0.326,105,401,347,61,113,16,1,10,161,44,3,4
5,2015,고종욱,넥센,0.310,119,443,407,81,126,25,4,10,189,51,4,1
6,2015,김민성,넥센,0.303,118,489,445,60,135,24,0,16,207,71,2,3
7,2015,서건창,넥센,0.298,85,368,312,52,93,24,4,3,134,37,11,2
8,2015,윤석민,넥센,0.294,108,418,361,54,106,24,1,14,174,71,5,7
9,2015,김하성,넥센,0.290,140,582,511,89,148,35,5,19,250,73,4,6
10,2015,스나이더,넥센,0.281,113,487,431,88,121,26,1,26,227,71,3,5
11,2015,강지광,넥센,0.278,13,21,18,3,5,0,0,0,5,2,0,0
12,2015,장시윤,넥센,0.276,17,31,29,2,8,0,0,0,8,2,2,0
13,2015,박동원,넥센,0.266,127,443,379,47,101,12,1,14,157,61,10,8
14,2015,김재현,넥센,0.262,59,71,65,7,17,3,0,1,23,6,2,1
15,2015,유재신,넥센,0.259,62,32,27,21,7,2,0,0,9,3,2,0
16,2015,송성문,넥센,0.250,7,12,12,0,3,0,0,0,3,1,0,0
17,2015,박헌도,넥센,0.248,108,267,218,31,54,13,0,8,91,42,3,2
18,2015,유선정,넥센,0.240,17,27,25,1,6,0,0,0,6,2,0,0
19,2015,문우람,넥센,0.235,63,138,119,22,28,10,0,2,44,22,1,3
20,2015,김지수,넥센,0.235,104,151,132,23,31,7,0,0,38,13,7,1
21,2015,서동욱,넥센,0.233,55,118,103,14,24,5,0,3,38,15,1,0
22,2015,임병욱,넥센,0.186,40,52,43,13,8,1,1,1,14,3,0,0
23,2015,장영석,넥센,0.125,6,8,8,0,1,0,0,0,1,0,0,0
24,2015,김민준,넥센,0.000,2,2,1,1,0,0,0,0,0,0,0,0
25,2015,김택형,넥센,-,1,0,0,0,0,0,0,0,0,0,0,0
26,2015,마정길,넥센,-,1,0,0,0,0,0,0,0,0,0,0,0
27,2015,문성현,넥센,-,2,0,0,0,0,0,0,0,0,0,0,0
28,2015,손승락,넥센,-,1,0,0,0,0,0,0,0,0,0,0,0
29,2015,한현희,넥센,-,2,0,0,0,0,0,0,0,0,0,0,0
30,2015,박건우,두산,0.342,70,175,158,31,54,12,0,5,81,26,2,0
31,2015,김응민,두산,0.333,4,3,3,1,1,0,0,1,4,2,0,0
32,2015,고영민,두산,0.328,41,77,67,13,22,1,0,3,32,11,0,1
33,2015,김현수,두산,0.326,141,630,512,103,167,26,0,28,277,121,0,9
34,2015,양의지,두산,0.326,132,513,442,70,144,27,0,20,231,93,2,6
35,2015,허경민,두산,0.317,117,453,404,64,128,20,2,1,155,41,8,3
36,2015,김재호,두산,0.307,133,488,410,63,126,24,3,3,165,50,14,7
37,2015,민병헌,두산,0.303,129,561,491,80,149,20,2,12,209,75,6,6
38,2015,정수빈,두산,0.295,128,570,491,79,145,27,7,2,192,59,19,6
39,2015,오재일,두산,0.289,66,213,180,33,52,11,1,14,107,36,1,2
40,2015,최주환,두산,0.282,100,270,238,34,67,16,2,5,102,32,3,1
41,2015,오재원,두산,0.280,120,474,411,60,115,20,2,11,172,59,7,4
42,2015,유민상,두산,0.263,15,45,38,5,10,1,0,1,14,6,0,1
43,2015,홍성흔,두산,0.262,93,352,301,39,79,12,0,7,112,46,4,0
44,2015,로메로,두산,0.253,76,305,265,30,67,16,0,12,119,50,0,7
45,2015,김재환,두산,0.235,48,180,153,24,36,8,0,7,65,22,1,2
46,2015,정진호,두산,0.234,77,172,154,37,36,5,3,4,59,18,3,0
47,2015,국해성,두산,0.200,11,26,20,6,4,1,0,1,8,5,1,2
48,2015,류지혁,두산,0.200,14,5,5,3,1,0,0,0,1,0,0,0
49,2015,장민석,두산,0.189,53,63,53,15,10,2,0,0,12,4,1,1
50,2015,김진형,두산,0.167,14,21,18,3,3,2,0,1,8,2,0,0
51,2015,최재훈,두산,0.152,71,114,99,6,15,3,0,0,18,7,3,1
52,2015,양종민,두산,0.125,32,18,16,6,2,0,0,1,5,2,0,0
53,2015,루츠,두산,0.111,8,30,27,2,3,0,0,1,6,3,0,1
54,2015,노경은,두산,-,1,0,0,0,0,0,0,0,0,0,0,0
55,2015,니퍼트,두산,-,1,0,0,0,0,0,0,0,0,0,0,0
56,2015,양현,두산,-,1,0,0,0,0,0,0,0,0,0,0,0
57,2015,이원재,두산,-,1,0,0,0,0,0,0,0,0,0,0,0
58,2015,이현승,두산,-,2,0,0,0,0,0,0,0,0,0,0,0
59,2015,진야곱,두산,-,2,0,0,0,0,0,0,0,0,0,0,0
60,2015,손아섭,롯데,0.317,116,517,445,86,141,28,1,13,210,54,0,3
61,2015,아두치,롯데,0.314,132,594,526,105,165,34,5,28,293,106,1,4
62,2015,강민호,롯데,0.311,123,456,380,63,118,18,1,35,243,86,0,2
63,2015,최준석,롯데,0.306,144,618,507,78,155,18,1,31,268,109,1,1
64,2015,김문호,롯데,0.306,93,325,288,35,88,13,0,4,113,31,6,2
65,2015,정훈,롯데,0.300,135,562,486,85,146,27,2,9,204,62,7,3
66,2015,황재균,롯데,0.290,144,596,534,95,155,41,2,26,278,97,4,6
67,2015,오승택,롯데,0.275,122,353,327,57,90,18,1,8,134,43,4,1
68,2015,오윤석,롯데,0.273,29,36,33,7,9,1,0,1,13,3,1,0
69,2015,김주현,롯데,0.260,47,79,73,7,19,4,0,2,29,12,1,0
70,2015,박종윤,롯데,0.255,98,326,314,29,80,11,3,4,109,28,1,1
71,2015,문규현,롯데,0.245,105,298,265,24,65,12,1,2,85,25,15,3
72,2015,김민하,롯데,0.241,54,141,116,18,28,6,0,1,37,8,3,0
73,2015,안중열,롯데,0.240,80,137,125,16,30,10,0,1,43,14,4,1
74,2015,이우민,롯데,0.227,75,174,141,18,32,4,0,4,48,18,17,0
75,2015,손용석,롯데,0.217,38,74,69,4,15,2,0,0,17,2,4,0
76,2015,오현근,롯데,0.214,20,36,28,3,6,2,0,0,8,3,2,0
77,2015,김대우,롯데,0.174,39,100,92,9,16,1,1,3,28,9,2,0
78,2015,김준태,롯데,0.154,27,31,26,0,4,0,0,0,4,0,1,0
79,2015,임재철,롯데,0.154,38,63,52,6,8,2,0,1,13,3,3,0
80,2015,김대륙,롯데,0.148,71,63,54,6,8,0,0,0,8,1,2,0
81,2015,강동수,롯데,0.125,22,8,8,2,1,0,0,0,1,0,0,0
82,2015,김재유,롯데,0.111,18,10,9,3,1,0,0,0,1,1,0,0
83,2015,박세웅,롯데,-,1,0,0,0,0,0,0,0,0,0,0,0
84,2015,박준서,롯데,0.000,3,5,5,0,0,0,0,0,0,0,0,0
85,2015,박진형,롯데,-,1,0,0,0,0,0,0,0,0,0,0,0
86,2015,배장호,롯데,-,1,0,0,0,0,0,0,0,0,0,0,0
87,2015,백민기,롯데,0.000,8,9,7,1,0,0,0,0,0,0,0,0
88,2015,심수창,롯데,-,2,0,0,0,0,0,0,0,0,0,0,0
89,2015,이성민,롯데,-,3,0,0,0,0,0,0,0,0,0,0,0
90,2015,이정식,삼성,0.400,5,5,5,0,2,0,0,0,2,0,0,0
91,2015,배영섭,삼성,0.375,4,18,16,2,6,0,0,0,6,2,0,0
92,2015,구자욱,삼성,0.349,116,465,410,97,143,33,5,11,219,57,0,4
93,2015,채태인,삼성,0.348,104,373,333,35,116,19,0,8,159,49,0,4
94,2015,이승엽,삼성,0.332,122,522,470,87,156,28,1,26,264,90,0,6
95,2015,진갑용,삼성,0.324,39,73,68,8,22,2,0,3,33,10,0,1
96,2015,박석민,삼성,0.321,135,559,448,90,144,25,0,26,247,116,1,8
97,2015,최형우,삼성,0.318,144,637,547,94,174,33,1,33,308,123,0,8
98,2015,이지영,삼성,0.305,124,400,361,36,110,10,1,1,125,55,16,5
99,2015,박한이,삼성,0.300,94,429,367,62,110,17,4,11,168,52,7,1
100,2015,박해민,삼성,0.293,144,608,525,96,154,22,7,0,190,47,23,2
101,2015,나바로,삼성,0.287,140,643,534,126,153,19,1,48,318,137,1,9
102,2015,김상수,삼성,0.278,132,518,449,67,125,30,4,8,187,63,13,7
103,2015,백상원,삼성,0.247,52,94,77,10,19,5,0,0,24,7,2,1
104,2015,이흥련,삼성,0.238,71,108,105,16,25,7,0,1,35,17,1,0
105,2015,이영욱,삼성,0.227,38,26,22,8,5,2,0,0,7,2,0,0
106,2015,박찬도,삼성,0.213,116,106,89,32,19,2,1,0,23,9,5,0
107,2015,우동균,삼성,0.208,37,82,72,12,15,4,0,0,19,6,1,0
108,2015,김재현,삼성,0.171,73,48,41,7,7,0,0,0,7,5,2,0
109,2015,김정혁,삼성,0.167,17,20,18,3,3,0,0,0,3,1,1,0
110,2015,최선호,삼성,0.167,33,44,42,8,7,1,0,0,8,1,2,0
111,2015,강봉규,삼성,0.000,5,8,6,0,0,0,0,0,0,0,0,0
112,2015,김태완,삼성,0.000,4,6,5,0,0,0,0,0,0,0,0,0
113,2015,박계범,삼성,-,3,0,0,0,0,0,0,0,0,0,0,0
114,2015,심창민,삼성,-,1,0,0,0,0,0,0,0,0,0,0,0
115,2015,윤영수,삼성,0.000,4,2,2,0,0,0,0,0,0,0,0,0
116,2015,이상훈,삼성,0.000,4,8,7,0,0,0,0,0,0,0,1,0
117,2015,임창용,삼성,-,2,0,0,0,0,0,0,0,0,0,0,0
118,2015,정인욱,삼성,-,1,0,0,0,0,0,0,0,0,0,0,0
119,2015,최민구,삼성,-,6,1,0,1,0,0,0,0,0,1,0,1
120,2015,이창열,한화,0.500,5,2,2,0,1,1,0,0,2,1,0,0
121,2015,이용규,한화,0.341,124,585,493,94,168,15,7,4,209,42,11,4
122,2015,김경언,한화,0.337,107,437,377,58,127,21,1,16,198,78,5,3
123,2015,박노민,한화,0.333,23,26,24,1,8,0,0,0,8,4,0,0
124,2015,정근우,한화,0.316,126,552,468,99,148,30,2,12,218,66,13,2
125,2015,김태균,한화,0.316,133,524,408,61,129,28,0,21,220,104,1,5
126,2015,정현석,한화,0.310,43,133,116,20,36,6,0,1,45,12,2,0
127,2015,하주석,한화,0.300,4,11,10,3,3,0,0,0,3,1,0,0
128,2015,최진행,한화,0.291,109,410,333,55,97,17,0,18,168,64,5,3
129,2015,이종환,한화,0.290,44,106,100,14,29,4,0,0,33,12,0,0
130,2015,이시찬,한화,0.281,34,72,64,7,18,1,0,0,19,6,1,2
131,2015,폭스,한화,0.278,38,121,108,16,30,4,0,7,55,25,0,2
132,2015,모건,한화,0.273,10,42,33,2,9,2,0,0,11,5,0,1
133,2015,강경학,한화,0.257,120,376,311,50,80,7,4,2,101,27,17,3
134,2015,장운호,한화,0.254,42,141,114,17,29,4,0,2,39,8,11,0
135,2015,이성열,한화,0.250,101,268,232,35,58,10,2,9,99,36,5,2
136,2015,지성준,한화,0.250,9,12,12,1,3,1,0,0,4,0,0,0
137,2015,송광민,한화,0.243,12,41,37,2,9,2,0,0,11,1,1,0
138,2015,김태완,한화,0.239,22,50,46,5,11,2,0,0,13,3,0,0
139,2015,조인성,한화,0.232,106,310,276,33,64,11,0,11,108,44,11,1
140,2015,한상훈,한화,0.230,35,75,61,7,14,4,0,0,18,8,5,0
141,2015,신성현,한화,0.225,64,117,102,17,23,3,0,4,38,17,2,0
142,2015,권용관,한화,0.220,116,341,296,32,65,8,1,5,90,22,17,1
143,2015,주현상,한화,0.210,103,246,214,18,45,7,0,0,52,12,6,2
144,2015,김회성,한화,0.209,83,268,225,36,47,10,2,16,109,35,3,2
145,2015,송주호,한화,0.200,121,156,140,18,28,6,0,1,37,9,8,0
146,2015,허도환,한화,0.176,61,106,91,8,16,7,0,1,26,6,3,0
147,2015,황선일,한화,0.174,13,25,23,1,4,2,0,0,6,2,0,0
148,2015,고동진,한화,0.169,27,70,59,5,10,4,0,0,14,7,5,0
149,2015,정범모,한화,0.135,51,114,96,3,13,2,0,0,15,10,7,1
150,2015,김주찬,KIA,0.327,98,377,333,66,109,23,2,18,190,62,1,8
151,2015,필,KIA,0.325,143,591,536,81,174,35,1,22,277,101,0,9
152,2015,황대인,KIA,0.273,22,44,44,3,12,2,0,2,20,7,0,0
153,2015,이범호,KIA,0.270,138,514,437,60,118,25,0,28,227,79,0,4
154,2015,김원섭,KIA,0.267,110,341,277,45,74,13,3,5,108,33,6,2
155,2015,신종길,KIA,0.262,99,348,313,56,82,13,4,5,118,28,4,0
156,2015,김민우,KIA,0.260,90,315,269,28,70,16,1,6,106,34,21,3
157,2015,최희섭,KIA,0.256,42,149,125,18,32,3,0,6,53,20,0,1
158,2015,나지완,KIA,0.253,116,368,304,34,77,16,0,7,114,31,0,2
159,2015,김다원,KIA,0.245,108,274,245,31,60,9,0,5,84,30,0,2
160,2015,백용환,KIA,0.234,65,177,154,22,36,6,0,10,72,30,0,3
161,2015,김주형,KIA,0.229,45,88,83,2,19,3,0,2,28,3,0,0
162,2015,최용규,KIA,0.225,69,200,182,23,41,4,3,2,57,18,1,2
163,2015,이성우,KIA,0.222,79,134,117,8,26,8,0,1,37,16,5,3
164,2015,김호령,KIA,0.218,103,283,257,31,56,10,2,1,73,21,6,0
165,2015,이홍구,KIA,0.216,112,246,222,25,48,10,1,12,96,39,5,0
166,2015,오준혁,KIA,0.213,32,86,80,11,17,2,0,2,25,10,1,2
167,2015,강한울,KIA,0.205,90,292,264,30,54,8,3,0,68,12,12,0
168,2015,박기남,KIA,0.203,51,93,69,8,14,3,0,0,17,3,3,0
169,2015,이인행,KIA,0.200,20,33,30,0,6,0,0,0,6,0,1,0
170,2015,박찬호,KIA,0.182,69,150,137,13,25,5,1,0,32,6,4,0
171,2015,차일목,KIA,0.174,11,25,23,0,4,0,0,0,4,2,0,0
172,2015,윤완주,KIA,0.171,28,38,35,4,6,1,0,1,10,2,1,1
173,2015,이은총,KIA,0.171,11,38,35,3,6,1,0,0,7,3,1,0
174,2015,박준태,KIA,0.167,51,88,66,15,11,2,1,0,15,4,3,0
175,2015,최병연,KIA,0.167,19,7,6,2,1,0,0,0,1,0,0,0
176,2015,고영우,KIA,0.154,82,57,52,17,8,2,0,1,13,4,1,0
177,2015,이호신,KIA,0.140,54,62,50,9,7,1,0,0,8,3,3,1
178,2015,노수광,KIA,0.083,10,14,12,2,1,1,0,0,2,1,0,0
179,2015,김광수,KIA,-,2,0,0,0,0,0,0,0,0,0,0,0
180,2015,김선민,KT,0.429,23,38,35,2,15,2,0,0,17,3,0,1
181,2015,마르테,KT,0.348,115,487,425,85,148,32,1,20,242,89,0,8
182,2015,댄블랙,KT,0.333,54,225,198,25,66,10,1,12,114,32,0,0
183,2015,장성호,KT,0.309,49,114,94,11,29,4,0,1,36,16,0,1
184,2015,이대형,KT,0.302,140,616,546,86,165,23,3,0,194,37,10,1
185,2015,박경수,KT,0.284,137,537,440,75,125,30,1,22,223,73,6,4
186,2015,장성우,KT,0.284,133,491,433,55,123,20,1,13,184,77,3,9
187,2015,김상현,KT,0.280,134,539,475,71,133,20,0,27,234,88,0,6
188,2015,박기혁,KT,0.280,126,350,300,27,84,13,1,1,102,30,16,1
189,2015,김민혁,KT,0.276,82,179,156,21,43,2,3,0,51,10,7,0
190,2015,윤요섭,KT,0.264,74,159,148,17,39,4,0,9,70,28,2,2
191,2015,박용근,KT,0.263,27,86,76,7,20,6,0,0,26,4,3,0
192,2015,오정복,KT,0.259,66,278,239,34,62,11,1,5,90,29,2,1
193,2015,하준호,KT,0.258,80,279,248,33,64,10,0,6,92,26,2,1
194,2015,김사연,KT,0.254,72,248,228,31,58,7,1,7,88,27,3,0
195,2015,송민섭,KT,0.250,28,51,44,3,11,3,1,0,16,1,5,0
196,2015,윤도경,KT,0.250,4,4,4,0,1,0,0,0,1,1,0,0
197,2015,모상기,KT,0.231,8,15,13,2,3,0,0,0,3,0,0,0
198,2015,이지찬,KT,0.231,34,42,39,4,9,2,0,0,11,4,1,0
199,2015,김영환,KT,0.229,37,49,48,4,11,0,0,1,14,7,0,0
200,2015,조중근,KT,0.222,25,39,36,4,8,0,0,1,11,2,0,0
201,2015,김종민,KT,0.219,26,35,32,2,7,0,0,0,7,1,0,0
202,2015,김진곤,KT,0.212,67,87,85,11,18,1,0,0,19,6,1,0
203,2015,김태훈,KT,0.209,22,44,43,3,9,1,0,1,13,2,0,1
204,2015,신명철,KT,0.209,89,168,134,12,28,2,2,2,40,18,6,1
205,2015,김동명,KT,0.196,21,66,51,8,10,3,0,0,13,3,1,0
206,2015,심우준,KT,0.169,106,146,142,16,24,7,0,1,34,14,2,0
207,2015,문상철,KT,0.163,51,88,80,10,13,3,0,2,22,6,1,0
208,2015,이창진,KT,0.158,13,20,19,1,3,1,0,0,4,0,0,0
209,2015,배병옥,KT,0.092,66,68,65,8,6,1,0,1,10,2,1,0
210,2015,양원혁,LG,0.500,3,2,2,2,1,0,0,0,1,1,0,0
211,2015,서상우,LG,0.340,58,171,159,29,54,8,0,6,80,22,0,0
212,2015,안익훈,LG,0.339,50,74,62,9,21,2,1,0,25,3,3,0
213,2015,강병의,LG,0.333,8,3,3,0,1,0,0,0,1,0,0,0
214,2015,한나한,LG,0.327,32,126,107,17,35,9,0,4,56,22,1,3
215,2015,박용택,LG,0.326,128,533,487,66,159,28,2,18,245,83,1,7
216,2015,백창수,LG,0.323,25,36,31,4,10,4,0,0,14,0,2,0
217,2015,히메네스,LG,0.312,70,299,279,37,87,17,2,11,141,46,0,4
218,2015,정성훈,LG,0.284,117,440,363,47,103,16,1,9,148,45,6,4
219,2015,임훈,LG,0.278,88,296,252,44,70,12,1,1,87,24,7,2
220,2015,오지환,LG,0.278,138,566,497,76,138,41,4,11,220,56,3,3
221,2015,나성용,LG,0.274,40,79,73,7,20,2,0,3,31,9,0,0
222,2015,유강남,LG,0.272,126,313,279,26,76,11,1,8,113,37,7,1
223,2015,황목치승,LG,0.268,24,74,71,13,19,3,1,0,24,8,0,1
224,2015,이민재,LG,0.267,28,34,30,6,8,1,0,0,9,4,1,1
225,2015,양석환,LG,0.260,125,384,358,36,93,22,1,8,141,48,5,3
226,2015,이진영,LG,0.256,103,350,301,32,77,5,1,9,111,39,2,2
227,2015,김용의,LG,0.251,71,199,171,30,43,5,1,0,50,15,3,0
228,2015,채은성,LG,0.249,90,198,173,25,43,11,2,4,70,20,3,3
229,2015,손주인,LG,0.246,98,279,244,27,60,9,0,0,69,14,12,1
230,2015,이병규,LG,0.243,70,277,230,42,56,9,1,12,103,35,1,0
231,2015,문선재,LG,0.226,103,245,212,27,48,13,1,5,78,27,6,1
232,2015,이병규,LG,0.219,54,102,96,3,21,7,0,1,31,9,0,1
233,2015,장준원,LG,0.208,20,26,24,2,5,0,0,0,5,1,0,1
234,2015,최경철,LG,0.208,109,215,183,23,38,7,1,3,56,19,9,1
235,2015,박지규,LG,0.205,102,189,171,22,35,8,1,0,45,12,4,1
236,2015,박성준,LG,0.200,11,12,10,3,2,0,0,0,2,0,0,0
237,2015,김영관,LG,0.143,20,21,21,2,3,0,0,1,6,2,0,0
238,2015,윤진호,LG,0.083,30,13,12,3,1,0,0,0,1,1,1,0
239,2015,최승준,LG,0.077,8,31,26,0,2,0,0,0,2,1,0,1
240,2015,테임즈,NC,0.381,142,595,472,130,180,42,5,47,373,140,0,7
241,2015,박정준,NC,0.381,19,24,21,2,8,2,0,0,10,2,0,0
242,2015,조평호,NC,0.364,22,22,22,4,8,2,0,1,13,3,0,0
243,2015,나성범,NC,0.326,144,622,564,112,184,34,5,28,312,135,3,8
244,2015,박민우,NC,0.304,141,617,520,111,158,31,6,3,210,47,3,7
245,2015,김종호,NC,0.295,133,486,424,90,125,16,7,4,167,36,10,3
246,2015,이호준,NC,0.294,131,518,449,48,132,25,0,24,229,110,3,2
247,2015,모창민,NC,0.290,103,239,214,23,62,14,0,6,94,35,4,3
248,2015,박광열,NC,0.286,33,22,21,2,6,1,0,0,7,3,0,1
249,2015,조영훈,NC,0.282,103,146,124,20,35,8,0,8,67,35,1,2
250,2015,이종욱,NC,0.268,125,504,440,63,118,25,2,5,162,52,4,3
251,2015,지석훈,NC,0.267,137,466,415,53,111,15,0,11,159,46,9,3
252,2015,김성욱,NC,0.258,125,204,182,32,47,8,1,3,66,26,0,1
253,2015,김태군,NC,0.254,144,474,421,45,107,24,0,6,149,52,11,7
254,2015,최재원,NC,0.247,114,102,85,31,21,8,0,2,35,13,1,0
255,2015,손시헌,NC,0.245,140,508,440,56,108,24,2,13,175,58,13,5
256,2015,용덕한,NC,0.243,91,157,140,12,34,6,0,1,43,13,5,0
257,2015,김준완,NC,0.227,30,54,44,12,10,0,0,0,10,2,0,0
258,2015,강구성,NC,0.200,4,5,5,0,1,1,0,0,2,0,0,0
259,2015,윤병호,NC,0.111,9,9,9,0,1,0,0,0,1,0,0,0
260,2015,노진혁,NC,0.079,65,42,38,4,3,2,0,0,5,2,1,1
261,2015,강민국,NC,0.000,1,2,2,0,0,0,0,0,0,0,0,0
262,2015,강장산,NC,-,2,0,0,0,0,0,0,0,0,0,0,0
263,2015,고창성,NC,-,1,0,0,0,0,0,0,0,0,0,0,0
264,2015,김태진,NC,0.000,1,3,3,0,0,0,0,0,0,0,0,0
265,2015,노성호,NC,-,1,0,0,0,0,0,0,0,0,0,0,0
266,2015,마낙길,NC,-,1,0,0,0,0,0,0,0,0,0,0,0
267,2015,민성기,NC,-,3,0,0,0,0,0,0,0,0,0,0,0
268,2015,손민한,NC,-,1,0,0,0,0,0,0,0,0,0,0,0
269,2015,이민호,NC,-,1,0,0,0,0,0,0,0,0,0,0,0
270,2015,이진석,SK,0.500,6,2,2,1,1,0,0,0,1,0,0,0
271,2015,김기현,SK,0.429,9,9,7,0,3,0,0,0,3,0,0,0
272,2015,이현석,SK,0.333,3,3,3,1,1,0,0,1,4,2,0,0
273,2015,홍명찬,SK,0.333,5,3,3,0,1,0,0,0,1,0,0,0
274,2015,정의윤,SK,0.320,91,297,259,38,83,14,0,14,139,51,0,3
275,2015,이명기,SK,0.315,137,582,521,88,164,30,2,3,207,35,11,4
276,2015,최정민,SK,0.308,8,15,13,1,4,0,0,0,4,2,1,0
277,2015,김성현,SK,0.297,129,449,397,49,118,20,0,8,162,48,12,2
278,2015,최정,SK,0.295,81,330,275,43,81,17,0,17,149,58,1,3
279,2015,허웅,SK,0.294,18,19,17,2,5,1,0,0,6,3,0,0
280,2015,이재원,SK,0.282,140,559,489,58,138,18,1,17,209,100,0,5
281,2015,박정권,SK,0.281,124,494,438,66,123,23,0,21,209,70,4,2
282,2015,나주환,SK,0.268,96,273,246,31,66,15,0,5,96,22,12,1
283,2015,김연훈,SK,0.267,49,73,60,4,16,1,0,1,20,3,5,1
284,2015,이대수,SK,0.264,36,86,72,9,19,3,0,2,28,12,6,1
285,2015,조동화,SK,0.261,119,304,245,38,64,6,1,2,78,15,22,2
286,2015,브라운,SK,0.261,137,539,464,82,121,21,2,28,230,76,0,2
287,2015,정상호,SK,0.254,113,324,279,34,71,11,1,12,120,49,8,0
288,2015,박진만,SK,0.248,78,162,133,12,33,5,0,2,44,14,2,0
289,2015,박재상,SK,0.248,108,292,250,34,62,12,2,7,99,37,6,1
290,2015,김강민,SK,0.246,96,328,293,43,72,17,0,4,101,31,4,1
291,2015,윤중환,SK,0.240,15,28,25,1,6,0,0,1,9,4,0,0
292,2015,박계현,SK,0.231,97,302,264,27,61,2,0,0,63,21,13,1
293,2015,김민식,SK,0.167,23,26,24,4,4,0,0,0,4,0,0,0
294,2015,박윤,SK,0.111,17,29,27,1,3,0,0,0,3,0,1,0
295,2015,김재현,SK,0.105,46,20,19,13,2,0,1,0,4,0,0,0
296,2015,안정광,SK,0.105,10,19,19,0,2,0,0,0,2,1,0,0
297,2015,유서준,SK,0.083,17,13,12,5,1,0,0,0,1,0,0,0
298,2015,고효준,SK,-,1,0,0,0,0,0,0,0,0,0,0,0
299,2015,박정배,SK,-,1,0,0,0,0,0,0,0,0,0,0,0
300,2016,김웅빈,넥센,0.429,10,15,14,4,6,0,0,1,9,4,0,1
301,2016,윤석민,넥센,0.334,92,402,341,72,114,15,0,19,186,80,0,6
302,2016,고종욱,넥센,0.334,133,566,527,92,176,22,9,8,240,72,1,5
303,2016,서건창,넥센,0.325,140,646,560,111,182,30,7,7,247,63,3,4
304,2016,박정음,넥센,0.309,98,263,223,45,69,5,3,4,92,26,5,2
305,2016,이택근,넥센,0.309,127,460,398,64,123,19,1,8,168,65,0,6
306,2016,김민성,넥센,0.306,141,579,510,76,156,39,5,17,256,90,1,12
307,2016,대니돈,넥센,0.295,129,497,417,65,123,33,1,16,206,70,1,4
308,2016,채태인,넥센,0.286,124,417,370,29,106,14,3,7,147,72,0,9
309,2016,김지수,넥센,0.286,81,106,91,16,26,5,0,3,40,9,4,1
310,2016,김하성,넥센,0.281,144,599,526,92,148,29,7,20,251,84,2,5
311,2016,유재신,넥센,0.258,93,74,62,20,16,0,0,0,16,6,2,0
312,2016,임병욱,넥센,0.249,104,265,233,43,58,11,1,8,95,24,6,0
313,2016,박동원,넥센,0.248,127,454,411,44,102,25,1,14,171,70,6,3
314,2016,지재옥,넥센,0.231,7,17,13,2,3,0,0,1,6,1,0,0
315,2016,홍성갑,넥센,0.226,44,68,62,4,14,0,1,0,16,7,0,0
316,2016,주효상,넥센,0.222,12,19,18,3,4,1,0,0,5,3,0,0
317,2016,장시윤,넥센,0.200,9,14,10,3,2,0,0,0,2,0,0,0
318,2016,강지광,넥센,0.197,40,80,66,10,13,2,0,1,18,7,1,1
319,2016,장영석,넥센,0.192,23,33,26,6,5,2,0,0,7,3,0,0
320,2016,김재현,넥센,0.181,56,82,72,8,13,2,0,0,15,8,2,0
321,2016,허정협,넥센,0.176,13,20,17,0,3,0,0,0,3,1,0,0
322,2016,박윤,넥센,0.091,7,12,11,0,1,0,0,0,1,0,0,0
323,2016,김민준,넥센,0.083,20,13,12,4,1,0,0,0,1,0,0,0
324,2016,김세현,넥센,-,2,0,0,0,0,0,0,0,0,0,0,0
325,2016,김택형,넥센,-,1,1,0,0,0,0,0,0,0,0,0,0
326,2016,마정길,넥센,-,1,0,0,0,0,0,0,0,0,0,0,0
327,2016,오주원,넥센,-,1,0,0,0,0,0,0,0,0,0,0,0
328,2016,이정훈,넥센,-,1,0,0,0,0,0,0,0,0,0,0,0
329,2016,정진호,두산,0.375,31,32,24,9,9,0,1,0,11,3,0,0
330,2016,박건우,두산,0.335,132,540,484,95,162,36,4,20,266,83,4,5
331,2016,김재환,두산,0.325,134,568,492,107,160,32,3,37,309,124,0,5
332,2016,민병헌,두산,0.325,134,579,511,98,166,31,4,16,253,87,1,4
333,2016,양의지,두산,0.319,108,392,332,66,106,17,0,22,189,66,1,7
334,2016,오재일,두산,0.316,105,455,380,69,120,20,2,27,225,92,2,7
335,2016,이원석,두산,0.316,7,22,19,3,6,3,0,2,15,7,0,1
336,2016,김재호,두산,0.310,137,496,416,69,129,27,3,7,183,78,5,13
337,2016,에반스,두산,0.308,118,481,400,69,123,31,0,24,226,81,0,7
338,2016,류지혁,두산,0.288,90,134,118,34,34,5,0,3,48,9,2,1
339,2016,허경민,두산,0.286,144,609,538,96,154,24,4,7,207,81,6,2
340,2016,최주환,두산,0.281,85,182,160,21,45,11,0,2,62,22,2,4
341,2016,국해성,두산,0.278,58,174,151,28,42,11,0,4,65,24,0,1
342,2016,조수행,두산,0.276,66,29,29,16,8,0,0,0,8,3,0,0
343,2016,오재원,두산,0.272,122,484,416,68,113,18,1,5,148,58,3,6
344,2016,고영민,두산,0.250,8,5,4,1,1,1,0,0,2,1,0,0
345,2016,홍성흔,두산,0.250,17,45,40,4,10,2,0,0,12,5,0,0
346,2016,정수빈,두산,0.242,114,305,269,49,65,7,2,2,82,20,4,1
347,2016,최용제,두산,0.222,4,11,9,0,2,0,0,0,2,1,1,0
348,2016,박세혁,두산,0.209,87,210,172,26,36,5,1,5,58,23,11,3
349,2016,이우성,두산,0.200,2,5,5,0,1,0,0,0,1,0,0,0
350,2016,김인태,두산,0.167,14,19,18,0,3,1,0,0,4,3,0,0
351,2016,최재훈,두산,0.167,22,22,18,1,3,1,0,0,4,4,0,1
352,2016,서예일,두산,0.105,31,21,19,3,2,0,0,0,2,0,0,0
353,2016,강동연,두산,-,3,0,0,0,0,0,0,0,0,0,0,0
354,2016,고봉재,두산,-,1,0,0,0,0,0,0,0,0,0,0,0
355,2016,김성배,두산,-,1,0,0,0,0,0,0,0,0,0,0,0
356,2016,이현승,두산,-,2,0,0,0,0,0,0,0,0,0,0,0
357,2016,이현호,두산,-,4,0,0,0,0,0,0,0,0,0,0,0
358,2016,정진철,두산,0.000,2,1,1,0,0,0,0,0,0,0,0,0
359,2016,황재균,롯데,0.335,127,559,498,97,167,26,5,27,284,113,0,8
360,2016,김문호,롯데,0.325,140,599,526,77,171,28,3,7,226,70,3,2
361,2016,손아섭,롯데,0.323,144,672,575,118,186,33,1,16,269,81,0,2
362,2016,강민호,롯데,0.323,116,460,381,65,123,26,0,20,209,72,0,3
363,2016,김사훈,롯데,0.321,19,36,28,5,9,1,0,0,10,4,5,0
364,2016,신본기,롯데,0.309,25,104,81,13,25,4,0,1,32,10,2,0
365,2016,아두치,롯데,0.291,64,272,247,46,72,18,3,7,117,41,1,5
366,2016,김상호,롯데,0.290,114,415,366,39,106,20,0,7,147,56,2,5
367,2016,맥스웰,롯데,0.288,23,99,80,14,23,3,1,4,40,16,0,1
368,2016,박종윤,롯데,0.282,73,211,195,24,55,5,1,1,65,17,3,1
369,2016,김준태,롯데,0.275,68,144,120,12,33,3,1,2,44,16,1,1
370,2016,문규현,롯데,0.272,120,368,316,38,86,10,0,4,108,40,19,2
371,2016,정훈,롯데,0.262,121,439,370,48,97,18,2,2,125,46,8,2
372,2016,최준석,롯데,0.262,116,396,325,49,85,10,0,19,152,70,0,4
373,2016,박헌도,롯데,0.261,37,82,69,9,18,7,0,3,34,11,0,0
374,2016,오승택,롯데,0.260,42,135,123,17,32,6,0,3,47,7,0,0
375,2016,전준우,롯데,0.253,25,113,99,16,25,7,0,2,38,10,1,0
376,2016,김동한,롯데,0.252,78,116,107,9,27,6,0,0,33,14,3,0
377,2016,이여상,롯데,0.250,61,83,72,10,18,3,1,0,23,7,3,1
378,2016,손용석,롯데,0.244,51,99,90,8,22,5,0,0,27,9,2,2
379,2016,나경민,롯데,0.232,35,66,56,13,13,2,0,0,15,3,1,1
380,2016,김주현,롯데,0.207,21,33,29,4,6,4,0,0,10,1,1,0
381,2016,김민하,롯데,0.200,46,49,45,8,9,1,0,1,13,1,2,0
382,2016,오현근,롯데,0.200,19,17,15,4,3,0,0,0,3,2,0,0
383,2016,이우민,롯데,0.193,52,98,83,19,16,5,0,1,24,8,4,0
384,2016,안중열,롯데,0.179,19,29,28,2,5,1,0,0,6,3,0,0
385,2016,김재유,롯데,0.148,21,30,27,8,4,0,0,0,4,1,1,0
386,2016,김대륙,롯데,0.143,58,59,49,5,7,1,2,0,12,5,1,1
387,2016,강동관,롯데,0.000,2,2,2,0,0,0,0,0,0,0,0,0
388,2016,김대우,롯데,0.000,2,2,1,0,0,0,0,0,0,0,0,0
389,2016,권정웅,삼성,1.000,3,1,1,1,1,0,0,0,1,0,0,0
390,2016,최형우,삼성,0.376,138,618,519,99,195,46,2,31,338,144,0,7
391,2016,구자욱,삼성,0.343,108,495,428,105,147,19,13,14,234,77,2,5
392,2016,최재원,삼성,0.333,28,105,81,20,27,3,0,4,42,16,2,2
393,2016,황선도,삼성,0.333,1,4,3,0,1,0,0,0,1,0,0,0
394,2016,이승엽,삼성,0.303,142,623,542,91,164,32,2,27,281,118,0,8
395,2016,박한이,삼성,0.301,110,401,349,57,105,21,0,14,168,69,6,4
396,2016,박해민,삼성,0.300,141,641,564,109,169,26,12,4,231,61,22,3
397,2016,이지영,삼성,0.297,129,419,390,36,116,12,0,7,149,50,8,2
398,2016,백상원,삼성,0.288,132,517,445,60,128,19,3,3,162,49,10,7
399,2016,조동찬,삼성,0.275,90,282,247,32,68,11,1,10,111,36,3,3
400,2016,김상수,삼성,0.271,105,401,358,56,97,13,0,3,119,38,8,4
401,2016,배영섭,삼성,0.266,93,381,323,53,86,17,0,4,115,22,1,1
402,2016,발디리스,삼성,0.266,44,190,154,24,41,6,0,8,71,33,0,3
403,2016,이흥련,삼성,0.260,85,174,150,20,39,11,0,6,68,25,9,2
404,2016,이성규,삼성,0.250,6,6,4,2,1,0,0,0,1,0,2,0
405,2016,김정혁,삼성,0.236,46,118,106,13,25,1,1,2,34,11,1,1
406,2016,우동균,삼성,0.221,33,82,68,14,15,1,0,2,22,10,1,1
407,2016,김재현,삼성,0.218,122,215,188,25,41,7,0,0,48,14,11,1
408,2016,김태완,삼성,0.196,34,52,46,4,9,2,0,1,14,9,0,1
409,2016,나성용,삼성,0.167,6,13,12,1,2,0,0,0,2,0,0,0
410,2016,이영욱,삼성,0.163,104,52,49,16,8,1,0,1,12,4,0,0
411,2016,성의준,삼성,0.150,24,23,20,2,3,0,0,1,6,2,0,0
412,2016,최선호,삼성,0.115,60,27,26,11,3,1,0,0,4,3,0,0
413,2016,이상훈,삼성,0.083,8,14,12,0,1,0,0,0,1,0,2,0
414,2016,박계범,삼성,-,5,0,0,1,0,0,0,0,0,0,0,0
415,2016,심창민,삼성,-,1,0,0,0,0,0,0,0,0,0,0,0
416,2016,안지만,삼성,-,1,0,0,0,0,0,0,0,0,0,0,0
417,2016,이정식,삼성,0.000,7,9,8,0,0,0,0,0,0,1,0,0
418,2016,임대한,삼성,-,1,0,0,0,0,0,0,0,0,0,0,0
419,2016,박준혁,한화,0.375,6,9,8,3,3,2,0,0,5,3,0,0
420,2016,김태균,한화,0.365,144,652,529,94,193,39,0,23,301,136,0,6
421,2016,이용규,한화,0.352,113,530,452,98,159,20,4,3,196,41,7,1
422,2016,김태완,한화,0.350,24,24,20,3,7,1,1,0,10,0,0,0
423,2016,최진행,한화,0.329,28,85,70,4,23,2,0,1,28,9,2,0
424,2016,송광민,한화,0.325,116,494,449,80,146,27,2,17,228,83,7,6
425,2016,로사리오,한화,0.321,127,532,492,78,158,31,2,33,292,120,1,2
426,2016,정근우,한화,0.310,138,650,575,121,178,31,2,18,267,88,1,5
427,2016,이양기,한화,0.288,17,58,52,5,15,2,0,1,20,9,1,1
428,2016,이성열,한화,0.288,86,219,198,29,57,7,3,10,100,29,2,0
429,2016,하주석,한화,0.279,115,441,405,58,113,21,1,10,166,57,8,1
430,2016,신성현,한화,0.278,89,184,158,30,44,8,0,8,76,24,6,0
431,2016,이종환,한화,0.276,31,33,29,3,8,1,0,0,9,4,0,1
432,2016,양성우,한화,0.271,108,446,384,52,104,12,4,4,136,53,8,6
433,2016,김경언,한화,0.264,66,217,182,23,48,6,1,5,71,25,2,3
434,2016,권용관,한화,0.250,40,49,44,7,11,2,1,0,15,3,1,0
435,2016,김원석,한화,0.250,11,9,8,2,2,0,0,0,2,0,0,0
436,2016,주현상,한화,0.250,15,8,8,0,2,0,0,0,2,0,0,0
437,2016,장운호,한화,0.237,51,85,76,7,18,2,1,0,22,11,3,0
438,2016,장민석,한화,0.229,98,227,205,38,47,7,3,1,63,16,6,0
439,2016,차일목,한화,0.228,117,329,276,30,63,8,0,3,80,38,13,6
440,2016,허도환,한화,0.218,48,93,78,9,17,8,0,0,25,12,4,0
441,2016,김회성,한화,0.200,28,58,45,12,9,0,0,1,12,8,0,2
442,2016,조인성,한화,0.168,76,146,137,10,23,2,0,3,34,7,6,0
443,2016,오선진,한화,0.163,57,53,43,6,7,0,0,0,7,3,3,0
444,2016,강경학,한화,0.158,46,116,101,16,16,3,2,1,26,7,4,1
445,2016,최윤석,한화,0.125,11,17,16,2,2,0,0,0,2,0,0,0
446,2016,송주호,한화,0.106,33,52,47,3,5,0,0,0,5,1,2,0
447,2016,권혁,한화,-,1,0,0,0,0,0,0,0,0,0,0,0
448,2016,김경태,한화,-,1,0,0,0,0,0,0,0,0,0,0,0
449,2016,최원준,KIA,0.458,14,25,24,5,11,1,0,1,15,4,1,0
450,2016,황대인,KIA,0.429,4,7,7,1,3,2,0,1,8,3,0,0
451,2016,김선빈,KIA,0.360,6,27,25,3,9,2,1,0,13,0,1,0
452,2016,김주찬,KIA,0.346,130,555,511,97,177,37,3,23,289,101,1,6
453,2016,필,KIA,0.313,132,544,499,71,156,37,1,20,255,86,0,7
454,2016,이범호,KIA,0.310,138,560,484,93,150,23,0,33,272,108,0,7
455,2016,신종길,KIA,0.310,75,240,213,34,66,8,3,1,83,12,1,0
456,2016,노수광,KIA,0.309,77,238,207,43,64,4,2,4,84,30,10,0
457,2016,나지완,KIA,0.308,118,486,380,84,117,21,2,25,217,90,0,4
458,2016,김다원,KIA,0.302,25,47,43,3,13,2,0,1,18,6,0,0
459,2016,윤정우,KIA,0.299,46,82,67,20,20,5,0,2,31,13,2,1
460,2016,서동욱,KIA,0.292,124,485,411,73,120,30,3,16,204,67,6,3
461,2016,김주형,KIA,0.281,135,387,345,43,97,16,1,19,172,49,1,1
462,2016,강한울,KIA,0.272,104,322,298,36,81,13,3,0,100,27,9,0
463,2016,김호령,KIA,0.267,124,514,453,72,121,18,3,8,169,41,13,2
464,2016,이홍구,KIA,0.266,106,273,241,27,64,16,2,9,111,45,3,6
465,2016,오준혁,KIA,0.265,47,144,132,18,35,8,4,2,57,15,2,0
466,2016,안치홍,KIA,0.222,10,43,36,3,8,2,0,0,10,1,1,1
467,2016,김원섭,KIA,0.219,37,90,73,10,16,5,0,0,21,12,1,1
468,2016,고영우,KIA,0.214,63,81,70,18,15,3,0,0,18,4,1,0
469,2016,이성우,KIA,0.211,55,89,76,9,16,1,0,0,17,6,4,1
470,2016,백용환,KIA,0.195,80,199,174,12,34,7,0,4,53,15,3,2
471,2016,김민우,KIA,0.195,19,47,41,3,8,1,0,0,9,4,1,0
472,2016,한승택,KIA,0.179,27,30,28,1,5,0,0,0,5,5,1,0
473,2016,박찬호,KIA,0.167,69,46,42,9,7,0,0,0,7,3,1,0
474,2016,윤완주,KIA,0.167,34,34,30,5,5,0,0,1,8,2,1,1
475,2016,이호신,KIA,0.154,51,43,39,1,6,2,0,0,8,2,1,1
476,2016,이진영,KIA,0.138,17,33,29,4,4,0,0,0,4,2,1,0
477,2016,홍재호,KIA,0.077,22,16,13,4,1,0,0,0,1,1,0,1
478,2016,김광수,KIA,-,1,0,0,0,0,0,0,0,0,0,0,0
479,2016,유한준,KT,0.336,110,460,408,70,137,22,0,14,201,64,0,3
480,2016,이진영,KT,0.332,115,424,371,49,123,23,1,10,178,72,0,5
481,2016,이대형,KT,0.320,143,654,600,89,192,14,3,1,215,42,7,1
482,2016,박경수,KT,0.313,121,476,402,64,126,22,1,20,210,80,0,4
483,2016,전민수,KT,0.305,74,240,213,31,65,14,1,3,90,29,4,0
484,2016,오정복,KT,0.304,96,344,306,45,93,11,2,5,123,36,6,4
485,2016,신현철,KT,0.292,35,25,24,3,7,2,0,0,9,2,0,0
486,2016,유민상,KT,0.282,95,254,213,30,60,12,1,4,86,37,3,4
487,2016,박기혁,KT,0.273,117,348,308,36,84,13,0,2,103,34,10,2
488,2016,마르테,KT,0.265,91,381,325,52,86,16,0,22,168,74,0,5
489,2016,배병옥,KT,0.260,65,55,50,10,13,1,0,0,14,3,1,0
490,2016,김사연,KT,0.250,20,63,56,6,14,1,0,0,15,4,0,0
491,2016,김종민,KT,0.244,78,217,180,17,44,3,0,0,47,20,10,3
492,2016,심우준,KT,0.242,122,251,236,36,57,9,1,3,77,17,5,2
493,2016,윤요섭,KT,0.238,66,149,126,14,30,6,0,6,54,16,0,0
494,2016,박용근,KT,0.230,31,86,74,5,17,4,1,1,26,6,0,1
495,2016,김상현,KT,0.225,62,246,222,29,50,5,0,11,88,32,0,2
496,2016,김선민,KT,0.220,32,63,50,7,11,0,0,0,11,2,2,0
497,2016,하준호,KT,0.219,94,217,187,26,41,5,0,3,55,15,4,1
498,2016,김연훈,KT,0.217,103,181,166,13,36,10,0,1,49,18,5,3
499,2016,남태혁,KT,0.205,16,48,44,2,9,3,0,0,12,2,0,1
500,2016,이해창,KT,0.203,88,254,231,16,47,10,0,6,75,22,8,3
501,2016,문상철,KT,0.200,48,87,80,9,16,7,0,1,26,7,0,1
502,2016,김영환,KT,0.167,12,12,12,2,2,0,0,0,2,0,0,0
503,2016,김동명,KT,0.135,21,41,37,3,5,0,0,3,14,5,0,0
504,2016,김진곤,KT,0.125,13,8,8,1,1,0,0,0,1,0,0,0
505,2016,김민혁,KT,0.103,26,31,29,3,3,1,0,0,4,0,0,0
506,2016,김만수,KT,0.000,1,1,1,0,0,0,0,0,0,0,0,0
507,2016,김사율,KT,-,1,0,0,0,0,0,0,0,0,0,0,0
508,2016,김재윤,KT,-,3,0,0,0,0,0,0,0,0,0,0,0
509,2016,이병규,LG,1.000,1,1,1,0,1,0,0,0,1,0,0,0
510,2016,조윤준,LG,1.000,2,1,1,1,1,0,0,0,1,0,0,0
511,2016,박용택,LG,0.346,138,578,509,84,176,24,0,11,233,90,0,7
512,2016,백창수,LG,0.333,10,21,18,4,6,2,0,1,11,3,0,0
513,2016,손주인,LG,0.322,122,409,354,47,114,20,3,2,146,39,12,4
514,2016,정성훈,LG,0.322,126,418,370,58,119,22,1,6,161,64,5,5
515,2016,김용의,LG,0.318,105,347,308,62,98,18,4,1,127,20,4,0
516,2016,채은성,LG,0.313,128,451,403,64,126,20,3,9,179,81,2,8
517,2016,히메네스,LG,0.308,135,579,523,101,161,36,0,26,275,102,1,6
518,2016,이천웅,LG,0.293,103,320,276,38,81,10,1,6,111,41,6,1
519,2016,문선재,LG,0.288,52,127,111,28,32,3,2,7,60,16,5,1
520,2016,이형종,LG,0.282,61,147,124,14,35,4,2,1,46,14,5,1
521,2016,오지환,LG,0.280,121,472,393,73,110,14,5,20,194,78,2,5
522,2016,양석환,LG,0.276,80,215,203,24,56,10,1,6,86,37,3,2
523,2016,이병규,LG,0.272,103,350,290,43,79,12,2,7,116,37,0,3
524,2016,안익훈,LG,0.267,68,52,45,13,12,0,1,0,14,4,1,0
525,2016,유강남,LG,0.266,100,297,263,28,70,7,0,8,101,47,4,6
526,2016,임훈,LG,0.261,60,198,180,20,47,4,0,1,54,14,4,0
527,2016,박재욱,LG,0.255,26,50,47,5,12,2,0,0,14,4,1,0
528,2016,서상우,LG,0.252,56,137,111,18,28,5,0,4,45,12,0,0
529,2016,정주현,LG,0.222,99,257,225,30,50,12,1,1,67,22,2,2
530,2016,윤진호,LG,0.190,34,23,21,3,4,0,0,0,4,0,2,0
531,2016,강승호,LG,0.184,18,41,38,4,7,3,0,0,10,3,0,1
532,2016,정상호,LG,0.182,77,159,132,12,24,5,0,1,32,10,4,2
533,2016,황목치승,LG,0.179,48,39,39,7,7,3,0,0,10,4,0,0
534,2016,최경철,LG,0.156,29,52,45,3,7,2,0,0,9,2,2,0
535,2016,장준원,LG,0.077,14,15,13,2,1,0,0,0,1,0,0,0
536,2016,김대현,LG,-,1,0,0,0,0,0,0,0,0,0,0,0
537,2016,김지성,LG,0.000,2,3,3,0,0,0,0,0,0,0,0,0
538,2016,박성준,LG,0.000,1,1,1,0,0,0,0,0,0,0,0,0
539,2016,김태진,NC,0.500,2,2,2,1,1,0,0,0,1,0,0,0
540,2016,박광열,NC,0.400,13,15,15,0,6,0,0,0,6,0,0,0
541,2016,박민우,NC,0.343,121,515,435,84,149,16,6,3,186,55,10,7
542,2016,조영훈,NC,0.335,109,207,179,29,60,14,0,5,89,35,1,3
543,2016,모창민,NC,0.331,63,147,133,16,44,8,0,5,67,20,1,3
544,2016,테임즈,NC,0.321,123,529,436,118,140,30,3,40,296,121,0,7
545,2016,나성범,NC,0.309,144,653,572,116,177,37,2,22,284,113,1,4
546,2016,박석민,NC,0.307,126,506,427,77,131,20,0,32,247,104,2,4
547,2016,손시헌,NC,0.305,110,403,341,36,104,21,2,5,144,39,10,1
548,2016,이종욱,NC,0.305,134,517,453,73,138,24,4,5,185,57,4,5
549,2016,이호준,NC,0.298,119,472,399,46,119,20,0,21,202,87,2,4
550,2016,김종호,NC,0.295,93,137,122,26,36,2,0,0,38,7,1,0
551,2016,이상호,NC,0.280,15,27,25,1,7,2,0,0,9,1,0,0
552,2016,권희동,NC,0.268,14,47,41,4,11,0,0,1,14,9,0,0
553,2016,김성욱,NC,0.265,130,348,306,60,81,15,1,15,143,51,7,2
554,2016,김준완,NC,0.261,122,325,253,60,66,7,1,1,78,12,2,1
555,2016,김태군,NC,0.232,134,395,340,37,79,15,0,1,97,30,20,4
556,2016,지석훈,NC,0.219,141,394,351,34,77,14,0,9,118,54,6,6
557,2016,용덕한,NC,0.212,88,116,104,16,22,3,0,2,31,7,2,1
558,2016,도태훈,NC,0.167,6,7,6,1,1,0,0,0,1,0,0,0
559,2016,조평호,NC,0.167,3,7,6,1,1,0,0,0,1,0,0,0
560,2016,이재율,NC,0.154,32,13,13,9,2,0,0,0,2,0,0,0
561,2016,강민국,NC,0.130,24,26,23,2,3,1,0,1,7,1,1,0
562,2016,윤병호,NC,0.111,11,9,9,3,1,0,0,1,4,3,0,0
563,2016,황윤호,NC,0.083,33,12,12,7,1,0,0,0,1,2,0,0
564,2016,강구성,NC,0.000,2,3,3,0,0,0,0,0,0,0,0,0
565,2016,구창모,NC,-,1,0,0,0,0,0,0,0,0,0,0,0
566,2016,김선규,NC,-,1,0,0,0,0,0,0,0,0,0,0,0
567,2016,김진성,NC,-,3,0,0,0,0,0,0,0,0,0,0,0
568,2016,김학성,NC,-,1,0,0,0,0,0,0,0,0,0,0,0
569,2016,조성모,SK,0.500,3,2,2,1,1,0,0,0,1,0,0,0
570,2016,나주환,SK,0.386,24,65,57,13,22,2,0,5,39,12,3,0
571,2016,김동엽,SK,0.336,57,150,143,19,48,8,0,6,74,23,0,1
572,2016,최정민,SK,0.329,88,177,155,29,51,4,1,0,57,11,6,1
573,2016,김재현,SK,0.321,100,193,168,27,54,5,5,1,72,18,8,1
574,2016,김성현,SK,0.319,138,530,479,66,153,28,0,8,205,65,5,7
575,2016,정의윤,SK,0.311,144,616,576,68,179,32,1,27,294,100,0,5
576,2016,박재상,SK,0.298,94,288,255,37,76,14,1,6,110,35,4,2
577,2016,김강민,SK,0.298,115,422,366,59,109,21,0,10,160,47,10,2
578,2016,최정용,SK,0.296,48,61,54,10,16,1,1,0,19,2,4,0
579,2016,이재원,SK,0.290,130,472,411,49,119,15,0,15,179,64,2,7
580,2016,최정,SK,0.288,141,606,500,106,144,24,1,40,290,106,0,6
581,2016,고메즈,SK,0.283,117,492,456,74,129,31,0,21,223,62,2,4
582,2016,한동민,SK,0.278,6,20,18,3,5,0,0,0,5,0,0,0
583,2016,박정권,SK,0.277,125,468,422,59,117,17,3,18,194,59,2,4
584,2016,박승욱,SK,0.276,36,103,87,19,24,4,1,3,39,13,4,1
585,2016,이명기,SK,0.272,99,326,287,29,78,7,4,1,96,22,10,2
586,2016,최승준,SK,0.266,76,231,199,31,53,5,0,19,115,42,0,1
587,2016,김민식,SK,0.257,88,170,144,17,37,9,0,2,52,14,3,0
588,2016,조동화,SK,0.238,76,172,143,24,34,5,0,0,39,16,8,2
589,2016,김기현,SK,0.188,14,17,16,3,3,1,0,0,4,0,0,0
590,2016,이진석,SK,0.186,41,45,43,6,8,1,1,0,11,2,0,0
591,2016,이현석,SK,0.182,11,11,11,1,2,0,0,0,2,0,0,0
592,2016,임석진,SK,0.182,11,12,11,3,2,0,0,0,2,0,0,0
593,2016,김승회,SK,-,1,0,0,0,0,0,0,0,0,0,0,0
594,2016,김주한,SK,-,3,0,0,0,0,0,0,0,0,0,0,0
595,2016,김태훈,SK,-,1,0,0,0,0,0,0,0,0,0,0,0
596,2016,라라,SK,-,1,0,0,0,0,0,0,0,0,0,0,0
597,2016,문광은,SK,-,1,0,0,0,0,0,0,0,0,0,0,0
598,2016,박민호,SK,-,3,0,0,0,0,0,0,0,0,0,0,0
599,2017,서건창,넥센,0.332,139,615,539,87,179,28,3,6,231,76,2,6
600,2017,이정후,넥센,0.324,144,622,552,111,179,29,8,2,230,47,2,2
601,2017,채태인,넥센,0.322,109,384,342,46,110,23,1,12,171,62,0,3
602,2017,박윤,넥센,0.313,9,18,16,2,5,1,0,0,6,0,0,0
603,2017,고종욱,넥센,0.312,123,453,426,70,133,24,8,8,197,54,0,2
604,2017,김태완,넥센,0.311,46,100,90,14,28,5,0,4,45,7,0,0
605,2017,초이스,넥센,0.307,46,201,176,37,54,8,1,17,115,42,0,1
606,2017,김하성,넥센,0.302,141,601,526,90,159,36,3,23,270,114,2,7
607,2017,채상현,넥센,0.300,5,12,10,0,3,0,0,0,3,0,1,0
608,2017,김민성,넥센,0.282,133,530,472,59,133,26,1,15,206,78,0,8
609,2017,이택근,넥센,0.278,100,269,241,27,67,15,1,3,93,29,1,1
610,2017,송성문,넥센,0.273,38,90,77,11,21,0,1,1,26,8,1,1
611,2017,박동원,넥센,0.270,103,284,256,33,69,9,0,11,111,39,6,2
612,2017,장영석,넥센,0.269,60,212,186,30,50,14,0,12,100,38,0,0
613,2017,김웅빈,넥센,0.252,67,142,135,18,34,8,0,3,51,19,0,0
614,2017,박정음,넥센,0.243,81,162,140,26,34,4,1,2,46,15,4,1
615,2017,김규민,넥센,0.238,14,23,21,5,5,0,1,0,7,2,0,0
616,2017,임병욱,넥센,0.238,21,46,42,10,10,3,0,1,16,7,0,1
617,2017,허정협,넥센,0.237,83,266,228,35,54,9,0,9,90,39,1,1
618,2017,주효상,넥센,0.195,64,129,118,10,23,5,0,1,31,9,0,0
619,2017,김혜성,넥센,0.188,16,17,16,1,3,2,0,0,5,2,0,0
620,2017,김지수,넥센,0.171,64,40,35,7,6,0,0,1,9,5,1,2
621,2017,김재현,넥센,0.167,70,88,84,6,14,2,0,2,22,6,0,0
622,2017,홍성갑,넥센,0.143,7,8,7,0,1,0,0,0,1,0,0,0
623,2017,대니돈,넥센,0.140,20,57,50,5,7,2,0,1,12,2,0,0
624,2017,강지광,넥센,0.000,1,2,2,0,0,0,0,0,0,0,0,0
625,2017,김민준,넥센,0.000,12,5,4,2,0,0,0,0,0,0,0,0
626,2017,김상수,넥센,-,1,0,0,0,0,0,0,0,0,0,0,0
627,2017,하영민,넥센,-,1,0,0,0,0,0,0,0,0,0,0,0
628,2017,한현희,넥센,-,1,0,0,0,0,0,0,0,0,0,0,0
629,2017,김강률,두산,1.000,3,1,1,0,1,0,0,0,1,1,0,0
630,2017,박건우,두산,0.366,131,543,483,91,177,40,2,20,281,78,5,4
631,2017,김재환,두산,0.340,144,636,544,110,185,34,2,35,328,115,0,4
632,2017,박유연,두산,0.333,3,3,3,0,1,0,0,0,1,0,0,0
633,2017,오재일,두산,0.306,128,466,412,62,126,27,0,26,231,89,1,3
634,2017,민병헌,두산,0.304,123,520,447,73,136,21,0,14,199,71,1,6
635,2017,최주환,두산,0.301,129,452,399,65,120,16,6,7,169,57,1,5
636,2017,에반스,두산,0.296,138,581,514,82,152,19,0,27,252,90,0,3
637,2017,김재호,두산,0.293,91,331,283,34,83,18,1,7,124,50,2,7
638,2017,박세혁,두산,0.284,97,237,201,41,57,8,0,5,80,26,8,4
639,2017,정진호,두산,0.283,97,224,198,43,56,11,2,5,86,31,4,2
640,2017,양의지,두산,0.277,111,406,347,47,96,15,0,14,153,67,1,3
641,2017,조수행,두산,0.277,80,52,47,17,13,2,0,0,15,2,0,0
642,2017,서예일,두산,0.261,22,25,23,5,6,2,0,0,8,2,1,0
643,2017,류지혁,두산,0.259,125,330,297,60,77,13,4,3,107,26,8,0
644,2017,허경민,두산,0.257,130,422,369,50,95,22,1,3,128,40,12,2
645,2017,오재원,두산,0.237,127,390,334,43,79,16,1,7,118,40,4,3
646,2017,국해성,두산,0.209,57,96,86,15,18,3,0,3,30,17,0,1
647,2017,이성곤,두산,0.200,4,5,5,1,1,0,0,0,1,0,0,0
648,2017,김민혁,두산,0.190,18,21,21,1,4,2,0,0,6,2,0,0
649,2017,김인태,두산,0.186,31,44,43,5,8,1,0,2,15,4,0,0
650,2017,신성현,두산,0.164,34,72,67,5,11,2,1,1,18,7,1,1
651,2017,김명신,두산,-,1,0,0,0,0,0,0,0,0,0,0,0
652,2017,이용찬,두산,-,4,0,0,0,0,0,0,0,0,0,0,0
653,2017,이우성,두산,0.000,2,2,2,0,0,0,0,0,0,0,0,0
654,2017,황경태,두산,-,2,0,0,0,0,0,0,0,0,0,0,0
655,2017,손아섭,롯데,0.335,144,667,576,113,193,35,4,20,296,80,1,3
656,2017,전준우,롯데,0.321,110,496,455,76,146,27,1,18,229,69,2,2
657,2017,이대호,롯데,0.320,142,608,540,73,173,13,0,34,288,111,0,3
658,2017,번즈,롯데,0.303,116,468,423,71,128,38,0,15,211,57,2,3
659,2017,김문호,롯데,0.292,131,448,390,49,114,17,1,2,139,35,7,1
660,2017,최준석,롯데,0.291,125,464,409,43,119,15,0,14,176,82,0,5
661,2017,황진수,롯데,0.291,60,133,117,18,34,6,2,1,47,16,2,1
662,2017,강민호,롯데,0.285,130,515,456,62,130,22,1,22,220,68,0,3
663,2017,문규현,롯데,0.270,110,337,304,38,82,15,2,6,119,42,18,3
664,2017,박헌도,롯데,0.257,56,130,113,19,29,4,0,4,45,13,0,0
665,2017,나경민,롯데,0.256,97,129,117,37,30,5,2,1,42,11,2,1
666,2017,이우민,롯데,0.254,104,215,185,35,47,5,1,4,66,21,5,0
667,2017,정훈,롯데,0.248,68,136,109,16,27,8,2,1,42,6,3,1
668,2017,신본기,롯데,0.237,128,381,325,49,77,11,0,5,103,47,13,5
669,2017,김동한,롯데,0.236,81,205,178,26,42,19,0,3,70,14,13,0
670,2017,김상호,롯데,0.228,80,114,101,7,23,3,1,0,28,7,0,0
671,2017,김대우,롯데,0.200,12,22,20,1,4,2,0,0,6,4,1,0
672,2017,김사훈,롯데,0.184,57,89,76,1,14,3,0,0,17,8,5,1
673,2017,김민수,롯데,0.176,10,19,17,0,3,0,0,0,3,0,1,0
674,2017,김대륙,롯데,0.151,50,58,53,4,8,2,0,0,10,2,1,0
675,2017,강동관,롯데,-,1,0,0,0,0,0,0,0,0,0,0,0
676,2017,김재유,롯데,0.000,1,1,1,0,0,0,0,0,0,0,0,0
677,2017,김주현,롯데,0.000,2,4,4,0,0,0,0,0,0,0,0,0
678,2017,나종덕,롯데,0.000,5,4,4,0,0,0,0,0,0,0,0,0
679,2017,노경은,롯데,0.000,2,2,2,0,0,0,0,0,0,0,0,0
680,2017,박시영,롯데,-,1,0,0,0,0,0,0,0,0,0,0,0
681,2017,손승락,롯데,-,4,0,0,0,0,0,0,0,0,0,0,0
682,2017,윤길현,롯데,-,1,0,0,0,0,0,0,0,0,0,0,0
683,2017,이명우,롯데,-,1,0,0,0,0,0,0,0,0,0,0,0
684,2017,장시환,롯데,-,2,0,0,0,0,0,0,0,0,0,0,0
685,2017,김성훈,삼성,0.318,47,166,151,27,48,4,2,0,56,18,1,1
686,2017,러프,삼성,0.315,134,591,515,90,162,38,0,31,293,124,0,4
687,2017,최경철,삼성,0.313,25,39,32,5,10,2,0,2,18,7,0,1
688,2017,구자욱,삼성,0.310,144,647,564,108,175,39,10,21,297,107,0,10
689,2017,강한울,삼성,0.303,135,448,412,58,125,9,3,0,140,24,9,1
690,2017,배영섭,삼성,0.303,92,244,218,39,66,11,1,6,97,26,3,1
691,2017,안주형,삼성,0.300,10,10,10,0,3,1,0,0,4,2,0,0
692,2017,조동찬,삼성,0.289,122,393,353,35,102,23,0,10,155,46,4,4
693,2017,박해민,삼성,0.284,144,638,570,96,162,25,8,7,224,54,8,9
694,2017,이승엽,삼성,0.280,135,533,472,65,132,30,5,24,244,87,0,8
695,2017,김정혁,삼성,0.274,31,91,84,15,23,5,0,0,28,13,0,1
696,2017,이원석,삼성,0.265,121,459,411,55,109,20,1,18,185,62,4,6
697,2017,김헌곤,삼성,0.264,123,404,356,51,94,13,2,9,138,47,8,3
698,2017,김상수,삼성,0.264,42,154,144,17,38,7,0,3,54,13,3,1
699,2017,박한이,삼성,0.263,68,134,118,14,31,9,0,4,52,14,2,1
700,2017,이지영,삼성,0.238,105,336,302,31,72,10,2,0,86,26,6,3
701,2017,최원제,삼성,0.222,11,18,18,3,4,3,0,0,7,3,0,0
702,2017,나원탁,삼성,0.217,12,23,23,2,5,1,0,0,6,0,0,0
703,2017,정병곤,삼성,0.216,74,82,74,16,16,0,0,2,22,7,2,0
704,2017,권정웅,삼성,0.212,61,112,99,11,21,3,0,6,42,11,4,0
705,2017,최영진,삼성,0.200,14,22,20,4,4,0,2,1,11,4,1,0
706,2017,이현동,삼성,0.188,16,16,16,1,3,1,0,0,4,0,0,0
707,2017,나성용,삼성,0.182,6,11,11,0,2,0,0,0,2,1,0,0
708,2017,김민수,삼성,0.143,13,22,21,2,3,1,0,0,4,3,0,0
709,2017,백상원,삼성,0.130,28,51,46,4,6,0,0,0,6,2,1,1
710,2017,이성규,삼성,0.118,15,20,17,4,2,0,0,0,2,0,1,0
711,2017,김성윤,삼성,0.083,22,14,12,3,1,0,0,1,4,2,0,0
712,2017,김동호,삼성,-,1,0,0,0,0,0,0,0,0,0,0,0
713,2017,김승현,삼성,-,1,0,0,0,0,0,0,0,0,0,0,0
714,2017,문선엽,삼성,0.000,4,4,4,0,0,0,0,0,0,0,0,0
715,2017,김태균,한화,0.340,94,407,356,51,121,22,0,17,194,76,0,4
716,2017,로사리오,한화,0.339,119,510,445,100,151,30,1,37,294,111,0,5
717,2017,정근우,한화,0.330,105,442,391,73,129,22,0,11,184,46,5,3
718,2017,송광민,한화,0.327,117,473,437,71,143,26,0,13,208,75,4,8
719,2017,오선진,한화,0.310,65,209,184,23,57,11,0,2,74,21,4,2
720,2017,이성열,한화,0.307,81,318,280,41,86,16,1,21,167,65,4,5
721,2017,최진행,한화,0.306,89,289,258,29,79,21,0,13,139,50,1,1
722,2017,하주석,한화,0.285,111,470,432,69,123,18,8,11,190,52,9,1
723,2017,장민석,한화,0.278,88,327,299,38,83,9,0,1,95,21,12,1
724,2017,김원석,한화,0.277,78,212,195,29,54,12,2,7,91,26,2,0
725,2017,양성우,한화,0.277,118,417,358,42,99,26,1,2,133,40,7,2
726,2017,김주현,한화,0.265,24,43,34,3,9,2,0,0,11,3,0,0
727,2017,이용규,한화,0.263,57,200,179,31,47,8,1,0,57,12,1,1
728,2017,최재훈,한화,0.257,104,309,269,22,69,10,0,1,82,16,6,0
729,2017,정범모,한화,0.256,22,50,43,5,11,2,0,1,16,3,2,0
730,2017,임익준,한화,0.250,30,47,36,7,9,1,0,0,10,2,4,0
731,2017,김경언,한화,0.248,38,118,105,17,26,7,0,5,48,17,0,0
732,2017,정경운,한화,0.236,46,121,106,8,25,2,1,1,32,7,4,2
733,2017,김회성,한화,0.235,54,103,85,10,20,4,0,3,33,13,1,2
734,2017,이양기,한화,0.227,17,48,44,0,10,1,0,0,11,3,2,0
735,2017,허도환,한화,0.225,30,49,40,4,9,3,0,1,15,4,3,0
736,2017,이동훈,한화,0.221,67,145,131,23,29,0,0,0,29,2,8,0
737,2017,최윤석,한화,0.219,21,33,32,3,7,0,0,0,7,2,1,0
738,2017,강경학,한화,0.214,59,93,84,17,18,2,1,0,22,4,0,0
739,2017,강상원,한화,0.214,33,14,14,8,3,1,0,0,4,1,0,0
740,2017,차일목,한화,0.207,52,112,92,7,19,3,0,1,25,7,4,0
741,2017,조인성,한화,0.138,16,29,29,1,4,0,0,0,4,0,0,0
742,2017,박준혁,한화,0.100,8,10,10,1,1,0,0,0,1,0,0,0
743,2017,김태연,한화,0.048,12,22,21,1,1,0,0,1,4,2,0,0
744,2017,강승현,한화,-,1,0,0,0,0,0,0,0,0,0,0,0
745,2017,노관현,KIA,0.500,9,6,6,0,3,0,0,0,3,1,0,0
746,2017,이진영,KIA,0.400,18,8,5,3,2,0,0,0,2,0,0,0
747,2017,김선빈,KIA,0.370,137,529,476,84,176,34,1,5,227,64,5,4
748,2017,최형우,KIA,0.342,142,629,514,98,176,36,3,26,296,120,0,8
749,2017,최정민,KIA,0.333,8,9,9,1,3,1,0,0,4,1,0,0
750,2017,이명기,KIA,0.332,115,512,464,79,154,24,4,9,213,63,14,3
751,2017,버나디나,KIA,0.320,139,621,557,118,178,26,8,27,301,111,3,9
752,2017,안치홍,KIA,0.316,132,545,487,95,154,29,2,21,250,93,6,5
753,2017,김주찬,KIA,0.309,122,478,440,78,136,39,2,12,215,70,2,1
754,2017,최원준,KIA,0.308,72,174,156,27,48,15,0,3,72,27,3,3
755,2017,나지완,KIA,0.301,137,551,459,85,138,20,3,27,245,94,0,7
756,2017,서동욱,KIA,0.282,125,366,319,49,90,21,1,7,134,48,8,3
757,2017,이범호,KIA,0.272,115,447,382,57,104,14,0,25,193,89,0,6
758,2017,김호령,KIA,0.267,98,105,90,31,24,6,1,1,35,11,3,1
759,2017,오준혁,KIA,0.250,14,13,12,1,3,0,0,0,3,1,0,0
760,2017,신종길,KIA,0.241,64,90,83,13,20,5,1,1,30,10,0,2
761,2017,고장혁,KIA,0.237,67,40,38,13,9,3,0,0,12,3,1,1
762,2017,김지성,KIA,0.234,37,49,47,6,11,3,0,2,20,4,0,0
763,2017,한승택,KIA,0.229,96,91,83,7,19,2,1,0,23,7,1,0
764,2017,유재신,KIA,0.222,25,20,18,4,4,0,0,0,4,1,1,0
765,2017,김민식,KIA,0.222,137,392,352,39,78,9,2,4,103,40,7,2
766,2017,백용환,KIA,0.176,15,20,17,2,3,0,0,0,3,1,0,0
767,2017,김주형,KIA,0.170,57,116,106,11,18,5,0,0,23,10,0,1
768,2017,이호신,KIA,0.143,12,8,7,3,1,0,0,0,1,0,0,0
769,2017,고효준,KIA,-,1,0,0,0,0,0,0,0,0,0,0,0
770,2017,김광수,KIA,-,4,0,0,0,0,0,0,0,0,0,0,0
771,2017,김세현,KIA,-,1,0,0,0,0,0,0,0,0,0,0,0
772,2017,김윤동,KIA,-,2,0,0,0,0,0,0,0,0,0,0,0
773,2017,김진우,KIA,-,1,0,0,0,0,0,0,0,0,0,0,0
774,2017,박지훈,KIA,-,1,0,0,0,0,0,0,0,0,0,0,0
775,2017,오정복,KT,0.354,81,213,195,24,69,13,0,2,88,16,3,1
776,2017,윤석민,KT,0.312,142,586,538,90,168,30,1,20,260,105,0,7
777,2017,유한준,KT,0.306,133,497,445,52,136,19,0,13,194,68,2,3
778,2017,로하스,KT,0.301,83,367,336,52,101,27,3,18,188,56,0,3
779,2017,정현,KT,0.300,124,399,350,45,105,20,3,6,149,42,6,3
780,2017,이진영,KT,0.289,103,285,263,28,76,26,1,2,110,31,4,0
781,2017,김동욱,KT,0.287,83,223,209,28,60,9,0,4,81,24,0,5
782,2017,심우준,KT,0.287,103,303,286,38,82,15,2,4,113,26,4,1
783,2017,오태곤,KT,0.283,135,410,374,53,106,29,1,9,164,42,8,6
784,2017,김진곤,KT,0.282,28,40,39,9,11,1,0,2,18,8,0,0
785,2017,전민수,KT,0.277,55,145,130,20,36,8,0,1,47,8,3,1
786,2017,이해창,KT,0.272,114,283,254,33,69,11,0,11,113,44,6,2
787,2017,이대형,KT,0.267,100,366,337,51,90,8,3,0,104,24,4,1
788,2017,박경수,KT,0.262,131,511,442,62,116,27,1,15,190,66,3,3
789,2017,남태혁,KT,0.250,31,68,60,8,15,1,0,2,22,11,0,1
790,2017,박기혁,KT,0.238,97,263,235,22,56,11,1,2,75,18,7,3
791,2017,유민상,KT,0.233,15,33,30,4,7,1,0,1,11,2,0,0
792,2017,장성우,KT,0.231,118,348,294,28,68,11,1,8,105,46,4,5
793,2017,윤요섭,KT,0.231,22,43,39,6,9,1,0,2,16,6,0,0
794,2017,하준호,KT,0.224,101,226,196,31,44,11,1,3,66,18,4,1
795,2017,김사연,KT,0.216,35,52,51,5,11,2,0,0,13,3,1,0
796,2017,김만수,KT,0.167,10,6,6,0,1,0,0,0,1,0,0,0
797,2017,김연훈,KT,0.167,19,26,24,1,4,2,0,0,6,3,1,1
798,2017,안치영,KT,0.167,21,22,18,4,3,1,0,0,4,0,2,0
799,2017,모넬,KT,0.165,28,105,85,10,14,4,0,2,24,9,0,2
800,2017,강장산,KT,-,1,0,0,0,0,0,0,0,0,0,0,0
801,2017,김사율,KT,-,1,0,0,0,0,0,0,0,0,0,0,0
802,2017,김재윤,KT,-,5,0,0,0,0,0,0,0,0,0,0,0
803,2017,류희운,KT,-,1,0,0,0,0,0,0,0,0,0,0,0
804,2017,배우열,KT,-,1,0,0,0,0,0,0,0,0,0,0,0
805,2017,김주성,LG,1.000,2,1,1,1,1,0,0,0,1,0,0,0
806,2017,정찬헌,LG,1.000,1,1,1,1,1,0,0,0,1,2,0,0
807,2017,박용택,LG,0.344,138,596,509,83,175,23,2,14,244,90,0,9
808,2017,윤진호,LG,0.333,14,3,3,1,1,0,0,0,1,1,0,0
809,2017,백창수,LG,0.327,52,122,101,15,33,9,0,4,54,18,3,2
810,2017,안익훈,LG,0.320,108,248,219,38,70,5,0,1,78,15,5,2
811,2017,정성훈,LG,0.312,115,321,276,32,86,14,0,6,118,30,1,2
812,2017,김재율,LG,0.304,75,198,181,21,55,9,0,6,82,28,4,1
813,2017,임훈,LG,0.293,42,85,82,8,24,1,0,0,25,7,0,0
814,2017,이천웅,LG,0.284,75,266,232,35,66,14,0,2,86,27,4,0
815,2017,손주인,LG,0.279,115,334,294,48,82,13,0,5,110,33,9,6
816,2017,로니,LG,0.278,23,93,79,7,22,5,0,3,36,12,0,2
817,2017,유강남,LG,0.278,118,364,324,43,90,13,0,17,154,66,9,2
818,2017,히메네스,LG,0.276,51,198,181,29,50,6,1,7,79,30,0,1
819,2017,최민창,LG,0.276,13,33,29,1,8,0,0,0,8,2,0,1
820,2017,오지환,LG,0.272,107,390,334,47,91,13,4,8,136,39,1,5
821,2017,김용의,LG,0.268,60,189,164,17,44,6,2,0,54,8,6,0
822,2017,채은성,LG,0.267,114,372,333,28,89,12,3,2,113,35,10,1
823,2017,이형종,LG,0.265,128,434,377,57,100,18,0,9,145,44,4,2
824,2017,양석환,LG,0.263,132,496,445,62,117,27,3,14,192,83,2,5
825,2017,정상호,LG,0.263,79,150,137,16,36,3,0,3,48,17,4,0
826,2017,문선재,LG,0.261,35,107,92,17,24,6,1,2,38,14,2,2
827,2017,강승호,LG,0.250,85,268,248,42,62,14,2,5,95,31,3,7
828,2017,조윤준,LG,0.237,25,43,38,3,9,0,0,0,9,8,2,1
829,2017,최재원,LG,0.232,69,159,142,20,33,4,1,1,42,12,3,3
830,2017,백승현,LG,0.217,9,30,23,2,5,1,0,0,6,1,1,0
831,2017,황목치승,LG,0.207,45,34,29,14,6,0,0,0,6,3,2,1
832,2017,이병규,LG,0.205,19,48,44,5,9,0,1,0,11,5,0,0
833,2017,서상우,LG,0.077,10,17,13,4,1,0,0,1,4,2,0,0
834,2017,고우석,LG,-,1,0,0,0,0,0,0,0,0,0,0,0
835,2017,김태우,NC,0.429,3,7,7,0,3,0,0,0,3,2,0,0
836,2017,박민우,NC,0.363,106,452,388,84,141,25,4,3,183,47,3,4
837,2017,손시헌,NC,0.350,124,391,349,32,122,17,1,5,156,45,13,5
838,2017,나성범,NC,0.347,125,561,498,103,173,42,2,24,291,99,0,3
839,2017,이상호,NC,0.335,95,241,227,33,76,8,0,0,84,15,5,0
840,2017,모창민,NC,0.312,136,527,474,64,148,25,3,17,230,90,3,9
841,2017,이종욱,NC,0.308,107,355,318,52,98,15,0,5,128,34,2,2
842,2017,스크럭스,NC,0.300,115,518,437,91,131,24,0,35,260,111,0,4
843,2017,이호준,NC,0.299,77,187,164,13,49,10,0,7,80,36,1,3
844,2017,강진성,NC,0.296,28,32,27,5,8,3,0,1,14,5,0,0
845,2017,권희동,NC,0.286,141,554,472,72,135,20,2,19,216,86,7,7
846,2017,노진혁,NC,0.286,4,7,7,2,2,1,0,0,3,0,0,0
847,2017,김태군,NC,0.265,132,420,362,33,96,19,0,3,124,34,18,2
848,2017,김준완,NC,0.250,104,144,124,19,31,2,1,0,35,8,2,2
849,2017,김성욱,NC,0.247,124,347,308,60,76,18,4,6,120,31,1,5
850,2017,박석민,NC,0.245,101,382,319,43,78,15,0,14,135,56,0,0
851,2017,지석훈,NC,0.239,121,304,268,29,64,16,0,6,98,24,2,2
852,2017,조평호,NC,0.227,29,52,44,4,10,3,0,1,16,4,1,0
853,2017,윤병호,NC,0.200,49,58,55,11,11,3,0,0,14,2,1,0
854,2017,도태훈,NC,0.191,32,51,47,3,9,1,0,1,13,4,0,0
855,2017,박광열,NC,0.190,60,66,63,5,12,7,1,1,24,1,1,0
856,2017,이재율,NC,0.167,52,27,24,16,4,0,0,0,4,1,1,0
857,2017,조영훈,NC,0.150,16,46,40,1,6,2,0,1,11,3,1,0
858,2017,김종민,NC,0.136,22,24,22,2,3,0,0,0,3,1,0,0
859,2017,황윤호,NC,0.133,36,17,15,8,2,0,1,0,4,0,0,0
860,2017,신진호,NC,0.083,9,12,12,1,1,1,0,0,2,0,0,0
861,2017,강구성,NC,0.000,1,1,1,0,0,0,0,0,0,0,0,0
862,2017,강윤구,NC,-,2,0,0,0,0,0,0,0,0,0,0,0
863,2017,김종호,NC,0.000,3,2,2,0,0,0,0,0,0,0,0,0
864,2017,김진성,NC,-,1,0,0,0,0,0,0,0,0,0,0,0
865,2017,최정용,SK,0.333,5,8,6,1,2,0,0,0,2,0,1,0
866,2017,정의윤,SK,0.321,112,381,349,44,112,16,0,15,173,45,0,4
867,2017,최항,SK,0.321,37,116,106,14,34,8,0,1,45,16,2,2
868,2017,최정,SK,0.316,130,527,430,89,136,18,1,46,294,113,0,8
869,2017,한동민,SK,0.294,103,414,350,64,103,21,2,29,215,73,0,3
870,2017,나주환,SK,0.291,122,452,419,69,122,24,1,19,205,65,8,1
871,2017,노수광,SK,0.285,131,425,382,72,109,18,3,6,151,39,4,5
872,2017,이성우,SK,0.279,64,125,111,6,31,5,0,1,39,14,7,0
873,2017,김동엽,SK,0.277,125,428,393,58,109,18,1,22,195,70,0,3
874,2017,이대수,SK,0.276,58,124,105,18,29,5,1,0,36,4,7,0
875,2017,조용호,SK,0.272,69,225,191,34,52,7,1,0,61,10,6,0
876,2017,김성현,SK,0.271,130,429,380,45,103,14,0,4,129,29,7,3
877,2017,박정권,SK,0.256,118,345,305,37,78,14,1,16,142,51,0,5
878,2017,로맥,SK,0.242,102,416,359,58,87,19,0,31,199,64,0,1
879,2017,이재원,SK,0.242,114,350,314,32,76,15,0,9,118,42,8,4
880,2017,정진기,SK,0.234,90,212,197,37,46,5,1,11,86,35,2,0
881,2017,최승준,SK,0.233,31,98,90,11,21,4,0,6,43,16,0,0
882,2017,김강민,SK,0.219,88,203,183,31,40,5,1,5,62,18,0,0
883,2017,박승욱,SK,0.203,73,184,158,25,32,3,2,3,48,11,5,1
884,2017,이홍구,SK,0.188,53,110,101,14,19,3,0,10,52,18,1,1
885,2017,워스,SK,0.111,3,11,9,0,1,0,0,0,1,0,0,0
886,2017,김재현,SK,0.000,14,4,4,3,0,0,0,0,0,0,0,0
887,2017,김주한,SK,-,2,0,0,0,0,0,0,0,0,0,0,0
888,2017,박성한,SK,0.000,2,4,4,0,0,0,0,0,0,0,0,0
889,2017,서진용,SK,-,1,0,0,0,0,0,0,0,0,0,0,0
890,2017,전유수,SK,0.000,1,1,1,0,0,0,0,0,0,0,0,0
891,2017,허건엽,SK,-,1,0,0,0,0,0,0,0,0,0,0,0
892,2018,김종덕,넥센,0.500,3,2,2,0,1,0,0,0,1,0,0,0
893,2018,이정후,넥센,0.355,109,520,459,81,163,34,2,6,219,57,3,8
894,2018,박병호,넥센,0.345,113,488,400,88,138,20,0,43,287,112,0,3
895,2018,서건창,넥센,0.340,37,160,141,28,48,12,0,0,60,15,2,2
896,2018,샌즈,넥센,0.314,25,93,86,17,27,1,1,12,66,37,0,1
897,2018,송성문,넥센,0.313,78,238,211,35,66,19,0,7,106,45,2,1
898,2018,이택근,넥센,0.308,104,356,308,40,95,25,1,4,134,52,3,4
899,2018,김규민,넥센,0.295,104,336,298,47,88,9,2,3,110,40,1,4
900,2018,임병욱,넥센,0.293,134,447,423,76,124,29,3,13,198,60,0,2
901,2018,김하성,넥센,0.288,129,576,511,95,147,27,4,20,242,84,1,5
902,2018,김민성,넥센,0.283,128,465,413,46,117,24,0,10,171,45,1,5
903,2018,고종욱,넥센,0.279,102,351,330,47,92,22,0,6,132,54,1,4
904,2018,김혜성,넥센,0.270,136,473,430,79,116,15,6,5,158,45,3,2
905,2018,초이스,넥센,0.258,96,397,349,55,90,19,0,17,160,61,0,5
906,2018,허정협,넥센,0.250,25,24,24,4,6,2,0,0,8,2,0,0
907,2018,박동원,넥센,0.248,39,128,117,19,29,3,0,6,50,17,2,0
908,2018,김재현,넥센,0.228,116,234,202,22,46,7,0,3,62,18,9,3
909,2018,장영석,넥센,0.224,93,221,196,24,44,15,0,7,80,25,0,0
910,2018,주효상,넥센,0.218,80,126,110,9,24,3,0,1,30,12,4,0
911,2018,김태완,넥센,0.197,29,74,66,5,13,2,0,1,18,5,0,1
912,2018,김지수,넥센,0.147,47,39,34,4,5,0,0,0,5,0,0,0
913,2018,예진원,넥센,0.143,5,7,7,2,1,0,0,0,1,0,0,0
914,2018,박정음,넥센,0.063,16,17,16,1,1,0,0,1,4,1,0,0
915,2018,김성민,넥센,-,1,0,0,0,0,0,0,0,0,0,0,0
916,2018,브리검,넥센,-,1,0,0,0,0,0,0,0,0,0,0,0
917,2018,조상우,넥센,-,1,0,0,0,0,0,0,0,0,0,0,0
918,2018,홍성갑,넥센,0.000,6,8,8,1,0,0,0,0,0,0,0,0
919,2018,장승현,두산,0.385,20,16,13,2,5,0,0,0,5,1,2,0
920,2018,전민재,두산,0.375,12,8,8,2,3,1,0,0,4,3,0,0
921,2018,정수빈,두산,0.367,26,112,98,20,36,2,1,2,46,23,0,2
922,2018,양의지,두산,0.358,133,503,439,84,157,29,1,23,257,77,0,6
923,2018,김재환,두산,0.334,139,602,527,104,176,36,1,44,346,133,0,7
924,2018,국해성,두산,0.333,14,28,24,4,8,3,0,0,11,1,0,0
925,2018,최주환,두산,0.333,138,590,519,87,173,39,6,26,302,108,0,10
926,2018,박건우,두산,0.326,125,529,488,79,159,24,6,12,231,84,1,2
927,2018,허경민,두산,0.324,133,577,516,85,167,30,5,10,237,79,5,8
928,2018,오재원,두산,0.313,132,521,473,78,148,24,1,15,219,81,3,2
929,2018,김재호,두산,0.311,131,467,402,78,125,20,0,16,193,75,3,6
930,2018,정진호,두산,0.301,111,299,269,53,81,12,1,2,101,37,9,1
931,2018,양종민,두산,0.286,21,15,14,5,4,0,1,0,6,1,0,0
932,2018,박세혁,두산,0.282,89,194,170,37,48,12,0,3,69,22,3,1
933,2018,오재일,두산,0.279,123,477,401,69,112,19,2,27,216,80,0,10
934,2018,조수행,두산,0.279,119,198,183,35,51,6,4,1,68,17,5,1
935,2018,이병휘,두산,0.273,28,24,22,5,6,1,0,0,7,2,0,0
936,2018,류지혁,두산,0.268,128,280,228,52,61,7,0,1,71,29,11,2
937,2018,김인태,두산,0.263,46,109,95,16,25,7,0,1,35,10,1,1
938,2018,황경태,두산,0.231,27,13,13,9,3,2,0,0,5,0,0,0
939,2018,김민혁,두산,0.226,22,58,53,7,12,2,0,2,20,10,0,0
940,2018,백민기,두산,0.222,23,34,27,7,6,2,0,1,11,4,0,1
941,2018,신성현,두산,0.167,16,27,24,5,4,0,0,1,7,2,0,1
942,2018,파레디스,두산,0.138,21,71,65,7,9,2,1,1,16,4,0,1
943,2018,반슬라이크,두산,0.128,12,44,39,1,5,1,0,1,9,4,0,1
944,2018,김정후,두산,0.000,2,1,1,0,0,0,0,0,0,0,0,0
945,2018,박성모,두산,-,1,0,0,0,0,0,0,0,0,0,0,0
946,2018,변진수,두산,-,1,0,0,0,0,0,0,0,0,0,0,0
947,2018,유재유,두산,-,1,0,0,0,0,0,0,0,0,0,0,0
948,2018,이영하,두산,-,1,0,0,0,0,0,0,0,0,0,0,0
949,2018,전병우,롯데,0.364,27,77,66,18,24,7,0,3,40,13,0,1
950,2018,허일,롯데,0.357,9,15,14,1,5,0,0,0,5,0,0,0
951,2018,전준우,롯데,0.342,144,614,556,118,190,36,2,33,329,90,1,2
952,2018,이대호,롯데,0.333,144,604,543,81,181,30,0,37,322,125,0,4
953,2018,손아섭,롯데,0.329,141,625,553,109,182,32,5,26,302,93,1,1
954,2018,민병헌,롯데,0.318,118,494,443,74,141,21,0,17,213,66,2,6
955,2018,정훈,롯데,0.305,91,194,174,33,53,10,1,7,86,26,0,3
956,2018,신본기,롯데,0.294,139,479,425,55,125,28,1,11,188,71,5,5
957,2018,채태인,롯데,0.293,130,420,376,44,110,18,0,15,173,75,1,4
958,2018,문규현,롯데,0.275,122,349,316,42,87,19,1,6,126,41,9,6
959,2018,이병규,롯데,0.273,103,257,198,31,54,11,1,10,97,39,0,2
960,2018,번즈,롯데,0.268,133,505,462,80,124,34,5,23,237,64,1,0
961,2018,나경민,롯데,0.263,87,71,57,23,15,2,0,0,17,1,1,0
962,2018,김문호,롯데,0.250,46,115,100,12,25,7,0,2,38,16,2,0
963,2018,안중열,롯데,0.247,60,176,154,19,38,11,0,4,61,18,7,0
964,2018,한동희,롯데,0.232,87,226,211,24,49,13,1,4,76,25,0,1
965,2018,김사훈,롯데,0.230,56,79,74,7,17,3,0,0,20,6,3,0
966,2018,조홍석,롯데,0.226,39,71,62,14,14,1,0,0,15,1,1,0
967,2018,김동한,롯데,0.193,55,96,83,11,16,1,0,2,23,9,2,2
968,2018,오윤석,롯데,0.167,13,13,12,3,2,0,0,0,2,0,0,0
969,2018,황진수,롯데,0.167,18,26,24,6,4,1,0,1,8,1,0,0
970,2018,나원탁,롯데,0.125,20,24,24,0,3,0,0,0,3,1,0,0
971,2018,나종덕,롯데,0.124,106,203,177,15,22,3,0,2,31,11,9,0
972,2018,박헌도,롯데,0.115,15,31,26,1,3,1,0,0,4,0,0,0
973,2018,구승민,롯데,-,1,0,0,0,0,0,0,0,0,0,0,0
974,2018,노경은,롯데,-,1,0,0,0,0,0,0,0,0,0,0,0
975,2018,손승락,롯데,-,1,0,0,0,0,0,0,0,0,0,0,0
976,2018,윤성빈,롯데,-,1,0,0,0,0,0,0,0,0,0,0,0
977,2018,장시환,롯데,-,1,0,0,0,0,0,0,0,0,0,0,0
978,2018,조정훈,롯데,-,1,0,0,0,0,0,0,0,0,0,0,0
979,2018,백상원,삼성,0.500,4,8,6,1,3,0,0,0,3,2,0,0
980,2018,이지영,삼성,0.343,90,203,178,31,61,10,0,2,77,19,6,0
981,2018,송준석,삼성,0.333,4,3,3,1,1,0,0,0,1,0,0,0
982,2018,구자욱,삼성,0.333,116,529,478,100,159,26,5,20,255,84,1,2
983,2018,러프,삼성,0.330,137,597,506,97,167,32,4,33,306,125,0,8
984,2018,이원석,삼성,0.301,128,543,479,74,144,30,1,20,236,93,0,5
985,2018,김헌곤,삼성,0.300,141,586,513,77,154,26,2,11,217,71,5,4
986,2018,박해민,삼성,0.299,144,649,576,114,172,30,10,9,249,68,8,6
987,2018,최영진,삼성,0.294,61,140,126,13,37,7,0,4,56,18,2,2
988,2018,박한이,삼성,0.284,114,392,342,47,97,16,0,10,143,43,6,1
989,2018,최원제,삼성,0.273,8,13,11,1,3,0,0,0,3,0,0,0
990,2018,강민호,삼성,0.269,129,477,427,46,115,14,0,22,195,71,0,7
991,2018,김상수,삼성,0.263,122,499,453,63,119,13,1,10,164,50,8,3
992,2018,강한울,삼성,0.259,83,209,193,20,50,5,2,0,59,8,3,0
993,2018,백승민,삼성,0.258,14,32,31,3,8,2,0,0,10,5,0,0
994,2018,안주형,삼성,0.250,15,8,8,2,2,0,0,0,2,1,0,0
995,2018,배영섭,삼성,0.245,69,168,147,15,36,6,0,0,42,13,2,0
996,2018,김성훈,삼성,0.243,110,212,185,24,45,9,3,0,60,24,3,2
997,2018,손주인,삼성,0.238,98,297,265,26,63,10,0,4,85,28,10,4
998,2018,박찬도,삼성,0.233,54,82,73,13,17,4,1,0,23,5,1,0
999,2018,조동찬,삼성,0.222,28,59,54,5,12,1,0,1,16,2,1,0
1000,2018,이성곤,삼성,0.188,9,19,16,1,3,0,0,0,3,0,0,0
1001,2018,김민수,삼성,0.167,8,6,6,0,1,0,0,0,1,0,0,0
1002,2018,김호재,삼성,0.167,10,7,6,1,1,0,0,0,1,0,1,0
1003,2018,정병곤,삼성,0.067,6,16,15,1,1,0,0,0,1,2,0,1
1004,2018,권정웅,삼성,0.000,6,8,8,0,0,0,0,0,0,0,0,0
1005,2018,김성윤,삼성,0.000,1,2,2,0,0,0,0,0,0,0,0,0
1006,2018,김응민,삼성,0.000,1,1,1,0,0,0,0,0,0,0,0,0
1007,2018,김재현,삼성,0.000,5,1,1,0,0,0,0,0,0,0,0,0
1008,2018,장필준,삼성,-,1,0,0,0,0,0,0,0,0,0,0,0
1009,2018,김태균,한화,0.315,73,271,254,25,80,11,0,10,121,34,0,0
1010,2018,호잉,한화,0.306,142,590,529,85,162,47,2,30,303,110,0,5
1011,2018,정근우,한화,0.304,102,425,375,63,114,24,1,11,173,57,1,3
1012,2018,송광민,한화,0.297,113,460,434,63,129,24,0,18,207,79,0,4
1013,2018,이성열,한화,0.295,131,528,485,76,143,21,1,34,268,102,1,2
1014,2018,이용규,한화,0.293,134,575,491,82,144,14,1,1,163,36,8,5
1015,2018,강경학,한화,0.278,77,289,245,42,68,11,1,5,96,27,1,1
1016,2018,지성준,한화,0.275,99,224,207,22,57,7,0,7,85,29,2,1
1017,2018,최재훈,한화,0.262,128,341,298,36,78,17,0,1,98,27,6,2
1018,2018,김회성,한화,0.259,58,102,85,15,22,5,0,4,39,17,3,0
1019,2018,하주석,한화,0.254,141,517,484,67,123,20,3,9,176,52,1,0
1020,2018,양성우,한화,0.254,73,236,209,32,53,9,0,2,68,13,0,1
1021,2018,정은원,한화,0.249,98,227,201,33,50,5,3,4,73,20,2,1
1022,2018,백창수,한화,0.243,70,169,152,21,37,15,1,3,63,18,0,1
1023,2018,이동훈,한화,0.239,28,50,46,6,11,1,0,1,15,2,0,0
1024,2018,오선진,한화,0.226,56,148,133,14,30,4,0,1,37,9,3,0
1025,2018,김민하,한화,0.216,59,108,97,13,21,4,0,3,34,17,2,1
1026,2018,장진혁,한화,0.214,50,48,42,9,9,4,1,0,15,2,0,0
1027,2018,최진행,한화,0.213,57,154,136,14,29,3,0,7,53,13,0,0
1028,2018,김창혁,한화,0.200,6,10,10,1,2,1,0,0,3,0,0,0
1029,2018,박준혁,한화,0.200,4,5,5,0,1,1,0,0,2,0,0,0
1030,2018,김태연,한화,0.192,24,30,26,7,5,1,0,0,6,2,1,0
1031,2018,정경운,한화,0.067,22,16,15,1,1,0,0,0,1,2,0,1
1032,2018,강상원,한화,0.000,6,7,6,0,0,0,0,0,0,0,0,0
1033,2018,김인환,한화,0.000,4,6,6,0,0,0,0,0,0,0,0,0
1034,2018,송창식,한화,-,1,0,0,0,0,0,0,0,0,0,0,0
1035,2018,안영명,한화,-,2,0,0,0,0,0,0,0,0,0,0,0
1036,2018,이도윤,한화,0.000,2,1,1,1,0,0,0,0,0,0,0,0
1037,2018,이동걸,한화,-,1,0,0,0,0,0,0,0,0,0,0,0
1038,2018,장민재,한화,-,1,0,0,0,0,0,0,0,0,0,0,0
1039,2018,유재신,KIA,0.424,46,40,33,19,14,3,1,1,22,8,0,0
1040,2018,안치홍,KIA,0.342,130,549,494,88,169,38,1,23,278,118,0,9
1041,2018,김주찬,KIA,0.340,121,471,429,71,146,23,0,18,223,93,2,10
1042,2018,최형우,KIA,0.339,143,609,528,92,179,34,1,25,290,103,0,8
1043,2018,버나디나,KIA,0.310,131,590,513,106,159,25,3,20,250,70,3,1
1044,2018,류승현,KIA,0.307,35,85,75,9,23,3,1,1,31,13,1,1
1045,2018,이명기,KIA,0.302,120,502,447,88,135,28,6,4,187,42,11,1
1046,2018,정성훈,KIA,0.295,88,205,183,22,54,11,0,4,77,28,0,1
1047,2018,김선빈,KIA,0.295,127,492,424,73,125,17,2,4,158,49,6,5
1048,2018,이범호,KIA,0.280,101,380,332,41,93,7,0,20,160,69,0,2
1049,2018,백용환,KIA,0.277,34,57,47,7,13,1,0,0,14,4,1,0
1050,2018,최원준,KIA,0.272,101,331,302,46,82,14,1,4,110,32,4,1
1051,2018,나지완,KIA,0.271,114,379,317,50,86,18,0,26,182,78,0,5
1052,2018,유민상,KIA,0.271,31,58,48,9,13,2,1,3,26,14,0,2
1053,2018,홍재호,KIA,0.263,56,87,76,16,20,6,0,1,29,9,3,0
1054,2018,최정민,KIA,0.253,57,95,83,17,21,2,0,2,29,6,4,0
1055,2018,한승택,KIA,0.247,61,101,89,10,22,6,0,3,37,15,3,0
1056,2018,김민식,KIA,0.245,125,365,310,53,76,9,3,6,109,37,11,2
1057,2018,박준태,KIA,0.228,85,150,123,32,28,5,1,5,50,24,5,0
1058,2018,서동욱,KIA,0.204,32,56,49,3,10,3,0,0,13,2,0,1
1059,2018,이창진,KIA,0.172,20,30,29,5,5,1,0,0,6,0,0,0
1060,2018,신범수,KIA,0.160,19,26,25,0,4,2,1,0,8,4,0,1
1061,2018,황윤호,KIA,0.158,82,62,57,11,9,1,0,0,10,4,2,0
1062,2018,김주형,KIA,0.125,6,8,8,0,1,0,0,0,1,0,0,0
1063,2018,이영욱,KIA,0.125,14,16,16,0,2,0,0,0,2,1,0,0
1064,2018,김석환,KIA,0.000,1,2,2,0,0,0,0,0,0,0,0,0
1065,2018,김세현,KIA,-,5,0,0,0,0,0,0,0,0,0,0,0
1066,2018,김유신,KIA,-,2,0,0,0,0,0,0,0,0,0,0,0
1067,2018,김윤동,KIA,-,2,0,0,0,0,0,0,0,0,0,0,0
1068,2018,김지성,KIA,-,1,0,0,0,0,0,0,0,0,0,0,0
1069,2018,유한준,KT,0.339,121,480,428,59,145,21,1,20,228,83,2,1
1070,2018,이진영,KT,0.318,110,312,283,40,90,17,1,3,118,39,1,3
1071,2018,로하스,KT,0.305,144,645,564,114,172,30,1,43,333,114,1,2
1072,2018,황재균,KT,0.296,142,588,530,76,157,41,3,25,279,88,2,3
1073,2018,강백호,KT,0.290,138,585,527,108,153,32,2,29,276,84,0,3
1074,2018,윤석민,KT,0.276,132,509,460,58,127,22,0,19,206,60,2,3
1075,2018,정현,KT,0.265,65,132,117,16,31,7,0,2,44,9,6,0
1076,2018,박경수,KT,0.262,135,528,458,65,120,21,0,25,216,74,0,3
1077,2018,심우준,KT,0.259,135,403,367,49,95,23,3,4,136,29,11,1
1078,2018,장성우,KT,0.258,127,393,356,41,92,13,0,13,144,48,1,2
1079,2018,오태곤,KT,0.254,128,374,342,55,87,17,2,12,144,39,3,1
1080,2018,이준수,KT,0.250,11,10,8,0,2,0,0,0,2,1,1,0
1081,2018,홍현빈,KT,0.231,14,15,13,2,3,0,0,0,3,1,0,0
1082,2018,이해창,KT,0.216,83,174,162,19,35,4,0,8,63,24,1,0
1083,2018,박기혁,KT,0.214,98,196,173,17,37,6,0,1,46,15,5,3
1084,2018,김지열,KT,0.200,38,48,45,11,9,4,0,1,16,5,0,0
1085,2018,배정대,KT,0.200,14,5,5,1,1,0,0,0,1,0,0,0
1086,2018,남태혁,KT,0.182,7,11,11,0,2,0,0,0,2,0,0,0
1087,2018,전민수,KT,0.172,21,35,29,0,5,3,0,0,8,4,1,0
1088,2018,송민섭,KT,0.148,47,29,27,7,4,0,0,0,4,0,1,0
1089,2018,김진곤,KT,0.143,19,23,21,4,3,1,0,0,4,0,0,0
1090,2018,오준혁,KT,0.136,30,50,44,6,6,0,0,0,6,2,1,1
1091,2018,하준호,KT,0.136,15,26,22,2,3,1,0,1,7,2,4,0
1092,2018,김동욱,KT,0.091,11,12,11,2,1,0,0,0,1,0,0,0
1093,2018,고명성,KT,0.000,5,2,2,0,0,0,0,0,0,0,0,0
1094,2018,고창성,KT,-,1,0,0,0,0,0,0,0,0,0,0,0
1095,2018,김사율,KT,-,1,0,0,0,0,0,0,0,0,0,0,0
1096,2018,김영환,KT,0.000,4,4,4,1,0,0,0,0,0,0,0,0
1097,2018,김재윤,KT,-,6,0,0,0,0,0,0,0,0,0,0,0
1098,2018,신병률,KT,-,2,0,0,0,0,0,0,0,0,0,0,0
1099,2018,양원혁,LG,0.400,7,6,5,3,2,0,0,0,2,0,0,0
1100,2018,김현수,LG,0.362,117,511,453,95,164,39,2,20,267,101,0,10
1101,2018,이천웅,LG,0.340,112,405,359,61,122,22,3,2,156,39,2,2
1102,2018,가르시아,LG,0.339,50,206,183,27,62,9,0,8,95,34,0,6
1103,2018,문성주,LG,0.333,5,3,3,1,1,0,0,0,1,0,0,0
1104,2018,채은성,LG,0.331,139,578,529,78,175,36,2,25,290,119,0,5
1105,2018,이형종,LG,0.316,118,485,437,83,138,27,0,13,204,42,5,0
1106,2018,박용택,LG,0.303,134,583,524,89,159,38,1,15,244,76,0,7
1107,2018,유강남,LG,0.296,132,465,425,53,126,33,0,19,216,66,2,1
1108,2018,서상우,LG,0.290,51,84,69,10,20,0,0,2,26,14,0,2
1109,2018,오지환,LG,0.278,144,617,533,93,148,26,2,11,211,71,12,6
1110,2018,양석환,LG,0.263,140,519,483,53,127,27,0,22,220,82,1,5
1111,2018,정주현,LG,0.261,115,339,303,48,79,14,2,6,115,31,6,1
1112,2018,백승현,LG,0.250,5,8,8,1,2,0,0,0,2,1,0,0
1113,2018,김용의,LG,0.233,114,185,159,28,37,2,0,0,39,13,7,3
1114,2018,임훈,LG,0.229,54,88,83,10,19,3,0,2,28,7,2,0
1115,2018,정상호,LG,0.223,70,128,112,11,25,4,0,1,32,9,3,0
1116,2018,김재율,LG,0.222,25,41,36,5,8,3,0,0,11,3,0,0
1117,2018,안익훈,LG,0.220,62,135,123,13,27,4,0,0,31,10,2,1
1118,2018,윤대영,LG,0.217,11,23,23,0,5,1,0,0,6,3,0,0
1119,2018,윤진호,LG,0.208,102,61,53,13,11,3,0,0,14,4,4,0
1120,2018,박지규,LG,0.170,26,53,47,6,8,2,0,1,13,5,2,1
1121,2018,문선재,LG,0.167,2,6,6,0,1,0,0,0,1,0,0,0
1122,2018,홍창기,LG,0.167,12,25,18,1,3,2,0,0,5,0,0,0
1123,2018,김기연,LG,-,2,0,0,0,0,0,0,0,0,0,0,0
1124,2018,장시윤,LG,0.000,8,2,2,2,0,0,0,0,0,0,0,0
1125,2018,김태진,NC,0.355,20,35,31,5,11,0,0,1,14,3,1,0
1126,2018,박민우,NC,0.324,115,460,411,68,133,22,5,5,180,33,3,4
1127,2018,나성범,NC,0.318,144,620,556,110,177,36,3,23,288,91,0,5
1128,2018,이원재,NC,0.304,77,150,138,12,42,10,0,5,67,19,0,2
1129,2018,노진혁,NC,0.283,125,458,420,52,119,21,4,11,181,42,1,2
1130,2018,권희동,NC,0.283,104,391,343,43,97,19,1,8,142,57,5,4
1131,2018,모창민,NC,0.279,81,314,287,38,80,10,1,17,143,62,0,4
1132,2018,박헌욱,NC,0.273,10,23,22,1,6,2,0,1,11,3,0,0
1133,2018,김성욱,NC,0.260,111,358,323,49,84,13,2,13,140,45,2,3
1134,2018,스크럭스,NC,0.257,142,571,501,75,129,35,0,26,242,97,0,3
1135,2018,최준석,NC,0.255,93,179,153,7,39,3,0,4,54,24,0,2
1136,2018,박석민,NC,0.255,103,375,318,40,81,14,1,16,145,55,0,3
1137,2018,이상호,NC,0.251,114,204,187,32,47,2,0,0,49,8,7,0
1138,2018,강민국,NC,0.250,6,4,4,0,1,0,0,0,1,0,0,0
1139,2018,강진성,NC,0.235,45,75,68,5,16,3,0,0,19,1,2,1
1140,2018,김찬형,NC,0.232,63,160,142,24,33,5,0,1,41,9,1,1
1141,2018,이종욱,NC,0.230,43,128,122,12,28,7,0,1,38,8,1,1
1142,2018,도태훈,NC,0.229,26,42,35,5,8,0,0,1,11,5,0,0
1143,2018,이우성,NC,0.226,71,199,177,24,40,9,0,4,61,24,1,1
1144,2018,강구성,NC,0.200,4,5,5,0,1,1,0,0,2,1,0,0
1145,2018,윤수강,NC,0.192,44,79,73,8,14,6,0,1,23,8,1,0
1146,2018,손시헌,NC,0.188,67,150,128,12,24,4,0,2,34,14,1,1
1147,2018,신진호,NC,0.182,20,25,22,1,4,0,0,0,4,1,0,0
1148,2018,윤병호,NC,0.182,14,37,33,3,6,1,0,0,7,0,1,0
1149,2018,지석훈,NC,0.181,67,105,94,9,17,2,0,1,22,8,0,3
1150,2018,정범모,NC,0.179,103,219,190,20,34,9,0,4,55,18,7,3
1151,2018,이재율,NC,0.171,33,45,41,8,7,1,1,0,10,1,0,0
1152,2018,김형준,NC,0.160,60,89,81,6,13,1,0,0,14,2,0,0
1153,2018,박광열,NC,0.160,27,30,25,3,4,0,0,0,4,1,1,0
1154,2018,오영수,NC,0.133,11,16,15,0,2,0,0,0,2,0,0,0
1155,2018,안상현,SK,0.500,1,2,2,1,1,0,0,0,1,0,0,0
1156,2018,이재원,SK,0.329,130,471,407,63,134,24,0,17,209,57,4,5
1157,2018,로맥,SK,0.316,141,616,528,102,167,19,0,43,315,107,0,6
1158,2018,노수광,SK,0.313,135,588,515,93,161,21,8,8,222,53,9,3
1159,2018,박승욱,SK,0.308,51,79,65,11,20,3,0,0,23,9,2,0
1160,2018,김강민,SK,0.298,80,267,235,40,70,14,0,14,126,46,5,0
1161,2018,최항,SK,0.293,98,257,222,38,65,12,1,7,100,35,2,0
1162,2018,한동민,SK,0.284,136,562,486,97,138,31,0,41,292,115,0,8
1163,2018,김성현,SK,0.277,135,462,415,51,115,19,1,4,148,55,6,3
1164,2018,김재현,SK,0.277,53,77,65,19,18,1,1,1,24,5,0,0
1165,2018,허도환,SK,0.273,23,24,22,4,6,0,0,1,9,1,0,0
1166,2018,정의윤,SK,0.272,73,239,217,27,59,9,0,11,101,38,0,1
1167,2018,나주환,SK,0.262,119,420,362,54,95,24,0,12,155,56,13,2
1168,2018,강승호,SK,0.255,69,212,184,14,47,10,0,3,66,31,6,1
1169,2018,김동엽,SK,0.252,124,446,421,58,106,15,0,27,202,76,1,3
1170,2018,윤정우,SK,0.250,22,43,40,6,10,2,0,1,15,2,0,0
1171,2018,최승준,SK,0.250,27,79,72,5,18,3,0,4,33,11,0,0
1172,2018,최정,SK,0.244,115,489,406,95,99,16,1,35,222,74,0,2
1173,2018,정진기,SK,0.244,96,212,201,33,49,8,1,3,68,17,3,0
1174,2018,이성우,SK,0.242,88,134,120,10,29,5,0,0,34,5,4,1
1175,2018,이대수,SK,0.200,4,6,5,1,1,1,0,0,2,0,1,0
1176,2018,박정권,SK,0.172,14,31,29,4,5,0,0,2,11,6,0,0
1177,2018,박성한,SK,0.135,42,59,52,3,7,1,0,0,8,2,0,0
1178,2018,조용호,SK,0.077,16,14,13,4,1,0,0,0,1,0,1,0
1179,2018,강지광,SK,0.000,1,1,1,0,0,0,0,0,0,0,0,0
1180,2018,박정배,SK,-,4,0,0,0,0,0,0,0,0,0,0,0
1181,2018,박희수,SK,-,2,0,0,0,0,0,0,0,0,0,0,0
1182,2018,신재웅,SK,-,3,0,0,0,0,0,0,0,0,0,0,0
1183,2018,윤희상,SK,-,1,0,0,0,0,0,0,0,0,0,0,0
1184,2018,이윤재,SK,0.000,1,1,1,0,0,0,0,0,0,0,0,0
1185,2019,페르난데스,두산,0.344,144,645,572,87,197,34,0,15,276,88,0,6
1186,2019,박건우,두산,0.319,127,537,458,83,146,27,5,10,213,64,1,11
1187,2019,이흥련,두산,0.310,27,44,42,3,13,2,1,0,17,5,0,0
1188,2019,오재일,두산,0.293,130,529,467,76,137,29,1,21,231,102,0,4
1189,2019,허경민,두산,0.288,133,540,475,71,137,25,1,4,176,60,3,11
1190,2019,김재환,두산,0.283,136,574,495,76,140,20,5,15,215,91,0,11
1191,2019,박세혁,두산,0.279,137,505,441,58,123,19,9,4,172,63,10,6
1192,2019,최주환,두산,0.277,87,325,285,27,79,13,0,4,104,47,0,11
1193,2019,김재호,두산,0.268,130,470,377,51,101,22,0,4,135,48,8,11
1194,2019,정수빈,두산,0.265,123,513,441,75,117,19,5,0,146,41,4,5
1195,2019,류지혁,두산,0.250,118,316,276,36,69,6,2,0,79,34,6,3
1196,2019,김인태,두산,0.233,26,70,60,6,14,2,1,2,24,7,1,1
1197,2019,이유찬,두산,0.231,25,13,13,6,3,0,0,0,3,1,0,0
1198,2019,정진호,두산,0.208,66,110,96,13,20,0,0,1,23,3,3,0
1199,2019,신성현,두산,0.195,35,54,41,9,8,0,0,1,11,6,0,2
1200,2019,김경호,두산,0.192,32,27,26,4,5,1,0,0,6,2,1,0
1201,2019,정병곤,두산,0.185,20,31,27,6,5,1,0,0,6,4,0,0
1202,2019,국해성,두산,0.171,21,41,35,2,6,3,0,0,9,2,0,0
1203,2019,장승현,두산,0.171,35,46,41,3,7,2,0,0,9,3,0,1
1204,2019,백동훈,두산,0.170,41,52,47,8,8,2,0,0,10,2,0,0
1205,2019,오재원,두산,0.164,98,204,177,30,29,8,1,3,48,18,2,0
1206,2019,권혁,두산,-,1,0,0,0,0,0,0,0,0,0,0,0
1207,2019,김대한,두산,0.000,19,18,15,4,0,0,0,0,0,0,0,0
1208,2019,김승회,두산,-,1,0,0,0,0,0,0,0,0,0,0,0
1209,2019,김태근,두산,-,9,0,0,2,0,0,0,0,0,0,0,0
1210,2019,박유연,두산,0.000,2,1,1,0,0,0,0,0,0,0,0,0
1211,2019,배영수,두산,-,2,0,0,0,0,0,0,0,0,0,0,0
1212,2019,서예일,두산,0.000,7,3,3,0,0,0,0,0,0,0,0,0
1213,2019,송승환,두산,0.000,2,2,2,0,0,0,0,0,0,0,0,0
1214,2019,이영하,두산,-,1,0,0,0,0,0,0,0,0,0,0,0
1215,2019,민병헌,롯데,0.304,101,420,369,52,112,24,2,9,167,43,1,3
1216,2019,전준우,롯데,0.301,141,606,545,85,164,30,1,22,262,83,1,7
1217,2019,손아섭,롯데,0.295,134,568,512,78,151,22,1,10,205,63,1,2
1218,2019,이대호,롯데,0.285,135,549,485,48,138,23,1,16,211,88,0,7
1219,2019,김동한,롯데,0.282,42,85,78,9,22,4,0,0,26,2,1,0
1220,2019,정준혁,롯데,0.273,6,11,11,1,3,0,0,0,3,1,0,0
1221,2019,신본기,롯데,0.256,121,413,375,43,96,9,0,1,108,26,5,1
1222,2019,허일,롯데,0.255,71,162,149,14,38,4,0,1,45,17,0,0
1223,2019,고승민,롯데,0.253,30,89,83,7,21,6,2,0,31,6,1,1
1224,2019,아수아헤,롯데,0.252,49,194,163,34,41,5,4,2,60,21,3,1
1225,2019,채태인,롯데,0.251,59,182,167,11,42,11,0,5,68,29,0,2
1226,2019,윌슨,롯데,0.251,68,268,231,21,58,15,0,9,100,37,0,1
1227,2019,문규현,롯데,0.250,40,72,64,7,16,2,0,0,18,10,2,3
1228,2019,김문호,롯데,0.243,51,109,103,6,25,7,0,0,32,4,1,1
1229,2019,강로한,롯데,0.240,104,306,288,38,69,15,6,4,108,25,1,1
1230,2019,김민수,롯데,0.235,11,37,34,0,8,3,0,0,11,1,0,0
1231,2019,정훈,롯데,0.226,88,222,190,26,43,4,1,2,55,17,3,1
1232,2019,오윤석,롯데,0.222,76,228,198,21,44,2,0,1,49,21,4,4
1233,2019,배성근,롯데,0.205,36,48,44,4,9,1,0,0,10,2,0,0
1234,2019,한동희,롯데,0.203,59,207,187,12,38,9,0,2,53,9,0,2
1235,2019,나경민,롯데,0.200,45,49,45,10,9,0,2,0,13,7,0,0
1236,2019,안중열,롯데,0.191,73,145,136,10,26,6,1,2,40,4,1,0
1237,2019,김준태,롯데,0.159,43,104,88,10,14,3,0,0,17,8,2,0
1238,2019,이병규,롯데,0.158,8,22,19,1,3,2,0,0,5,0,0,0
1239,2019,정보근,롯데,0.125,15,35,32,3,4,0,0,0,4,1,0,0
1240,2019,나종덕,롯데,0.124,104,209,185,12,23,4,0,3,36,13,7,2
1241,2019,조홍석,롯데,0.117,42,65,60,8,7,2,1,0,11,5,0,1
1242,2019,신용수,롯데,0.100,17,20,20,4,2,0,0,1,5,2,0,0
1243,2019,전병우,롯데,0.098,29,55,51,2,5,1,0,0,6,0,1,0
1244,2019,고효준,롯데,-,1,0,0,0,0,0,0,0,0,0,0,0
1245,2019,김헌곤,삼성,0.297,114,467,411,57,122,20,1,5,159,46,5,6
1246,2019,러프,삼성,0.292,133,568,472,80,138,35,2,22,243,101,0,9
1247,2019,박찬도,삼성,0.281,30,34,32,10,9,1,0,0,10,2,0,0
1248,2019,윌리엄슨,삼성,0.273,40,168,154,19,42,7,1,4,63,15,0,1
1249,2019,김상수,삼성,0.271,129,543,468,76,127,20,2,5,166,38,6,4
1250,2019,구자욱,삼성,0.267,122,526,475,66,127,27,6,15,211,71,0,6
1251,2019,이학주,삼성,0.262,118,436,385,43,101,14,3,7,142,36,5,4
1252,2019,박한이,삼성,0.257,30,85,74,6,19,3,0,2,28,13,1,1
1253,2019,박계범,삼성,0.256,58,204,168,26,43,8,1,4,65,25,6,3
1254,2019,이성규,삼성,0.256,16,46,43,3,11,2,0,2,19,7,0,0
1255,2019,최영진,삼성,0.251,96,275,251,29,63,15,1,5,95,20,8,0
1256,2019,이원석,삼성,0.246,111,455,395,44,97,20,0,19,174,76,2,7
1257,2019,공민규,삼성,0.245,28,60,53,4,13,1,0,3,23,6,0,0
1258,2019,박해민,삼성,0.239,144,581,506,64,121,16,7,5,166,44,12,3
1259,2019,백승민,삼성,0.238,19,45,42,4,10,1,0,0,11,4,0,1
1260,2019,송준석,삼성,0.235,26,56,51,6,12,3,0,1,18,4,1,1
1261,2019,강민호,삼성,0.234,112,393,346,36,81,20,0,13,140,45,2,3
1262,2019,김응민,삼성,0.231,8,13,13,0,3,1,0,0,4,0,0,0
1263,2019,김호재,삼성,0.219,28,33,32,1,7,1,0,0,8,0,0,0
1264,2019,김동엽,삼성,0.215,60,211,195,15,42,4,1,6,66,25,0,2
1265,2019,김민수,삼성,0.205,29,41,39,5,8,1,0,0,9,2,0,1
1266,2019,김도환,삼성,0.204,61,106,93,7,19,6,0,2,31,7,4,1
1267,2019,손주인,삼성,0.194,20,35,31,2,6,0,0,1,9,4,2,0
1268,2019,박승규,삼성,0.190,14,23,21,2,4,0,0,0,4,2,0,0
1269,2019,김성훈,삼성,0.182,65,88,77,14,14,1,1,1,20,5,4,0
1270,2019,이성곤,삼성,0.179,13,28,28,1,5,3,0,0,8,0,0,0
1271,2019,최선호,삼성,0.167,17,8,6,1,1,0,0,0,1,0,0,0
1272,2019,권오준,삼성,-,2,0,0,0,0,0,0,0,0,0,0,0
1273,2019,김재현,삼성,0.000,6,2,2,1,0,0,0,0,0,0,0,0
1274,2019,양우현,삼성,0.000,1,1,1,0,0,0,0,0,0,0,0,0
1275,2019,이정후,키움,0.336,140,630,574,91,193,31,10,6,262,68,3,4
1276,2019,김하성,키움,0.307,139,625,540,112,166,38,2,19,265,104,1,7
1277,2019,샌즈,키움,0.305,139,613,525,100,160,39,1,28,285,113,0,5
1278,2019,서건창,키움,0.300,113,486,426,67,128,23,3,2,163,41,3,5
1279,2019,박동원,키움,0.297,112,361,317,50,94,15,1,10,141,55,7,1
1280,2019,이지영,키움,0.282,106,331,308,40,87,5,1,1,97,39,6,1
1281,2019,박병호,키움,0.280,122,532,432,92,121,22,0,33,242,98,0,9
1282,2019,김혜성,키움,0.276,122,387,348,57,96,16,7,0,126,32,4,4
1283,2019,김웅빈,키움,0.273,4,11,11,1,3,1,0,0,4,3,0,0
1284,2019,김지수,키움,0.267,69,32,30,3,8,2,0,0,10,3,0,0
1285,2019,김규민,키움,0.248,94,250,222,33,55,8,1,3,74,24,0,2
1286,2019,장영석,키움,0.247,119,413,372,41,92,15,0,7,128,62,0,5
1287,2019,임병욱,키움,0.243,117,419,379,39,92,17,5,0,119,41,6,0
1288,2019,허정협,키움,0.235,37,77,68,3,16,1,0,0,17,8,0,1
1289,2019,송성문,키움,0.227,103,335,308,33,70,12,5,3,101,34,4,4
1290,2019,주효상,키움,0.207,18,30,29,3,6,2,1,0,10,5,0,0
1291,2019,박정음,키움,0.197,60,88,71,13,14,2,1,0,18,7,1,0
1292,2019,예진원,키움,0.167,2,8,6,1,1,1,0,0,2,1,0,0
1293,2019,임지열,키움,0.133,11,18,15,0,2,1,0,0,3,3,1,0
1294,2019,김은성,키움,0.125,5,10,8,1,1,0,0,0,1,0,0,0
1295,2019,김주형,키움,0.000,3,1,1,0,0,0,0,0,0,0,0,0
1296,2019,윤영삼,키움,-,1,0,0,0,0,0,0,0,0,0,0,0
1297,2019,추재현,키움,0.000,1,1,1,0,0,0,0,0,0,0,0,0
1298,2019,김태균,한화,0.305,127,500,433,47,132,21,0,6,171,62,0,8
1299,2019,이동훈,한화,0.290,14,31,31,3,9,1,0,0,10,4,0,0
1300,2019,최재훈,한화,0.290,135,451,373,47,108,18,0,3,135,31,4,4
1301,2019,호잉,한화,0.284,124,525,476,74,135,26,2,18,219,73,1,5
1302,2019,정근우,한화,0.278,88,305,277,37,77,10,1,3,98,30,3,1
1303,2019,송광민,한화,0.264,122,486,454,50,120,21,0,7,162,51,3,5
1304,2019,하주석,한화,0.263,5,20,19,3,5,2,0,0,7,2,1,0
1305,2019,정은원,한화,0.262,142,624,564,83,148,27,6,8,211,57,6,6
1306,2019,이성열,한화,0.256,129,476,414,60,106,21,1,21,192,85,1,4
1307,2019,김민하,한화,0.256,72,140,125,14,32,6,0,2,44,14,2,1
1308,2019,장진혁,한화,0.254,113,349,315,42,80,16,5,1,109,24,2,1
1309,2019,김태연,한화,0.250,9,6,4,0,1,1,0,0,2,0,0,0
1310,2019,지성준,한화,0.250,58,109,104,7,26,6,0,2,38,11,0,0
1311,2019,최윤석,한화,0.250,7,15,12,3,3,0,0,0,3,1,0,0
1312,2019,강경학,한화,0.239,52,135,113,21,27,4,0,0,31,12,3,1
1313,2019,김회성,한화,0.231,58,117,104,7,24,4,0,3,37,18,1,1
1314,2019,최진행,한화,0.231,45,129,117,10,27,6,0,6,51,19,0,1
1315,2019,백창수,한화,0.227,16,48,44,4,10,3,0,0,13,3,2,0
1316,2019,변우혁,한화,0.226,29,61,53,7,12,1,0,1,16,2,0,0
1317,2019,오선진,한화,0.224,122,453,392,37,88,16,0,3,113,36,10,3
1318,2019,김인환,한화,0.214,18,46,42,1,9,1,0,0,10,2,0,2
1319,2019,김종민,한화,0.200,10,21,20,2,4,0,0,1,7,1,1,0
1320,2019,노시환,한화,0.186,91,192,177,19,33,8,1,1,46,13,1,1
1321,2019,박한결,한화,0.182,9,11,11,0,2,0,0,0,2,0,0,0
1322,2019,양성우,한화,0.168,56,129,119,11,20,3,0,1,26,6,1,0
1323,2019,유장혁,한화,0.164,38,61,55,10,9,1,0,1,13,4,0,1
1324,2019,이창열,한화,0.154,11,16,13,3,2,0,0,0,2,1,1,0
1325,2019,장운호,한화,0.100,7,12,10,2,1,0,0,0,1,0,1,0
1326,2019,김경태,한화,-,1,0,0,0,0,0,0,0,0,0,0,0
1327,2019,김종수,한화,-,1,0,0,0,0,0,0,0,0,0,0,0
1328,2019,안치홍,KIA,0.315,105,408,362,45,114,18,1,5,149,49,0,5
1329,2019,터커,KIA,0.311,95,399,357,50,111,33,0,9,171,50,0,1
1330,2019,황윤호,KIA,0.301,57,130,123,9,37,5,2,1,49,9,1,1
1331,2019,최형우,KIA,0.300,136,555,456,65,137,31,1,17,221,86,0,7
1332,2019,한준수,KIA,0.300,7,20,20,2,6,2,0,0,8,2,0,0
1333,2019,김주찬,KIA,0.300,100,363,337,35,101,16,0,3,126,32,1,3
1334,2019,김선빈,KIA,0.292,121,447,394,55,115,22,0,3,146,40,5,4
1335,2019,유민상,KIA,0.291,61,202,175,23,51,15,0,5,81,26,0,0
1336,2019,이정훈,KIA,0.286,7,15,14,0,4,1,0,0,5,3,0,1
1337,2019,최정용,KIA,0.286,8,21,21,4,6,0,0,0,6,1,0,0
1338,2019,이창진,KIA,0.270,133,470,400,57,108,25,1,6,153,48,4,5
1339,2019,박찬호,KIA,0.260,133,541,504,60,131,15,4,2,160,49,5,2
1340,2019,유재신,KIA,0.255,71,59,51,17,13,2,1,0,17,6,1,1
1341,2019,류승현,KIA,0.253,57,163,150,14,38,8,1,0,48,14,0,0
1342,2019,백용환,KIA,0.234,28,51,47,3,11,2,0,2,19,6,0,0
1343,2019,이범호,KIA,0.231,19,31,26,1,6,1,0,1,10,5,0,2
1344,2019,고장혁,KIA,0.226,22,32,31,2,7,0,1,0,9,3,0,0
1345,2019,한승택,KIA,0.223,105,288,251,22,56,9,1,3,76,27,7,2
1346,2019,이우성,KIA,0.219,60,168,151,19,33,4,0,6,55,22,1,2
1347,2019,신범수,KIA,0.211,39,65,57,4,12,5,0,2,23,7,0,0
1348,2019,홍재호,KIA,0.211,10,20,19,2,4,0,0,0,4,0,0,0
1349,2019,황대인,KIA,0.200,12,28,25,0,5,2,0,0,7,0,0,0
1350,2019,최원준,KIA,0.198,90,255,232,33,46,11,3,1,66,18,2,1
1351,2019,이인행,KIA,0.188,9,20,16,1,3,1,0,0,4,2,1,0
1352,2019,나지완,KIA,0.186,56,153,129,12,24,5,0,6,47,17,0,2
1353,2019,박준태,KIA,0.171,38,47,41,13,7,3,0,0,10,4,0,2
1354,2019,김민식,KIA,0.167,53,116,96,6,16,2,0,0,18,14,0,2
1355,2019,문선재,KIA,0.163,29,61,49,7,8,0,0,3,17,6,0,2
1356,2019,오선우,KIA,0.151,27,57,53,5,8,1,1,1,14,4,0,0
1357,2019,해즐베이커,KIA,0.146,11,46,41,5,6,2,0,2,14,5,0,0
1358,2019,강백호,KT,0.336,116,505,438,72,147,29,1,13,217,65,0,4
1359,2019,로하스,KT,0.322,142,578,521,68,168,30,3,24,276,104,0,5
1360,2019,유한준,KT,0.317,139,562,501,61,159,19,1,14,222,86,0,5
1361,2019,송민섭,KT,0.302,105,64,53,24,16,0,1,0,18,4,1,1
1362,2019,조용호,KT,0.293,87,211,188,15,55,6,3,0,67,19,2,0
1363,2019,황재균,KT,0.283,124,507,448,78,127,16,3,20,209,67,0,5
1364,2019,김민혁,KT,0.281,127,521,466,68,131,10,1,0,143,32,5,5
1365,2019,심우준,KT,0.279,138,433,391,54,109,13,1,3,133,28,12,1
1366,2019,강민국,KT,0.273,58,94,88,12,24,0,1,0,26,7,0,0
1367,2019,김진곤,KT,0.267,19,34,30,4,8,2,0,0,10,6,2,0
1368,2019,장성우,KT,0.262,127,413,366,25,96,7,0,7,124,41,4,6
1369,2019,오태곤,KT,0.250,123,392,352,63,88,16,1,6,124,35,3,2
1370,2019,박경수,KT,0.247,137,490,421,43,104,24,0,10,158,65,4,6
1371,2019,박승욱,KT,0.233,101,245,223,24,52,3,4,3,72,15,6,0
1372,2019,윤석민,KT,0.231,63,178,169,4,39,4,0,2,49,17,0,2
1373,2019,배정대,KT,0.203,66,84,74,15,15,4,0,0,19,6,2,0
1374,2019,문상철,KT,0.200,33,68,60,8,12,1,0,2,19,7,0,2
1375,2019,이준수,KT,0.194,32,49,36,3,7,1,0,0,8,3,3,0
1376,2019,안치영,KT,0.167,5,7,6,1,1,0,0,0,1,0,0,0
1377,2019,김병희,KT,0.143,4,7,7,0,1,0,0,0,1,0,0,0
1378,2019,이대형,KT,0.143,18,19,14,2,2,1,0,0,3,4,0,1
1379,2019,안승한,KT,0.136,36,47,44,4,6,1,0,0,7,5,1,0
1380,2019,고명성,KT,0.125,30,18,16,4,2,0,0,0,2,0,0,0
1381,2019,이해창,KT,0.125,30,43,40,0,5,0,0,0,5,0,0,0
1382,2019,김영환,KT,0.071,13,15,14,1,1,0,0,0,1,0,0,0
1383,2019,김재윤,KT,0.000,3,1,1,0,0,0,0,0,0,0,0,0
1384,2019,박민석,KT,0.000,3,1,1,0,0,0,0,0,0,0,0,0
1385,2019,손동현,KT,-,2,0,0,0,0,0,0,0,0,0,0,0
1386,2019,엄상백,KT,-,1,0,0,0,0,0,0,0,0,0,0,0
1387,2019,이대은,KT,-,4,0,0,0,0,0,0,0,0,0,0,0
1388,2019,채은성,LG,0.315,128,514,470,59,148,18,1,12,204,72,0,8
1389,2019,이천웅,LG,0.308,138,613,546,88,168,24,3,2,204,48,4,1
1390,2019,김현수,LG,0.304,140,595,526,75,160,37,0,11,230,82,0,9
1391,2019,페게로,LG,0.286,52,214,199,24,57,10,0,9,94,44,0,1
1392,2019,이형종,LG,0.286,120,482,419,56,120,24,1,13,185,63,1,10
1393,2019,박용택,LG,0.282,64,215,195,19,55,9,0,1,67,22,0,2
1394,2019,조셉,LG,0.274,55,217,197,17,54,3,0,9,84,36,0,2
1395,2019,유강남,LG,0.270,132,468,418,44,113,22,0,16,183,49,1,6
1396,2019,김민성,LG,0.260,107,401,361,44,94,16,0,8,134,50,5,1
1397,2019,오지환,LG,0.252,134,547,473,63,119,23,5,9,179,53,7,3
1398,2019,홍창기,LG,0.250,23,26,24,3,6,2,0,0,8,0,0,0
1399,2019,전민수,LG,0.240,75,106,96,8,23,7,0,0,30,8,1,0
1400,2019,서상우,LG,0.238,13,24,21,2,5,1,0,0,6,1,0,0
1401,2019,신민재,LG,0.235,81,94,81,25,19,3,0,0,22,5,1,1
1402,2019,정주현,LG,0.231,129,425,376,53,87,19,2,2,116,27,16,1
1403,2019,김용의,LG,0.218,114,210,179,35,39,5,3,0,50,17,4,1
1404,2019,김재성,LG,0.200,3,7,5,0,1,0,0,0,1,1,0,0
1405,2019,류형우,LG,0.182,10,12,11,2,2,0,0,0,2,1,0,0
1406,2019,구본혁,LG,0.176,57,95,85,10,15,1,0,1,19,6,1,1
1407,2019,백승현,LG,0.167,14,30,30,1,5,1,0,0,6,0,0,0
1408,2019,이성우,LG,0.156,55,74,64,2,10,3,0,0,13,6,3,0
1409,2019,양종민,LG,0.136,18,49,44,1,6,2,0,0,8,5,2,1
1410,2019,김재율,LG,0.111,4,9,9,0,1,0,0,0,1,0,0,0
1411,2019,윤진호,LG,0.102,106,62,59,6,6,2,0,1,11,5,2,0
1412,2019,박지규,LG,0.091,10,18,11,2,1,0,0,0,1,1,1,0
1413,2019,정상호,LG,0.083,22,24,24,1,2,1,0,0,3,2,0,0
1414,2019,고우석,LG,-,1,0,0,0,0,0,0,0,0,0,0,0
1415,2019,문광은,LG,-,2,0,0,0,0,0,0,0,0,0,0,0
1416,2019,양원혁,LG,-,1,0,0,1,0,0,0,0,0,0,0,0
1417,2019,여건욱,LG,-,3,0,0,0,0,0,0,0,0,0,0,0
1418,2019,최승민,NC,0.444,24,10,9,5,4,1,0,0,5,1,0,0
1419,2019,나성범,NC,0.366,23,106,93,19,34,12,1,4,60,14,0,0
1420,2019,양의지,NC,0.354,118,459,390,61,138,26,0,20,224,68,0,6
1421,2019,박민우,NC,0.344,125,526,468,89,161,23,8,1,203,45,2,6
1422,2019,모창민,NC,0.305,101,386,341,49,104,21,2,10,159,55,0,11
1423,2019,이명기,NC,0.293,139,547,484,62,142,17,3,2,171,36,7,4
1424,2019,이상호,NC,0.278,102,256,234,30,65,7,0,0,72,12,8,3
1425,2019,김찬형,NC,0.277,76,154,141,16,39,4,2,1,50,12,2,1
1426,2019,김태진,NC,0.275,123,399,374,44,103,14,5,5,142,46,5,3
1427,2019,박석민,NC,0.267,112,444,360,49,96,17,1,19,172,74,4,3
1428,2019,손시헌,NC,0.267,68,149,135,17,36,4,1,2,48,10,4,0
1429,2019,노진혁,NC,0.264,110,390,348,51,92,23,2,13,158,43,6,3
1430,2019,이원재,NC,0.258,94,285,256,31,66,11,0,8,101,36,5,3
1431,2019,권희동,NC,0.256,116,413,348,37,89,17,0,6,124,41,5,3
1432,2019,김준완,NC,0.250,8,19,16,0,4,0,0,0,4,1,0,1
1433,2019,윤수강,NC,0.250,2,4,4,0,1,0,0,0,1,0,0,0
1434,2019,이인혁,NC,0.250,6,9,8,1,2,0,0,1,5,1,0,0
1435,2019,강진성,NC,0.247,41,104,97,11,24,4,1,2,36,14,0,0
1436,2019,베탄코트,NC,0.246,53,224,203,23,50,8,0,8,82,29,0,2
1437,2019,김성욱,NC,0.230,116,333,287,38,66,16,1,9,111,36,9,5
1438,2019,스몰린스키,NC,0.229,55,228,205,32,47,14,1,9,90,42,0,2
1439,2019,지석훈,NC,0.228,76,169,149,15,34,9,0,2,49,15,2,2
1440,2019,정범모,NC,0.225,25,45,40,4,9,1,0,2,16,4,2,0
1441,2019,김형준,NC,0.224,55,119,107,13,24,5,0,2,35,9,4,0
1442,2019,김태군,NC,0.182,18,28,22,0,4,0,0,0,4,1,0,0
1443,2019,김진형,NC,0.150,11,23,20,2,3,1,0,0,4,2,1,2
1444,2019,오영수,NC,0.125,3,8,8,0,1,0,0,0,1,0,0,0
1445,2019,박헌욱,NC,0.111,6,9,9,0,1,1,0,0,2,1,0,0
1446,2019,강윤구,NC,-,1,0,0,0,0,0,0,0,0,0,0,0
1447,2019,김건태,NC,-,1,0,0,0,0,0,0,0,0,0,0,0
1448,2019,임재현,SK,0.667,6,3,3,1,2,0,0,0,2,0,0,0
1449,2019,고종욱,SK,0.323,137,513,492,76,159,25,7,3,207,56,0,2
1450,2019,최정,SK,0.292,141,606,503,86,147,27,0,29,261,99,0,8
1451,2019,김재현,SK,0.286,83,49,42,29,12,2,1,0,16,2,3,0
1452,2019,정의윤,SK,0.282,110,419,380,44,107,24,0,13,170,59,0,2
1453,2019,로맥,SK,0.276,137,589,504,86,139,28,1,29,256,95,0,6
1454,2019,김강민,SK,0.270,127,460,422,54,114,14,2,8,156,50,0,3
1455,2019,이재원,SK,0.268,139,502,451,33,121,19,0,12,176,75,1,7
1456,2019,한동민,SK,0.265,125,502,427,52,113,20,0,12,169,52,0,0
1457,2019,김성민,SK,0.250,2,4,4,0,1,0,0,0,1,0,0,0
1458,2019,노수광,SK,0.250,117,445,388,69,97,16,1,2,121,28,9,0
1459,2019,김성현,SK,0.246,144,472,426,45,105,16,2,1,128,34,8,3
1460,2019,안상현,SK,0.235,65,108,102,14,24,3,0,0,27,5,1,1
1461,2019,최항,SK,0.228,52,147,127,12,29,5,0,0,34,14,1,1
1462,2019,남태혁,SK,0.227,12,24,22,1,5,0,0,0,5,1,0,0
1463,2019,최승준,SK,0.227,10,24,22,2,5,0,0,0,5,0,0,0
1464,2019,배영섭,SK,0.225,30,80,71,5,16,1,0,0,17,7,0,1
1465,2019,나주환,SK,0.222,94,245,225,14,50,9,0,3,68,20,4,1
1466,2019,최준우,SK,0.212,15,36,33,3,7,2,0,0,9,0,0,0
1467,2019,박정권,SK,0.188,18,37,32,5,6,1,0,1,10,5,0,0
1468,2019,정진기,SK,0.188,13,17,16,1,3,0,0,0,3,2,0,0
1469,2019,김창평,SK,0.178,18,53,45,4,8,2,0,0,10,3,3,0
1470,2019,강승호,SK,0.154,15,42,39,5,6,0,0,2,12,5,1,0
1471,2019,허도환,SK,0.127,56,93,79,3,10,3,0,1,16,6,4,2
1472,2019,정현,SK,0.079,27,45,38,3,3,0,0,0,3,2,0,1
1473,2019,최경모,SK,0.063,17,16,16,2,1,1,0,0,2,1,0,0
1474,2019,김태훈,SK,-,1,0,0,0,0,0,0,0,0,0,0,0
1475,2019,신재웅,SK,-,1,0,0,0,0,0,0,0,0,0,0,0
1476,2019,오준혁,SK,0.000,2,1,1,1,0,0,0,0,0,0,0,0
1477,2019,이승진,SK,-,1,0,0,0,0,0,0,0,0,0,0,0
1478,2020,이유찬,두산,0.387,43,39,31,11,12,0,1,0,14,4,1,1
1479,2020,허경민,두산,0.382,49,203,186,28,71,8,1,4,93,28,0,2
1480,2020,페르난데스,두산,0.366,67,311,273,58,100,17,0,12,153,48,0,4
1481,2020,오재일,두산,0.342,53,223,202,28,69,19,0,7,109,39,0,1
1482,2020,박건우,두산,0.315,62,268,235,53,74,20,0,6,112,35,0,4
1483,2020,김재호,두산,0.301,49,190,163,25,49,7,1,1,61,20,1,5
1484,2020,박세혁,두산,0.297,58,208,182,28,54,8,1,3,73,31,1,4
1485,2020,최주환,두산,0.296,65,270,243,38,72,16,1,8,114,44,0,2
1486,2020,김재환,두산,0.282,66,294,248,44,70,11,0,13,120,60,0,4
1487,2020,정수빈,두산,0.268,64,237,213,35,57,8,5,2,81,25,5,1
1488,2020,오재원,두산,0.239,52,130,117,20,28,5,1,5,50,24,0,2
1489,2020,권민석,두산,0.225,27,47,40,3,9,0,0,0,9,2,2,2
1490,2020,국해성,두산,0.220,24,65,59,7,13,1,0,2,20,13,0,1
1491,2020,안권수,두산,0.217,39,25,23,7,5,0,0,0,5,3,0,1
1492,2020,양찬열,두산,0.200,8,19,15,1,3,0,0,0,3,2,0,0
1493,2020,정상호,두산,0.188,29,67,64,2,12,5,0,0,17,6,1,1
1494,2020,장승현,두산,0.167,7,6,6,0,1,0,0,0,1,0,0,0
1495,2020,백동훈,두산,0.154,18,15,13,2,2,1,0,0,3,0,0,0
1496,2020,김인태,두산,0.138,27,40,29,8,4,1,0,0,5,1,0,0
1497,2020,서예일,두산,0.125,11,8,8,1,1,1,0,0,2,0,0,0
1498,2020,김강률,두산,-,1,0,0,0,0,0,0,0,0,0,0,0
1499,2020,김민규,두산,-,1,0,0,0,0,0,0,0,0,0,0,0
1500,2020,박지훈,두산,0.000,3,1,1,0,0,0,0,0,0,0,0,0
1501,2020,오명진,두산,0.000,3,2,2,0,0,0,0,0,0,0,0,0
1502,2020,이형범,두산,-,1,0,0,0,0,0,0,0,0,0,0,0
1503,2020,조제영,두산,-,1,0,0,0,0,0,0,0,0,0,0,0
1504,2020,최용제,두산,-,1,0,0,0,0,0,0,0,0,0,0,0
1505,2020,함덕주,두산,-,2,0,0,0,0,0,0,0,0,0,0,0
1506,2020,손아섭,롯데,0.345,65,292,252,49,87,20,0,3,116,39,1,5
1507,2020,오윤석,롯데,0.341,13,50,41,6,14,2,0,0,16,6,0,0
1508,2020,김민수,롯데,0.333,2,7,6,1,2,0,0,0,2,0,0,0
1509,2020,정훈,롯데,0.331,37,169,151,29,50,10,0,4,72,26,0,1
1510,2020,이대호,롯데,0.309,65,278,246,32,76,14,0,11,123,50,0,3
1511,2020,마차도,롯데,0.286,65,262,234,32,67,13,1,5,97,39,1,4
1512,2020,전준우,롯데,0.284,64,291,264,45,75,15,0,13,129,39,0,1
1513,2020,안치홍,롯데,0.278,63,259,230,25,64,16,0,4,92,29,3,2
1514,2020,지성준,롯데,0.250,3,11,8,0,2,0,0,0,2,2,0,0
1515,2020,한동희,롯데,0.246,57,212,187,20,46,8,0,9,81,29,3,2
1516,2020,민병헌,롯데,0.243,58,227,206,29,50,12,0,2,68,12,3,1
1517,2020,김재유,롯데,0.237,21,44,38,5,9,0,0,0,9,5,0,0
1518,2020,김준태,롯데,0.233,55,151,129,15,30,4,1,1,39,13,1,0
1519,2020,허일,롯데,0.224,28,56,49,3,11,1,0,1,15,5,2,0
1520,2020,김동한,롯데,0.222,38,47,45,12,10,2,0,0,12,4,0,0
1521,2020,신본기,롯데,0.192,36,56,52,7,10,0,0,1,13,3,0,0
1522,2020,강로한,롯데,0.190,16,26,21,6,4,0,0,0,4,1,0,0
1523,2020,정보근,롯데,0.145,47,94,83,5,12,0,0,0,12,3,5,1
1524,2020,추재현,롯데,0.125,13,28,24,3,3,0,0,0,3,0,0,0
1525,2020,구승민,롯데,-,1,0,0,0,0,0,0,0,0,0,0,0
1526,2020,김대우,롯데,-,1,0,0,0,0,0,0,0,0,0,0,0
1527,2020,김원중,롯데,-,3,0,0,0,0,0,0,0,0,0,0,0
1528,2020,배성근,롯데,0.000,1,3,3,0,0,0,0,0,0,0,0,0
1529,2020,오현택,롯데,-,1,0,0,0,0,0,0,0,0,0,0,0
1530,2020,이인복,롯데,-,1,0,0,0,0,0,0,0,0,0,0,0
1531,2020,진명호,롯데,-,1,0,0,0,0,0,0,0,0,0,0,0
1532,2020,김호재,삼성,0.375,9,10,8,1,3,0,0,0,3,2,0,0
1533,2020,이성곤,삼성,0.346,33,89,81,12,28,4,0,4,44,12,1,2
1534,2020,구자욱,삼성,0.343,44,190,172,28,59,13,0,7,93,30,0,2
1535,2020,김상수,삼성,0.330,64,272,227,44,75,15,1,2,98,23,1,2
1536,2020,박해민,삼성,0.292,56,209,195,35,57,8,2,5,84,23,3,0
1537,2020,이원석,삼성,0.287,57,223,188,25,54,10,0,8,88,50,1,8
1538,2020,살라디노,삼성,0.280,44,163,132,26,37,8,0,6,63,27,0,1
1539,2020,최영진,삼성,0.275,46,92,80,12,22,1,0,1,26,11,0,1
1540,2020,강민호,삼성,0.273,54,163,154,23,42,8,0,9,77,23,0,0
1541,2020,김동엽,삼성,0.258,48,194,182,24,47,9,0,6,74,28,1,1
1542,2020,박승규,삼성,0.255,51,119,110,16,28,6,0,1,37,8,2,0
1543,2020,김성표,삼성,0.250,4,4,4,0,1,0,0,0,1,0,0,0
1544,2020,김재현,삼성,0.250,8,4,4,1,1,0,0,0,1,1,0,0
1545,2020,이학주,삼성,0.247,56,208,178,26,44,10,0,4,66,27,2,5
1546,2020,김지찬,삼성,0.245,59,110,98,21,24,2,1,0,28,8,4,2
1547,2020,박찬도,삼성,0.239,43,105,88,20,21,5,0,1,29,8,1,2
1548,2020,이성규,삼성,0.223,38,119,103,14,23,5,1,7,51,24,2,2
1549,2020,박계범,삼성,0.220,25,44,41,9,9,3,0,1,15,5,0,0
1550,2020,김응민,삼성,0.218,31,60,55,4,12,1,0,0,13,5,1,0
1551,2020,김헌곤,삼성,0.215,35,124,107,6,23,4,0,0,27,14,1,0
1552,2020,김민수,삼성,0.211,14,22,19,3,4,0,0,0,4,1,1,0
1553,2020,송준석,삼성,0.208,12,25,24,3,5,3,0,0,8,4,0,0
1554,2020,김대우,삼성,-,1,0,0,0,0,0,0,0,0,0,0,0
1555,2020,김도환,삼성,0.000,1,3,2,0,0,0,0,0,0,0,0,0
1556,2020,라이블리,삼성,0.000,1,1,1,0,0,0,0,0,0,0,0,0
1557,2020,백승민,삼성,0.000,7,12,9,0,0,0,0,0,0,1,0,0
1558,2020,양우현,삼성,0.000,1,3,3,0,0,0,0,0,0,0,0,0
1559,2020,장지훈,삼성,-,1,0,0,0,0,0,0,0,0,0,0,0
1560,2020,홍정우,삼성,-,1,0,0,0,0,0,0,0,0,0,0,0
1561,2020,임지열,키움,1.000,1,1,1,1,1,0,0,0,1,0,0,0
1562,2020,이정후,키움,0.352,69,302,267,45,94,24,4,12,162,53,2,5
1563,2020,이지영,키움,0.319,52,161,144,14,46,6,1,0,54,22,2,1
1564,2020,서건창,키움,0.299,67,290,244,44,73,10,5,5,108,27,0,4
1565,2020,박동원,키움,0.282,59,220,195,30,55,15,0,11,103,39,1,2
1566,2020,임병욱,키움,0.278,11,40,36,3,10,4,0,0,14,6,0,0
1567,2020,김하성,키움,0.274,67,301,252,56,69,12,1,15,128,52,1,3
1568,2020,김혜성,키움,0.269,67,246,216,36,58,10,3,6,92,31,0,3
1569,2020,전병우,키움,0.261,52,179,165,16,43,8,1,3,62,23,0,1
1570,2020,허정협,키움,0.259,42,133,116,14,30,1,0,3,40,11,1,0
1571,2020,김수환,키움,0.250,4,8,8,1,2,1,0,0,3,2,0,0
1572,2020,박주홍,키움,0.250,5,12,12,0,3,1,0,0,4,0,0,0
1573,2020,김주형,키움,0.238,34,48,42,8,10,3,0,1,16,6,1,0
1574,2020,김웅빈,키움,0.231,9,29,26,6,6,1,0,1,10,5,0,1
1575,2020,박병호,키움,0.226,66,278,226,43,51,4,0,17,106,47,0,5
1576,2020,박준태,키움,0.220,66,197,150,25,33,5,0,0,38,7,4,2
1577,2020,김규민,키움,0.213,46,97,89,11,19,2,1,1,26,5,2,1
1578,2020,변상권,키움,0.200,3,5,5,1,1,1,0,0,2,0,0,0
1579,2020,이택근,키움,0.193,20,64,57,5,11,5,0,0,16,7,0,0
1580,2020,주효상,키움,0.179,26,32,28,1,5,1,0,0,6,3,1,0
1581,2020,박정음,키움,0.171,50,38,35,11,6,0,0,0,6,2,0,0
1582,2020,모터,키움,0.114,10,37,35,4,4,0,0,1,7,3,0,1
1583,2020,김병휘,키움,0.000,1,1,1,1,0,0,0,0,0,0,0,0
1584,2020,김성민,키움,-,2,0,0,0,0,0,0,0,0,0,0,0
1585,2020,김재웅,키움,-,1,0,0,0,0,0,0,0,0,0,0,0
1586,2020,송우현,키움,0.000,1,2,2,0,0,0,0,0,0,0,0,0
1587,2020,신재영,키움,-,1,0,0,0,0,0,0,0,0,0,0,0
1588,2020,안우진,키움,-,1,0,0,0,0,0,0,0,0,0,0,0
1589,2020,양현,키움,-,1,0,0,0,0,0,0,0,0,0,0,0
1590,2020,윤정현,키움,-,2,0,0,0,0,0,0,0,0,0,0,0
1591,2020,김현민,한화,0.400,4,5,5,2,2,0,0,0,2,0,0,0
1592,2020,정기훈,한화,0.333,2,3,3,0,1,0,0,0,1,0,0,0
1593,2020,최승준,한화,0.333,2,4,3,1,1,0,0,0,1,1,0,0
1594,2020,하주석,한화,0.293,26,96,92,8,27,5,0,0,32,10,0,0
1595,2020,정진호,한화,0.290,56,184,162,20,47,8,0,1,58,10,4,2
1596,2020,조한민,한화,0.286,17,36,35,6,10,4,0,0,14,2,0,0
1597,2020,노수광,한화,0.284,34,105,95,16,27,3,2,1,37,5,1,0
1598,2020,김민하,한화,0.278,15,22,18,3,5,1,0,0,6,2,0,0
1599,2020,이용규,한화,0.272,61,236,202,31,55,3,0,1,61,16,1,0
1600,2020,정은원,한화,0.257,67,259,218,24,56,8,2,3,77,27,1,1
1601,2020,강경학,한화,0.250,23,51,40,6,10,2,0,0,12,1,0,0
1602,2020,최재훈,한화,0.248,59,182,161,13,40,9,0,2,55,12,1,0
1603,2020,노태형,한화,0.244,28,52,45,4,11,3,0,0,14,5,1,0
1604,2020,박정현,한화,0.238,16,22,21,1,5,0,0,0,5,2,0,0
1605,2020,임종찬,한화,0.238,9,22,21,1,5,2,0,0,7,0,0,0
1606,2020,최인호,한화,0.237,12,40,38,1,9,0,0,0,9,4,0,1
1607,2020,김태균,한화,0.237,53,200,169,11,40,10,0,2,56,24,1,1
1608,2020,최진행,한화,0.232,30,111,99,12,23,4,0,6,45,18,0,2
1609,2020,오선진,한화,0.224,33,107,98,7,22,3,0,2,31,12,2,0
1610,2020,반즈,한화,0.222,5,20,18,1,4,3,0,0,7,1,0,0
1611,2020,송광민,한화,0.222,40,132,126,10,28,7,0,3,44,11,1,1
1612,2020,양성우,한화,0.222,5,9,9,1,2,0,0,0,2,0,0,0
1613,2020,김문호,한화,0.217,18,52,46,6,10,1,0,2,17,5,0,0
1614,2020,유장혁,한화,0.214,13,30,28,2,6,1,0,0,7,0,0,0
1615,2020,이성열,한화,0.207,39,143,135,9,28,3,0,2,37,17,0,0
1616,2020,호잉,한화,0.194,34,134,124,12,24,4,0,4,40,14,0,0
1617,2020,노시환,한화,0.186,34,109,102,12,19,6,0,4,37,7,1,0
1618,2020,이해창,한화,0.184,23,55,49,5,9,0,0,2,15,7,0,0
1619,2020,박상언,한화,0.182,15,23,22,2,4,2,0,0,6,1,0,0
1620,2020,김회성,한화,0.167,15,25,18,1,3,1,0,0,4,1,2,1
1621,2020,최정민,KIA,0.500,4,2,2,2,1,0,0,0,1,2,0,0
1622,2020,류지혁,KIA,0.381,25,51,42,13,16,3,0,1,22,5,1,2
1623,2020,김선빈,KIA,0.378,38,157,135,20,51,12,0,0,63,18,0,1
1624,2020,김민식,KIA,0.348,8,25,23,3,8,0,1,0,10,5,0,0
1625,2020,김주찬,KIA,0.333,7,18,18,3,6,0,0,1,9,2,0,0
1626,2020,최형우,KIA,0.322,63,268,227,41,73,12,0,10,115,43,0,2
1627,2020,이창진,KIA,0.317,14,66,60,11,19,3,1,0,24,5,0,0
1628,2020,유민상,KIA,0.312,52,180,154,13,48,8,0,3,65,29,1,1
1629,2020,터커,KIA,0.304,65,287,250,46,76,20,0,16,144,55,0,0
1630,2020,나지완,KIA,0.290,62,256,221,36,64,10,0,9,101,43,0,2
1631,2020,오선우,KIA,0.270,24,39,37,8,10,0,0,2,16,7,0,0
1632,2020,백용환,KIA,0.266,27,76,64,10,17,3,0,4,32,9,1,0
1633,2020,나주환,KIA,0.262,46,155,145,17,38,3,0,6,59,19,4,1
1634,2020,최원준,KIA,0.256,46,98,82,10,21,3,0,0,24,11,3,4
1635,2020,한승택,KIA,0.256,46,150,129,15,33,5,0,6,56,16,6,0
1636,2020,박찬호,KIA,0.250,65,266,244,39,61,9,0,3,79,18,4,2
1637,2020,김호령,KIA,0.242,31,116,99,26,24,4,2,3,41,11,3,1
1638,2020,황윤호,KIA,0.233,20,60,60,3,14,2,0,0,16,4,0,0
1639,2020,황대인,KIA,0.226,24,72,62,8,14,3,0,3,26,9,0,1
1640,2020,최정용,KIA,0.190,27,45,42,4,8,1,0,1,12,4,1,0
1641,2020,김규성,KIA,0.185,38,82,65,7,12,2,0,1,17,5,7,0
1642,2020,문선재,KIA,0.167,15,6,6,1,1,0,0,0,1,0,0,0
1643,2020,장영석,KIA,0.129,11,37,31,1,4,0,0,0,4,2,0,1
1644,2020,이우성,KIA,0.048,22,26,21,3,1,1,0,0,2,1,0,0
1645,2020,김현준,KIA,-,1,0,0,0,0,0,0,0,0,0,0,0
1646,2020,이정훈,KIA,0.000,3,4,4,0,0,0,0,0,0,0,0,0
1647,2020,홍종표,KIA,-,2,0,0,1,0,0,0,0,0,0,0,0
1648,2020,로하스,KT,0.393,67,296,267,61,105,24,0,24,201,63,0,1
1649,2020,허도환,KT,0.346,18,28,26,1,9,0,0,0,9,3,0,0
1650,2020,배정대,KT,0.327,67,287,254,40,83,18,3,7,128,33,3,2
1651,2020,조용호,KT,0.317,61,215,183,40,58,7,0,0,65,15,1,1
1652,2020,황재균,KT,0.305,57,255,233,44,71,16,1,7,110,35,2,2
1653,2020,강백호,KT,0.302,52,227,199,40,60,11,1,12,109,38,0,3
1654,2020,박경수,KT,0.285,63,221,186,23,53,8,0,9,88,38,1,4
1655,2020,유한준,KT,0.281,50,189,171,26,48,8,0,6,74,28,0,0
1656,2020,장성우,KT,0.276,63,214,185,19,51,7,0,6,76,40,6,3
1657,2020,김민혁,KT,0.275,57,144,131,20,36,3,2,3,52,13,1,1
1658,2020,천성호,KT,0.265,30,55,49,7,13,3,0,0,16,1,0,0
1659,2020,강민국,KT,0.257,34,35,35,5,9,0,0,0,9,5,0,0
1660,2020,강현우,KT,0.240,22,27,25,2,6,2,0,1,11,3,0,0
1661,2020,심우준,KT,0.222,67,260,234,25,52,5,2,1,64,25,7,1
1662,2020,오태곤,KT,0.220,38,55,50,7,11,1,1,0,14,5,0,0
1663,2020,문상철,KT,0.197,36,72,66,12,13,2,0,2,21,9,1,1
1664,2020,김병희,KT,0.176,11,17,17,2,3,0,0,1,6,1,0,0
1665,2020,박승욱,KT,0.167,31,45,36,7,6,0,1,0,8,2,0,1
1666,2020,김성훈,KT,-,1,0,0,0,0,0,0,0,0,0,0,0
1667,2020,김영환,KT,0.000,4,6,6,0,0,0,0,0,0,0,0,0
1668,2020,김재윤,KT,-,2,0,0,0,0,0,0,0,0,0,0,0
1669,2020,류희운,KT,-,1,0,0,0,0,0,0,0,0,0,0,0
1670,2020,송민섭,KT,0.000,46,17,15,3,0,0,0,0,0,1,1,1
1671,2020,이대은,KT,-,1,0,0,0,0,0,0,0,0,0,0,0
1672,2020,이보근,KT,-,1,0,0,0,0,0,0,0,0,0,0,0
1673,2020,이상화,KT,-,1,0,0,0,0,0,0,0,0,0,0,0
1674,2020,주권,KT,-,1,0,0,0,0,0,0,0,0,0,0,0
1675,2020,김현수,LG,0.344,67,299,273,51,94,22,1,13,157,59,0,3
1676,2020,손호영,LG,0.333,11,21,21,4,7,2,0,0,9,2,0,0
1677,2020,박용택,LG,0.317,39,133,123,17,39,10,0,0,49,22,0,2
1678,2020,김용의,LG,0.313,51,49,48,12,15,0,1,1,20,8,1,0
1679,2020,라모스,LG,0.309,61,257,223,34,69,11,0,17,131,41,0,4
1680,2020,김민성,LG,0.303,36,136,119,10,36,9,0,1,48,20,2,1
1681,2020,이성우,LG,0.294,31,42,34,4,10,0,0,3,19,9,3,0
1682,2020,이천웅,LG,0.283,59,268,230,39,65,7,1,1,77,27,2,5
1683,2020,김호은,LG,0.282,34,75,71,10,20,4,0,2,30,7,0,0
1684,2020,오지환,LG,0.279,65,260,233,39,65,14,3,7,106,34,4,3
1685,2020,유강남,LG,0.279,64,228,208,24,58,9,0,6,85,39,0,2
1686,2020,채은성,LG,0.259,53,218,197,31,51,8,1,5,76,29,0,2
1687,2020,정주현,LG,0.258,59,138,124,19,32,6,2,3,51,16,2,1
1688,2020,백승현,LG,0.250,27,39,28,5,7,1,0,0,8,2,6,0
1689,2020,이형종,LG,0.250,11,49,44,7,11,2,1,2,21,6,0,0
1690,2020,홍창기,LG,0.248,58,153,121,26,30,9,2,1,46,10,0,2
1691,2020,정근우,LG,0.238,51,148,130,19,31,2,0,1,36,11,2,1
1692,2020,장준원,LG,0.208,12,26,24,2,5,2,0,0,7,2,0,0
1693,2020,전민수,LG,0.200,4,6,5,0,1,0,0,0,1,0,0,0
1694,2020,박재욱,LG,0.167,4,7,6,0,1,0,0,0,1,1,0,0
1695,2020,구본혁,LG,0.159,60,51,44,7,7,0,0,1,10,5,2,0
1696,2020,이재원,LG,0.083,7,13,12,0,1,0,0,0,1,0,0,0
1697,2020,김대현,LG,-,1,0,0,0,0,0,0,0,0,0,0,0
1698,2020,류원석,LG,-,1,0,0,0,0,0,0,0,0,0,0,0
1699,2020,박지규,LG,-,1,0,0,0,0,0,0,0,0,0,0,0
1700,2020,백청훈,LG,-,1,0,0,0,0,0,0,0,0,0,0,0
1701,2020,송은범,LG,-,2,0,0,0,0,0,0,0,0,0,0,0
1702,2020,신민재,LG,0.000,16,2,2,6,0,0,0,0,0,0,0,0
1703,2020,이우찬,LG,-,1,0,0,0,0,0,0,0,0,0,0,0
1704,2020,이찬혁,LG,-,1,0,0,0,0,0,0,0,0,0,0,0
1705,2020,최정원,NC,1.000,3,2,2,0,2,2,0,0,4,1,0,0
1706,2020,김형준,NC,0.500,5,9,8,0,4,0,0,0,4,1,0,0
1707,2020,강진성,NC,0.351,61,229,208,35,73,15,0,10,118,46,1,4
1708,2020,박민우,NC,0.318,61,260,233,41,74,16,2,3,103,26,1,5
1709,2020,나성범,NC,0.309,61,279,249,52,77,19,1,17,149,52,0,0
1710,2020,김태군,NC,0.300,44,84,70,12,21,6,0,1,30,15,6,1
1711,2020,이명기,NC,0.294,62,225,204,35,60,6,1,1,71,19,1,2
1712,2020,알테어,NC,0.292,66,260,236,49,69,8,5,18,141,62,0,1
1713,2020,박석민,NC,0.292,60,219,178,30,52,5,0,9,84,34,2,3
1714,2020,양의지,NC,0.291,54,207,179,31,52,14,0,9,93,44,0,3
1715,2020,권희동,NC,0.289,56,216,173,37,50,8,0,9,85,31,4,1
1716,2020,모창민,NC,0.282,30,73,71,2,20,7,0,1,30,4,0,0
1717,2020,김찬형,NC,0.280,44,57,50,8,14,4,0,0,18,6,2,1
1718,2020,노진혁,NC,0.269,59,213,193,31,52,8,1,9,89,33,1,0
1719,2020,김성욱,NC,0.241,40,90,79,17,19,2,0,3,30,10,3,0
1720,2020,김태진,NC,0.217,37,88,83,10,18,1,1,1,24,6,1,0
1721,2020,지석훈,NC,0.200,18,19,15,5,3,1,0,1,7,5,0,2
1722,2020,김준완,NC,0.192,21,31,26,4,5,0,0,1,8,3,0,0
1723,2020,이원재,NC,0.182,19,37,33,4,6,1,0,0,7,2,0,0
1724,2020,이상호,NC,0.114,44,38,35,11,4,0,0,0,4,0,1,0
1725,2020,강동연,NC,-,2,0,0,0,0,0,0,0,0,0,0,0
1726,2020,김건태,NC,-,3,0,0,0,0,0,0,0,0,0,0,0
1727,2020,김진성,NC,-,2,0,0,0,0,0,0,0,0,0,0,0
1728,2020,박준영,NC,0.000,2,5,5,0,0,0,0,0,0,0,0,0
1729,2020,배재환,NC,-,1,0,0,0,0,0,0,0,0,0,0,0
1730,2020,서호철,NC,0.000,2,8,8,0,0,0,0,0,0,0,0,0
1731,2020,송명기,NC,-,1,0,0,0,0,0,0,0,0,0,0,0
1732,2020,원종현,NC,-,1,0,0,0,0,0,0,0,0,0,0,0
1733,2020,장현식,NC,-,1,0,0,0,0,0,0,0,0,0,0,0
1734,2020,홍성무,NC,-,1,0,0,0,0,0,0,0,0,0,0,0
1735,2020,채태인,SK,0.333,27,69,63,4,21,1,0,2,28,13,0,0
1736,2020,최정,SK,0.295,63,259,210,44,62,14,0,15,121,42,0,2
1737,2020,최준우,SK,0.289,40,140,121,21,35,3,0,3,47,9,3,0
1738,2020,한동민,SK,0.282,26,98,85,15,24,3,0,9,54,18,0,2
1739,2020,최지훈,SK,0.271,51,202,181,23,49,5,1,1,59,8,4,1
1740,2020,오준혁,SK,0.259,36,87,81,10,21,3,0,2,30,8,0,0
1741,2020,로맥,SK,0.259,65,274,232,36,60,13,0,13,112,36,0,1
1742,2020,정의윤,SK,0.252,52,162,147,12,37,2,1,1,44,14,0,2
1743,2020,이거연,SK,0.250,3,5,4,0,1,0,0,0,1,0,0,0
1744,2020,남태혁,SK,0.245,26,54,49,2,12,1,0,1,16,10,0,0
1745,2020,김강민,SK,0.241,56,156,141,19,34,4,1,5,55,20,1,2
1746,2020,김성현,SK,0.239,62,157,134,12,32,1,0,0,33,7,6,1
1747,2020,이흥련,SK,0.238,19,66,63,2,15,1,0,2,22,9,0,1
1748,2020,정진기,SK,0.238,50,140,126,14,30,2,2,2,42,15,4,2
1749,2020,김경호,SK,0.231,17,40,39,5,9,1,0,0,10,1,0,0
1750,2020,고종욱,SK,0.212,30,90,85,1,18,0,2,0,22,9,0,0
1751,2020,김창평,SK,0.191,17,55,47,7,9,2,1,0,13,5,0,0
1752,2020,이현석,SK,0.190,37,86,79,5,15,2,0,2,23,6,2,0
1753,2020,이홍구,SK,0.188,23,53,48,3,9,1,0,1,13,3,0,1
1754,2020,최항,SK,0.182,15,38,33,2,6,0,0,0,6,3,0,0
1755,2020,윤석민,SK,0.169,27,62,59,2,10,1,0,1,14,8,0,1
1756,2020,정현,SK,0.165,56,103,91,10,15,3,0,1,21,2,3,0
1757,2020,유서준,SK,0.143,5,7,7,3,1,1,0,0,2,0,0,0
1758,2020,이재원,SK,0.111,14,47,45,1,5,0,0,0,5,2,0,0
1759,2020,김재현,SK,0.000,3,4,4,1,0,0,0,0,0,0,0,0
1760,2020,김정빈,SK,-,1,0,0,0,0,0,0,0,0,0,0,0
1761,2020,박민호,SK,-,2,0,0,0,0,0,0,0,0,0,0,0
1762,2020,서진용,SK,-,2,0,0,0,0,0,0,0,0,0,0,0
1763,2020,조영우,SK,-,1,0,0,0,0,0,0,0,0,0,0,0
1764,2020,하재훈,SK,-,1,0,0,0,0,0,0,0,0,0,0,0
