,찗옷,,쩢챦,챶,썭쐑,챻,챷,첁,쫙,RA/G,쫞초,첔친,탿임,줲%,溶%,BABIP,LOB%,ERA,RA9-WAR,FIP,kFIP,WAR
0,2015,3,1,왍,2,2,0,0,1.000,2.50,5,5,0,7.9,11.8,0.300,80.0,2.50,0.76,3.78,4.01,0.39
1,2015,3,2,KIA,2,2,0,0,1.000,3.50,7,7,0,9.1,15.6,0.386,75.9,3.50,0.96,3.45,3.55,0.40
2,2015,3,3,온,3,3,0,0,1.000,4.67,14,14,2,14.8,16.5,0.347,74.1,5.04,0.76,5.06,5.21,0.49
3,2015,3,4,庸,3,2,0,1,0.667,4.67,14,14,1,12.2,18.3,0.263,63.6,4.67,0.64,4.21,4.30,0.39
4,2015,3,5,홛,2,1,0,1,0.500,4.00,8,8,2,11.8,16.5,0.228,78.5,3.54,1.08,5.29,5.46,0.22
5,2015,3,6,Hero,2,1,0,1,0.500,4.50,9,9,1,13.7,16.8,0.310,77.4,3.86,0.81,5.00,5.18,0.16
6,2015,3,7,SK,2,1,0,1,0.500,4.50,9,9,1,11.0,11.0,0.323,74.3,4.76,0.28,5.09,5.40,0.10
7,2015,3,8,NC,2,0,0,2,0.000,6.50,13,10,4,8.3,6.9,0.268,61.9,5.62,0.07,7.18,7.57,-0.21
8,2015,3,9,LG,3,0,0,3,0.000,5.67,17,17,5,12.6,17.1,0.314,71.4,6.46,0.30,6.53,6.64,-0.07
9,2015,3,10,KT,3,0,0,3,0.000,8.33,25,23,6,10.5,17.7,0.367,60.1,8.28,-0.42,6.78,6.82,-0.11
10,2015,4,1,庸,23,15,0,8,0.652,3.83,88,82,21,6.7,23.6,0.310,74.9,3.61,7.08,3.99,3.78,5.66
11,2015,4,2,왍,22,14,0,8,0.636,5.41,119,108,24,12.0,22.4,0.319,69.1,4.84,5.36,4.90,4.83,2.84
12,2015,4,3,LG,23,13,0,10,0.565,4.65,107,97,22,8.9,17.9,0.308,71.9,4.24,5.30,4.81,4.85,2.57
13,2015,4,4,SK,22,12,0,10,0.545,4.46,98,87,21,8.6,21.2,0.289,69.9,4.06,4.75,4.44,4.34,3.41
14,2015,4,5,홛,22,12,0,10,0.545,5.59,123,110,22,11.5,18.4,0.314,68.2,5.06,3.70,5.19,5.25,1.87
15,2015,4,6,Hero,23,12,0,11,0.522,5.04,116,108,22,9.4,23.5,0.326,68.0,4.79,3.95,4.37,4.20,3.90
16,2015,4,7,온,22,11,0,11,0.500,4.77,105,98,21,7.7,20.2,0.325,69.6,4.55,5.90,4.34,4.24,4.24
17,2015,4,8,NC,22,10,0,12,0.455,5.68,125,116,22,9.3,17.6,0.293,63.2,5.41,2.23,5.09,5.15,1.74
18,2015,4,9,KIA,23,10,0,13,0.435,5.17,119,111,26,11.2,17.1,0.312,72.9,4.77,4.34,5.34,5.43,1.32
19,2015,4,10,KT,22,3,0,19,0.136,6.09,134,120,28,14.2,16.6,0.334,70.4,5.52,2.32,5.99,6.16,0.07
20,2015,5,1,NC,26,20,1,5,0.800,3.73,97,89,18,9.2,19.8,0.292,75.9,3.41,8.77,4.32,4.29,4.29
21,2015,5,2,Hero,27,15,1,11,0.577,5.59,151,137,32,9.5,19.3,0.321,68.0,5.06,3.68,5.02,5.00,2.71
22,2015,5,3,庸,25,14,0,11,0.560,4.28,107,98,31,7.0,22.7,0.304,74.4,4.01,6.56,4.59,4.42,4.04
23,2015,5,4,왍,23,12,0,11,0.522,5.96,137,130,24,9.8,17.4,0.330,65.9,5.75,3.98,5.09,5.14,2.58
24,2015,5,5,온,27,14,0,13,0.519,5.67,153,141,32,10.0,19.0,0.339,69.5,5.29,3.49,5.16,5.15,1.83
25,2015,5,6,SK,25,12,1,12,0.500,4.60,115,106,27,9.5,21.4,0.297,72.0,4.28,6.06,4.63,4.53,3.65
26,2015,5,7,홛,27,13,0,14,0.481,5.74,155,144,25,11.9,16.2,0.334,68.5,5.47,2.78,5.23,5.36,1.87
27,2015,5,8,KIA,25,12,0,13,0.480,4.68,117,108,24,10.5,18.5,0.324,73.3,4.46,4.00,5.05,5.09,1.97
28,2015,5,9,LG,26,8,1,17,0.320,5.81,151,144,26,9.1,20.1,0.357,66.6,5.61,3.64,4.69,4.63,3.49
29,2015,5,10,KT,27,7,0,20,0.259,6.78,183,153,27,9.9,19.2,0.346,59.9,5.72,0.50,4.87,4.85,2.69
30,2015,6,1,Hero,21,12,0,9,0.571,4.81,101,90,26,9.1,19.4,0.309,73.3,4.33,3.83,5.13,5.12,1.75
31,2015,6,2,LG,23,13,0,10,0.565,4.22,97,87,15,7.4,20.2,0.329,72.6,3.81,5.40,4.03,3.94,4.36
32,2015,6,3,KIA,20,11,0,9,0.550,4.30,86,84,18,9.1,16.6,0.300,73.3,4.32,5.48,4.91,5.00,2.03
33,2015,6,4,홛,22,12,0,10,0.545,4.54,100,80,28,10.2,17.9,0.271,74.3,3.67,5.13,5.33,5.38,1.57
34,2015,6,5,庸,21,11,0,10,0.524,5.29,111,104,26,7.9,20.0,0.306,66.3,5.06,3.61,4.83,4.76,2.78
35,2015,6,6,왍,23,12,0,11,0.522,4.52,104,101,22,8.8,18.8,0.313,72.3,4.46,5.27,4.66,4.65,2.85
36,2015,6,7,NC,22,11,0,11,0.500,4.91,108,98,20,7.8,18.5,0.329,69.8,4.63,3.48,4.57,4.55,2.92
37,2015,6,8,KT,23,11,0,12,0.478,6.61,152,133,24,9.1,19.1,0.367,62.7,5.93,1.53,4.80,4.75,2.50
38,2015,6,9,SK,22,10,0,12,0.455,5.23,115,105,18,8.2,19.6,0.346,68.2,4.81,3.64,4.27,4.18,3.49
39,2015,6,10,온,21,6,0,15,0.286,6.86,144,121,32,6.9,16.2,0.350,62.0,5.98,1.03,5.41,5.43,1.17
40,2015,7,1,庸,21,14,0,7,0.667,5.81,122,111,34,8.4,20.0,0.324,69.8,5.31,2.71,5.46,5.39,1.31
41,2015,7,2,Hero,20,12,0,8,0.600,5.95,119,102,16,7.6,17.5,0.326,60.3,5.06,1.79,4.30,4.30,3.04
42,2015,7,3,왍,21,11,0,10,0.524,5.57,117,112,16,9.0,17.2,0.352,67.0,5.39,3.55,4.57,4.61,2.47
43,2015,7,4,온,22,11,0,11,0.500,4.23,93,89,15,8.2,19.1,0.333,74.1,3.95,7.26,4.14,4.10,3.96
44,2015,7,5,SK,19,9,1,9,0.500,5.00,95,90,24,8.1,18.6,0.335,73.8,4.61,4.88,4.88,4.86,2.04
45,2015,7,6,홛,20,10,0,10,0.500,6.00,120,110,28,10.9,15.1,0.299,68.3,5.53,2.23,5.84,6.00,0.12
46,2015,7,7,KIA,22,10,0,12,0.455,6.04,133,111,18,10.3,16.3,0.352,65.8,5.09,2.24,4.88,4.98,1.97
47,2015,7,8,KT,18,8,0,10,0.444,5.89,106,98,21,7.5,16.1,0.355,66.0,5.73,2.37,5.13,5.19,1.58
48,2015,7,9,NC,20,8,1,11,0.421,5.20,104,97,25,7.8,18.2,0.321,71.5,4.84,3.48,5.15,5.15,1.95
49,2015,7,10,LG,19,7,0,12,0.368,5.42,103,96,18,8.7,18.6,0.322,66.4,5.10,4.05,4.65,4.63,2.73
50,2015,8,1,NC,24,19,0,5,0.792,3.58,86,80,22,6.7,22.1,0.281,75.9,3.33,8.86,4.16,4.03,5.89
51,2015,8,2,庸,24,15,0,9,0.625,5.75,138,132,31,8.5,20.5,0.352,69.3,5.48,3.60,4.87,4.76,3.18
52,2015,8,3,왍,24,14,0,10,0.583,4.46,107,95,17,9.9,19.9,0.322,71.9,3.96,6.42,4.31,4.28,4.43
53,2015,8,4,KT,25,14,0,11,0.560,5.80,145,135,24,10.0,17.9,0.346,68.3,5.41,3.04,5.04,5.08,2.00
54,2015,8,5,KIA,24,11,0,13,0.458,4.96,119,115,28,8.0,15.4,0.320,72.0,4.92,4.40,5.20,5.29,1.63
55,2015,8,6,LG,25,11,0,14,0.440,5.12,128,112,23,8.3,17.2,0.315,67.5,4.52,4.20,4.68,4.71,3.13
56,2015,8,7,Hero,25,11,0,14,0.440,6.12,153,138,23,9.5,18.3,0.356,65.0,5.65,2.35,4.84,4.86,2.30
57,2015,8,8,온,23,9,0,14,0.391,6.44,148,137,30,7.6,14.8,0.349,65.0,6.14,0.76,5.53,5.65,0.12
58,2015,8,9,홛,25,9,0,16,0.360,5.16,129,121,20,11.0,14.8,0.310,68.8,4.96,4.62,5.06,5.23,1.74
59,2015,8,10,SK,25,9,0,16,0.360,5.92,148,141,33,10.2,21.3,0.367,69.1,5.74,3.74,5.06,4.96,2.67
60,2015,9,1,NC,24,14,0,10,0.583,4.67,112,108,34,6.8,19.1,0.326,75.9,4.62,5.59,5.14,5.08,2.55
61,2015,9,2,庸,24,14,0,10,0.583,5.33,128,118,35,7.4,22.1,0.321,67.5,5.16,3.60,4.91,4.74,2.79
62,2015,9,3,SK,26,15,0,11,0.577,5.00,130,122,27,9.7,20.7,0.331,70.7,4.82,4.96,4.74,4.67,3.07
63,2015,9,4,Hero,23,13,0,10,0.565,5.70,131,116,24,8.5,13.4,0.327,67.5,5.14,3.86,5.27,5.44,1.72
64,2015,9,5,LG,21,10,1,10,0.500,4.81,101,93,15,9.8,20.2,0.338,69.3,4.52,5.11,4.24,4.18,3.93
65,2015,9,6,온,23,11,1,11,0.500,5.52,127,109,28,9.8,17.7,0.300,69.0,4.63,4.75,5.24,5.29,1.82
66,2015,9,7,왍,25,11,0,14,0.440,7.08,177,160,34,11.2,15.5,0.347,63.7,6.52,0.34,5.87,6.02,-0.15
67,2015,9,8,KIA,23,10,0,13,0.435,5.61,129,117,26,10.3,20.8,0.330,67.0,5.24,3.13,4.93,4.87,2.14
68,2015,9,9,홛,23,10,0,13,0.435,6.70,154,145,29,12.0,13.6,0.326,66.3,6.31,2.22,6.07,6.33,0.10
69,2015,9,10,KT,22,8,0,14,0.364,5.27,116,108,21,9.1,18.0,0.385,71.3,5.23,2.63,4.78,4.78,2.13
70,2015,10,1,庸,3,3,0,0,1.000,2.67,8,7,3,4.8,31.7,0.226,79.8,2.25,1.43,3.29,2.86,1.11
71,2015,10,2,왍,4,3,0,1,0.750,2.50,10,8,1,11.1,22.2,0.260,80.7,2.00,1.98,3.67,3.59,0.92
72,2015,10,3,NC,4,2,1,1,0.667,2.50,10,8,4,5.5,19.6,0.313,90.5,1.89,1.62,4.25,4.15,0.67
73,2015,10,4,Hero,3,2,0,1,0.667,3.33,10,7,2,9.3,24.6,0.360,80.6,2.33,1.19,3.65,3.42,0.70
74,2015,10,5,LG,4,2,0,2,0.500,4.25,17,14,1,8.4,19.4,0.343,69.2,3.50,0.97,3.48,3.43,1.01
75,2015,10,6,KT,4,1,1,2,0.333,3.50,14,12,3,6.2,21.6,0.314,78.6,2.79,1.82,3.67,3.49,1.36
76,2015,10,7,홛,3,1,0,2,0.333,3.67,11,9,3,7.8,14.7,0.253,73.6,3.24,0.53,4.94,5.07,0.35
77,2015,10,8,SK,3,1,0,2,0.333,4.67,14,13,2,10.3,17.9,0.300,69.1,4.33,0.62,4.47,4.52,0.38
78,2015,10,9,온,3,1,0,2,0.333,6.00,18,18,4,6.2,13.3,0.337,65.0,6.48,0.24,5.46,5.57,0.09
79,2015,10,10,KIA,5,1,0,4,0.200,5.80,29,26,3,14.7,12.0,0.340,71.4,5.20,0.60,5.86,6.25,0.06
80,2016,4,1,왍,24,17,1,6,0.739,3.54,85,77,13,8.1,20.5,0.318,76.0,3.21,8.75,4.01,3.85,6.02
81,2016,4,2,SK,25,16,0,9,0.640,3.76,94,87,25,8.8,18.3,0.269,77.3,3.49,8.18,5.04,5.03,3.26
82,2016,4,3,NC,23,12,0,11,0.522,4.22,97,86,17,7.4,21.8,0.301,70.7,3.83,6.23,4.31,4.10,4.96
83,2016,4,4,LG,22,11,0,11,0.500,5.59,123,111,15,9.2,18.1,0.346,65.4,5.03,4.18,4.46,4.39,4.08
84,2016,4,5,KT,25,12,0,13,0.480,5.04,126,114,21,9.6,15.7,0.311,70.1,4.53,5.66,5.07,5.15,2.38
85,2016,4,6,온,25,12,0,13,0.480,5.04,126,110,24,11.3,19.3,0.339,71.9,4.54,4.81,5.05,4.94,3.27
86,2016,4,7,Hero,24,11,1,12,0.478,4.50,108,96,20,6.8,16.6,0.329,72.0,4.02,6.83,4.55,4.52,4.38
87,2016,4,8,庸,23,11,0,12,0.478,5.48,126,119,26,9.0,17.4,0.327,68.1,5.33,3.97,5.26,5.23,2.21
88,2016,4,9,KIA,22,9,0,13,0.409,4.73,104,92,19,10.4,17.3,0.326,72.6,4.27,5.50,5.02,5.01,2.66
89,2016,4,10,홛,23,6,0,17,0.261,6.65,153,131,29,13.5,18.5,0.323,65.4,5.70,2.38,5.90,5.89,0.85
90,2016,5,1,왍,25,18,0,7,0.720,5.40,135,131,24,9.3,18.5,0.358,70.7,5.28,3.86,4.95,4.86,3.28
91,2016,5,2,NC,23,14,1,8,0.636,4.83,111,106,24,8.7,21.5,0.330,72.6,4.59,6.01,4.80,4.59,3.94
92,2016,5,3,Hero,25,14,0,11,0.560,4.76,119,112,20,7.9,13.3,0.323,70.6,4.58,5.87,5.02,5.19,2.46
93,2016,5,4,KIA,25,12,1,12,0.500,5.88,147,129,27,10.4,14.5,0.322,67.4,5.24,4.38,5.57,5.70,2.47
94,2016,5,5,LG,23,11,1,11,0.500,5.65,130,123,16,10.7,14.5,0.327,66.4,5.40,4.69,5.08,5.22,2.93
95,2016,5,6,庸,26,13,0,13,0.500,6.04,157,146,32,9.4,16.0,0.331,66.9,5.66,3.19,5.60,5.65,1.86
96,2016,5,7,온,24,11,0,13,0.458,6.67,160,150,37,9.6,17.8,0.338,64.5,6.52,2.12,5.94,5.88,1.27
97,2016,5,8,홛,25,10,1,14,0.417,7.72,193,180,29,12.6,14.9,0.369,61.5,7.42,0.33,6.10,6.24,1.21
98,2016,5,9,SK,24,9,0,15,0.375,6.21,149,128,29,9.7,14.7,0.333,66.1,5.48,1.68,5.70,5.81,1.11
99,2016,5,10,KT,24,7,2,15,0.318,6.67,160,141,30,10.2,16.9,0.329,62.9,5.90,3.20,5.60,5.60,2.31
100,2016,6,1,NC,23,16,1,6,0.727,5.09,117,109,17,10.8,19.4,0.336,70.0,4.72,5.33,4.74,4.65,3.51
101,2016,6,2,왍,25,16,0,9,0.640,4.32,108,92,26,8.5,17.5,0.289,73.8,3.74,6.97,5.06,5.04,3.44
102,2016,6,3,Hero,25,14,0,11,0.560,6.20,155,143,28,7.8,16.1,0.329,62.4,5.77,2.81,5.13,5.13,2.67
103,2016,6,4,홛,24,12,1,11,0.522,5.58,134,117,21,9.8,15.9,0.318,66.6,4.76,5.05,4.99,5.03,2.14
104,2016,6,5,SK,26,13,0,13,0.500,4.88,127,108,26,8.6,17.8,0.315,70.0,4.26,5.51,4.92,4.86,3.34
105,2016,6,6,KIA,25,12,0,13,0.480,5.60,140,133,19,8.6,17.2,0.351,66.3,5.37,3.98,4.55,4.48,3.45
106,2016,6,7,온,25,12,0,13,0.480,5.80,145,140,24,9.3,20.1,0.337,65.0,5.64,4.16,4.76,4.60,3.79
107,2016,6,8,KT,24,11,0,13,0.458,6.67,160,146,28,7.9,14.9,0.365,66.0,6.03,2.99,5.39,5.45,2.21
108,2016,6,9,LG,25,10,0,15,0.400,5.88,147,129,27,8.8,14.0,0.305,66.4,5.16,3.23,5.56,5.72,1.60
109,2016,6,10,庸,26,7,0,19,0.269,6.62,172,160,42,9.0,16.2,0.338,67.4,6.18,2.39,6.10,6.13,0.82
110,2016,7,1,Hero,21,14,0,7,0.667,5.57,117,109,29,8.3,15.2,0.337,72.6,5.08,3.60,5.55,5.59,1.33
111,2016,7,2,홛,21,13,1,7,0.650,5.29,111,105,15,9.1,16.6,0.321,67.6,4.93,4.15,4.75,4.77,2.53
112,2016,7,3,NC,20,12,0,8,0.600,5.50,110,104,23,9.3,20.4,0.333,67.8,5.32,3.41,5.08,4.92,2.19
113,2016,7,4,KIA,23,13,0,10,0.565,5.26,121,106,25,10.0,13.4,0.303,70.4,4.64,4.63,5.60,5.78,1.35
114,2016,7,5,庸,18,8,1,9,0.471,5.61,101,90,24,8.8,15.2,0.303,69.4,4.90,2.88,5.71,5.81,0.81
115,2016,7,6,온,20,9,0,11,0.450,6.75,135,120,27,11.2,14.9,0.331,65.2,6.08,1.39,6.09,6.21,0.10
116,2016,7,7,왍,21,9,0,12,0.429,5.95,125,120,23,10.0,12.5,0.296,64.4,5.78,3.26,5.79,6.03,1.31
117,2016,7,8,SK,22,9,0,13,0.409,6.59,145,128,26,11.1,15.5,0.332,64.8,5.86,1.92,5.72,5.81,1.53
118,2016,7,9,KT,20,8,0,12,0.400,7.55,151,138,21,12.0,16.0,0.371,60.7,7.14,0.81,5.76,5.84,0.88
119,2016,7,10,LG,22,8,0,14,0.364,6.64,146,135,27,9.6,14.4,0.323,63.7,6.26,1.43,5.85,6.00,1.13
120,2016,8,1,왍,24,16,0,8,0.667,4.75,114,106,29,8.6,16.8,0.319,75.0,4.40,5.66,5.34,5.35,1.59
121,2016,8,2,LG,26,16,0,10,0.615,5.77,150,132,18,8.7,17.1,0.338,64.5,5.14,5.15,4.64,4.63,4.04
122,2016,8,3,Hero,23,13,0,10,0.565,4.87,112,103,25,7.4,16.7,0.310,71.4,4.53,5.26,5.12,5.12,2.70
123,2016,8,4,NC,23,12,0,11,0.522,5.00,115,105,17,9.8,17.3,0.309,68.4,4.69,5.16,4.83,4.82,2.58
124,2016,8,5,庸,23,12,0,11,0.522,6.17,142,130,28,8.3,14.7,0.329,64.9,5.82,2.53,5.60,5.69,1.06
125,2016,8,6,KIA,24,12,0,12,0.500,6.46,155,141,19,10.2,18.2,0.366,63.3,5.96,1.97,4.80,4.72,2.92
126,2016,8,7,SK,25,12,0,13,0.480,5.72,143,135,25,9.1,15.8,0.329,66.5,5.52,4.04,5.21,5.26,2.24
127,2016,8,8,홛,24,11,0,13,0.458,6.71,161,147,30,9.3,17.4,0.341,62.2,6.30,2.39,5.49,5.46,1.64
128,2016,8,9,온,23,9,0,14,0.391,5.78,133,125,30,8.8,16.8,0.348,69.6,5.57,4.16,5.49,5.47,2.55
129,2016,8,10,KT,23,6,0,17,0.261,6.96,160,142,27,8.0,19.2,0.377,60.4,6.45,0.60,5.04,4.86,2.32
130,2016,9,1,왍,22,15,0,7,0.682,4.36,96,94,20,8.4,17.9,0.326,74.3,4.34,6.17,4.81,4.76,3.64
131,2016,9,2,LG,21,13,1,7,0.650,4.10,86,75,15,8.5,15.5,0.292,73.4,3.55,6.85,4.77,4.86,2.59
132,2016,9,3,NC,25,13,1,11,0.542,4.48,112,106,33,9.3,20.6,0.317,77.3,4.20,6.97,5.20,5.02,3.41
133,2016,9,4,온,21,11,0,10,0.524,6.10,128,112,16,10.4,15.8,0.348,64.6,5.48,2.87,5.04,5.11,2.57
134,2016,9,5,庸,23,12,0,11,0.522,6.22,143,137,33,9.4,16.6,0.329,68.2,5.99,3.81,5.86,5.89,1.64
135,2016,9,6,홛,23,11,0,12,0.478,6.09,140,132,26,9.7,15.4,0.368,69.1,5.72,2.95,5.38,5.42,1.17
136,2016,9,7,KIA,20,9,0,11,0.450,4.95,99,90,20,8.9,18.5,0.329,70.4,4.68,4.52,4.97,4.89,2.83
137,2016,9,8,Hero,21,9,0,12,0.429,5.86,123,123,22,8.1,16.2,0.347,66.5,6.09,2.71,5.26,5.29,1.59
138,2016,9,9,SK,19,8,0,11,0.421,6.10,116,103,18,8.6,18.0,0.328,61.8,5.50,2.43,4.83,4.75,2.32
139,2016,9,10,KT,23,7,0,16,0.304,6.30,145,137,16,9.7,16.5,0.385,64.5,6.22,2.65,4.84,4.85,3.42
140,2016,10,1,홛,4,3,0,1,0.750,4.00,16,16,5,8.5,17.7,0.319,82.4,3.89,0.93,5.28,5.24,0.29
141,2016,10,2,SK,3,2,0,1,0.667,3.33,10,10,2,8.9,19.8,0.269,74.5,3.46,1.13,4.52,4.49,0.55
142,2016,10,3,왍,3,2,0,1,0.667,6.33,19,18,1,9.0,16.4,0.389,65.9,5.79,0.35,4.29,4.30,0.64
143,2016,10,4,KIA,5,3,0,2,0.600,3.80,19,17,2,8.6,24.4,0.320,72.2,3.35,1.78,3.44,3.07,1.37
144,2016,10,5,NC,7,4,0,3,0.571,4.00,28,26,6,7.8,23.3,0.256,68.2,3.66,1.97,4.12,3.84,1.67
145,2016,10,6,Hero,5,2,0,3,0.400,4.60,23,19,8,5.9,18.7,0.310,76.8,3.98,1.06,5.56,5.44,0.45
146,2016,10,7,KT,5,2,0,3,0.400,5.00,25,21,2,9.5,20.1,0.412,70.1,4.40,0.90,4.00,3.81,0.98
147,2016,10,8,庸,5,2,0,3,0.400,5.60,28,22,8,6.7,18.6,0.346,70.4,4.50,1.01,5.54,5.42,0.75
148,2016,10,9,LG,5,2,0,3,0.400,5.00,25,24,4,11.7,18.3,0.346,71.6,4.91,0.90,5.04,5.02,0.35
149,2016,10,10,온,6,2,0,4,0.333,6.33,38,35,3,11.1,14.6,0.350,64.3,5.80,0.82,5.02,5.19,0.88
150,2017,3,1,왍,1,1,0,0,1.000,0.00,0,0,0,9.1,24.2,0.190,100.0,0.00,0.80,2.96,2.80,0.33
151,2017,3,2,LG,1,1,0,0,1.000,1.00,1,1,0,11.8,17.6,0.208,88.9,1.00,0.73,3.73,3.83,0.32
152,2017,3,3,KT,1,1,0,0,1.000,2.00,2,2,0,0.0,22.2,0.320,77.8,2.00,0.55,2.29,2.16,0.40
153,2017,3,4,KIA,1,1,0,0,1.000,2.00,2,2,2,3.0,21.2,0.227,115.4,2.00,0.49,5.40,5.27,0.15
154,2017,3,5,NC,1,1,0,0,1.000,5.00,5,3,1,0.0,23.5,0.250,45.5,3.00,0.30,3.73,3.59,0.24
155,2017,3,6,Hero,1,0,0,1,0.000,2.00,2,1,1,8.8,29.4,0.150,89.3,1.00,0.41,3.96,3.55,0.21
156,2017,3,7,홛,1,0,0,1,0.000,3.00,3,1,0,6.1,24.2,0.190,62.5,1.12,0.32,3.23,3.17,0.27
157,2017,3,8,SK,1,0,0,1,0.000,3.00,3,2,1,5.4,21.6,0.308,83.3,2.00,0.33,3.73,3.51,0.25
158,2017,3,9,온,1,0,0,1,0.000,6.00,6,5,1,10.5,23.7,0.455,70.5,5.62,0.05,5.36,5.19,0.13
159,2017,3,10,庸,1,0,0,1,0.000,7.00,7,6,3,19.0,11.9,0.154,74.1,6.00,-0.03,9.62,9.87,-0.34
160,2017,4,1,KIA,25,17,0,8,0.680,5.04,126,118,19,6.5,18.4,0.364,69.4,4.74,6.26,4.17,4.10,4.81
161,2017,4,2,NC,25,16,1,8,0.667,4.44,111,102,27,9.6,21.8,0.284,74.0,4.04,7.33,4.88,4.74,3.79
162,2017,4,3,LG,25,14,0,11,0.560,3.32,83,74,19,7.0,20.8,0.288,77.5,3.04,8.03,4.18,4.09,4.22
163,2017,4,4,SK,25,14,0,11,0.560,4.84,121,114,23,8.8,18.5,0.326,71.9,4.60,4.22,4.81,4.78,2.91
164,2017,4,5,온,25,13,0,12,0.520,4.08,102,98,27,6.6,21.3,0.314,76.1,3.97,6.63,4.49,4.34,4.47
165,2017,4,6,Hero,25,13,0,12,0.520,5.00,125,120,21,5.6,16.3,0.315,65.6,4.93,4.45,4.47,4.52,3.74
166,2017,4,7,왍,25,11,1,13,0.458,5.40,135,117,17,9.7,16.6,0.327,67.1,4.62,4.50,4.60,4.64,3.75
167,2017,4,8,KT,25,11,0,14,0.440,4.64,116,105,21,5.9,16.1,0.315,69.0,4.32,6.43,4.55,4.62,3.65
168,2017,4,9,홛,25,10,0,15,0.400,5.08,127,113,17,8.5,16.4,0.307,65.7,4.53,4.12,4.55,4.62,2.93
169,2017,4,10,庸,25,4,2,19,0.174,6.32,158,145,23,9.2,18.3,0.337,62.1,5.87,2.23,4.92,4.91,3.17
170,2017,5,1,KIA,26,17,0,9,0.654,4.50,117,109,22,7.1,16.5,0.333,73.7,4.12,6.73,4.58,4.64,3.78
171,2017,5,2,왍,23,14,0,9,0.609,3.65,84,81,13,7.7,18.0,0.314,76.0,3.53,7.84,4.27,4.32,3.60
172,2017,5,3,SK,25,12,1,12,0.500,4.72,118,109,21,8.2,18.5,0.323,71.6,4.31,6.05,4.58,4.57,3.65
173,2017,5,4,온,24,12,0,12,0.500,5.08,122,111,22,11.3,17.4,0.318,70.9,4.68,4.73,5.11,5.12,2.65
174,2017,5,5,Hero,25,12,1,12,0.500,5.32,133,125,15,6.0,15.9,0.337,65.3,5.02,4.39,4.33,4.44,4.27
175,2017,5,6,NC,25,12,0,13,0.480,5.32,133,109,19,9.0,18.3,0.335,67.2,4.42,4.84,4.63,4.61,3.43
176,2017,5,7,홛,25,12,0,13,0.480,4.96,124,113,25,9.1,16.2,0.324,71.7,4.60,4.96,5.09,5.14,2.82
177,2017,5,8,LG,24,11,0,13,0.458,4.25,102,89,26,7.3,17.4,0.279,73.7,3.78,6.42,4.98,5.03,2.70
178,2017,5,9,庸,25,11,0,14,0.440,6.40,160,154,34,10.5,18.8,0.358,68.9,6.24,2.19,5.72,5.67,1.50
179,2017,5,10,KT,26,10,0,16,0.385,6.08,158,145,31,7.2,15.4,0.332,63.8,5.75,2.33,5.18,5.23,2.04
180,2017,6,1,NC,25,18,0,7,0.720,5.08,127,115,28,7.8,17.8,0.293,68.2,4.66,5.04,5.05,5.06,2.38
181,2017,6,2,SK,26,17,0,9,0.654,4.69,122,108,20,7.7,14.7,0.310,69.9,4.23,6.38,4.71,4.84,3.69
182,2017,6,3,KIA,24,14,0,10,0.583,5.54,133,124,28,9.5,17.0,0.330,69.7,5.28,3.30,5.31,5.31,2.00
183,2017,6,4,Hero,25,13,0,12,0.520,5.92,148,142,31,8.9,16.5,0.350,69.4,5.79,2.41,5.49,5.53,1.25
184,2017,6,5,庸,26,13,1,12,0.520,6.42,167,150,28,8.7,13.8,0.327,64.2,5.84,2.44,5.54,5.72,0.58
185,2017,6,6,LG,24,11,1,12,0.478,5.33,128,118,23,6.1,18.9,0.330,66.2,4.89,3.55,4.43,4.37,3.72
186,2017,6,7,홛,25,11,1,13,0.458,6.24,156,147,41,8.1,16.0,0.325,68.2,5.96,0.73,6.00,6.05,-0.10
187,2017,6,8,왍,25,11,0,14,0.440,6.80,170,157,25,8.4,15.0,0.365,63.7,6.35,1.46,5.23,5.34,1.74
188,2017,6,9,온,25,10,1,14,0.417,7.40,185,171,29,9.0,16.9,0.361,59.5,6.87,0.13,5.23,5.23,1.26
189,2017,6,10,KT,25,5,0,20,0.200,7.08,177,164,42,8.1,17.2,0.345,62.9,6.79,-0.37,6.05,6.05,0.38
190,2017,7,1,왍,20,14,1,5,0.737,4.25,85,84,24,8.2,15.4,0.275,75.9,4.20,4.88,5.39,5.51,1.28
191,2017,7,2,KIA,21,14,1,6,0.700,4.95,104,101,18,10.0,18.0,0.309,70.9,4.76,4.64,4.85,4.86,2.91
192,2017,7,3,LG,19,12,0,7,0.632,5.10,97,88,14,7.1,18.1,0.301,63.0,4.81,3.21,4.34,4.33,2.83
193,2017,7,4,Hero,22,13,0,9,0.591,4.41,97,92,22,6.4,19.5,0.353,74.5,4.31,4.77,4.47,4.35,3.62
194,2017,7,5,온,22,12,1,9,0.571,4.04,89,75,27,9.1,19.2,0.287,79.1,3.39,6.08,5.27,5.25,2.02
195,2017,7,6,庸,22,11,1,10,0.524,5.23,115,105,29,7.8,19.6,0.335,72.2,4.85,3.98,5.22,5.14,2.35
196,2017,7,7,NC,20,10,0,10,0.500,4.95,99,91,28,7.8,18.4,0.318,73.3,4.71,2.88,5.41,5.36,1.42
197,2017,7,8,SK,23,8,0,15,0.348,7.61,175,169,37,9.7,14.4,0.348,62.5,7.63,-0.18,6.34,6.48,0.04
198,2017,7,9,홛,20,5,0,15,0.250,7.75,155,145,37,6.9,14.0,0.360,61.7,7.56,-1.08,6.46,6.58,-0.68
199,2017,7,10,KT,19,3,0,16,0.158,6.42,122,113,24,8.9,14.5,0.331,64.8,6.28,1.04,5.79,5.92,0.37
200,2017,8,1,왍,27,19,1,7,0.731,3.78,102,96,20,7.3,19.1,0.326,76.1,3.63,8.82,4.28,4.22,4.75
201,2017,8,2,온,27,19,0,8,0.704,4.56,123,119,29,7.8,18.6,0.315,73.7,4.39,6.38,4.78,4.73,3.66
202,2017,8,3,홛,23,13,0,10,0.565,4.70,108,93,18,7.2,16.9,0.311,69.2,4.14,4.52,4.63,4.70,2.80
203,2017,8,4,Hero,26,14,0,12,0.538,4.62,120,111,31,7.3,19.6,0.328,75.0,4.31,5.00,4.93,4.84,3.35
204,2017,8,5,SK,25,12,0,13,0.480,5.12,128,118,27,9.0,16.3,0.330,71.4,4.92,4.47,5.24,5.30,2.09
205,2017,8,6,KIA,21,10,0,11,0.476,5.76,121,112,22,7.4,14.6,0.350,67.6,5.49,2.36,5.11,5.22,1.32
206,2017,8,7,NC,27,12,0,15,0.444,4.74,128,120,27,8.4,18.8,0.329,71.9,4.54,5.43,4.85,4.81,3.42
207,2017,8,8,LG,24,9,1,14,0.391,5.50,132,121,24,6.9,18.5,0.331,66.2,5.08,4.44,4.63,4.60,3.88
208,2017,8,9,KT,24,8,0,16,0.333,6.42,154,144,26,7.2,15.4,0.358,64.0,6.24,1.85,5.19,5.28,2.61
209,2017,8,10,庸,24,7,0,17,0.292,6.62,159,147,35,9.0,18.6,0.359,65.6,6.26,0.73,5.58,5.50,1.42
210,2017,9,1,온,19,13,0,6,0.684,3.79,72,72,26,6.3,24.7,0.288,78.6,3.86,5.47,4.53,4.23,3.34
211,2017,9,2,왍,21,13,0,8,0.619,4.52,95,86,24,7.4,16.3,0.319,75.1,4.16,4.90,5.10,5.14,1.71
212,2017,9,3,SK,18,11,0,7,0.611,5.44,98,88,24,7.0,16.6,0.324,69.7,5.04,2.89,5.37,5.42,1.37
213,2017,9,4,NC,20,10,1,9,0.526,6.70,134,126,37,7.5,22.2,0.324,62.7,6.27,1.88,5.55,5.31,1.69
214,2017,9,5,KT,21,11,0,10,0.524,6.19,130,118,26,8.6,17.0,0.341,65.7,5.68,2.29,5.35,5.36,1.82
215,2017,9,6,KIA,23,12,0,11,0.522,5.00,115,103,22,5.8,17.7,0.341,69.3,4.48,4.99,4.42,4.39,4.01
216,2017,9,7,LG,25,11,1,13,0.458,4.80,120,111,18,6.5,19.8,0.332,67.8,4.43,5.55,4.08,4.00,5.15
217,2017,9,8,홛,23,10,0,13,0.435,5.78,133,124,25,6.8,16.4,0.342,65.2,5.52,3.21,4.96,4.99,2.65
218,2017,9,9,庸,19,7,1,11,0.389,7.00,133,122,32,10.3,19.0,0.350,67.5,6.36,0.74,5.99,5.89,0.75
219,2017,9,10,Hero,19,4,1,14,0.222,6.79,129,117,26,6.4,18.9,0.346,61.0,6.32,1.08,5.08,4.96,2.77
220,2017,10,1,온,1,1,0,0,1.000,2.00,2,2,1,8.3,25.0,0.217,92.1,2.00,0.52,4.18,3.89,0.20
221,2017,10,2,SK,1,1,0,0,1.000,2.00,2,2,1,8.3,13.9,0.200,93.0,2.00,0.50,5.40,5.67,0.03
222,2017,10,3,庸,2,2,0,0,1.000,6.00,12,11,3,4.8,24.1,0.400,69.8,5.50,0.24,4.51,4.12,0.26
223,2017,10,4,KIA,3,2,0,1,0.667,8.33,25,22,4,3.8,18.9,0.438,59.1,7.62,0.25,4.62,4.40,0.66
224,2017,10,5,왍,2,1,0,1,0.500,3.50,7,6,2,7.8,15.6,0.263,79.2,3.00,0.68,4.85,4.90,0.33
225,2017,10,6,KT,3,1,0,2,0.333,5.67,17,15,4,10.1,16.0,0.284,66.9,5.00,0.46,5.70,5.76,0.04
226,2017,10,7,홛,2,0,1,1,0.000,7.00,14,13,3,9.3,14.4,0.348,71.8,5.57,0.44,6.12,6.35,0.02
227,2017,10,8,LG,2,0,0,2,0.000,7.00,14,12,0,10.8,14.9,0.302,41.7,6.35,-0.15,3.85,3.98,0.31
228,2017,10,9,Hero,1,0,0,1,0.000,10.00,10,6,2,9.8,12.2,0.333,45.5,6.75,-0.09,7.23,7.34,-0.09
229,2017,10,10,NC,1,0,1,0,-,8.00,8,7,2,5.5,10.9,0.295,65.8,5.25,0.34,5.40,5.58,0.09
230,2018,3,1,NC,7,6,0,1,0.857,3.71,26,26,7,9.0,18.0,0.250,75.9,3.71,2.22,5.06,5.18,0.93
231,2018,3,2,SK,7,5,0,2,0.714,4.29,30,28,10,7.5,25.3,0.323,77.5,4.00,1.84,4.77,4.49,1.25
232,2018,3,3,Hero,7,5,0,2,0.714,4.86,34,33,6,7.1,19.9,0.356,72.9,4.43,2.13,4.27,4.16,1.73
233,2018,3,4,왍,7,5,0,2,0.714,5.43,38,34,6,8.4,19.3,0.317,63.7,4.94,1.70,4.59,4.57,1.30
234,2018,3,5,KIA,7,4,0,3,0.571,3.00,21,21,7,5.9,19.2,0.290,83.1,3.05,2.80,4.49,4.45,1.02
235,2018,3,6,KT,7,4,0,3,0.571,6.57,46,44,10,6.0,18.2,0.364,64.4,6.49,0.61,5.34,5.28,0.80
236,2018,3,7,LG,7,2,0,5,0.286,5.14,36,30,6,11.1,17.3,0.317,69.5,4.45,0.94,5.30,5.46,0.75
237,2018,3,8,홛,7,2,0,5,0.286,6.00,42,34,10,8.6,23.2,0.307,64.1,5.10,1.01,5.48,5.30,0.29
238,2018,3,9,庸,7,2,0,5,0.286,6.57,46,46,13,9.7,19.0,0.341,69.7,6.57,0.85,6.44,6.48,0.23
239,2018,3,10,온,7,0,0,7,0.000,6.14,43,38,7,11.8,19.2,0.316,62.8,5.90,0.02,5.47,5.54,0.37
240,2018,4,1,왍,23,16,0,7,0.696,4.83,111,110,27,8.7,20.3,0.334,74.3,4.81,6.08,5.10,5.05,3.53
241,2018,4,2,LG,24,16,0,8,0.667,3.92,94,86,20,8.5,16.8,0.299,77.0,3.65,8.12,4.97,5.08,2.99
242,2018,4,3,SK,23,15,0,8,0.652,4.65,107,96,22,6.4,21.3,0.331,70.6,4.15,6.38,4.32,4.15,5.03
243,2018,4,4,홛,22,12,0,10,0.545,5.23,115,107,22,8.8,18.9,0.324,69.1,4.96,4.00,4.95,4.96,3.10
244,2018,4,5,온,22,12,0,10,0.545,5.77,127,119,24,11.9,21.8,0.338,68.1,5.41,3.71,5.17,5.12,2.52
245,2018,4,6,KT,24,11,0,13,0.458,5.58,134,123,38,7.1,20.4,0.330,69.7,5.21,3.35,5.44,5.35,2.56
246,2018,4,7,KIA,21,9,0,12,0.429,5.76,121,112,28,7.4,19.0,0.332,66.7,5.55,2.34,5.24,5.20,2.66
247,2018,4,8,庸,24,9,0,15,0.375,5.58,134,119,32,7.2,19.2,0.330,68.7,4.96,3.57,5.17,5.13,2.47
248,2018,4,9,Hero,25,9,0,16,0.360,5.20,130,121,22,7.1,18.6,0.330,66.1,4.97,5.39,4.60,4.57,4.53
249,2018,4,10,NC,24,7,0,17,0.292,4.96,119,110,26,8.9,18.9,0.336,72.5,4.68,4.42,5.00,4.99,3.07
250,2018,5,1,홛,25,17,0,8,0.680,4.20,105,97,27,6.2,19.8,0.315,75.7,3.86,7.56,4.64,4.55,4.56
251,2018,5,2,왍,23,14,0,9,0.609,4.87,112,106,27,9.1,18.7,0.285,71.6,4.55,5.99,5.28,5.34,2.49
252,2018,5,3,Hero,25,14,0,11,0.560,4.72,118,110,33,7.6,17.5,0.314,74.9,4.48,6.27,5.46,5.53,3.02
253,2018,5,4,庸,25,14,0,11,0.560,5.12,128,118,22,6.9,18.3,0.355,70.4,4.75,5.25,4.62,4.59,3.52
254,2018,5,5,KIA,26,14,0,12,0.538,5.23,136,121,31,7.4,16.7,0.320,70.3,4.73,4.71,5.25,5.33,2.10
255,2018,5,6,LG,26,12,0,14,0.462,5.46,142,138,30,6.5,18.1,0.327,65.4,5.46,4.21,4.92,4.92,4.15
256,2018,5,7,온,24,11,0,13,0.458,5.29,127,108,17,8.9,20.9,0.352,66.5,4.61,5.04,4.28,4.17,4.97
257,2018,5,8,SK,23,10,0,13,0.435,5.35,123,113,24,6.8,18.6,0.311,64.2,5.08,3.99,4.81,4.79,3.24
258,2018,5,9,KT,24,10,0,14,0.417,5.21,125,113,24,5.5,15.4,0.350,69.4,4.80,4.56,4.76,4.83,3.71
259,2018,5,10,NC,25,7,0,18,0.280,7.32,183,168,28,8.4,15.8,0.371,59.2,6.91,1.09,5.22,5.35,2.69
260,2018,6,1,왍,26,18,0,8,0.692,4.92,128,120,19,8.3,19.7,0.328,68.6,4.64,6.98,4.47,4.42,5.41
261,2018,6,2,홛,26,17,0,9,0.654,4.81,125,118,27,8.0,19.8,0.337,72.5,4.60,5.89,4.88,4.84,3.95
262,2018,6,3,LG,24,14,1,9,0.609,5.12,123,109,29,7.3,22.2,0.316,68.7,4.63,5.52,4.84,4.67,4.63
263,2018,6,4,SK,24,13,1,10,0.565,4.71,113,107,37,7.3,19.7,0.287,74.1,4.62,4.67,5.54,5.50,1.66
264,2018,6,5,온,25,12,2,11,0.522,6.28,157,141,28,10.3,20.4,0.323,63.6,5.48,3.58,5.02,4.98,3.31
265,2018,6,6,Hero,25,12,0,13,0.480,5.92,148,136,36,6.7,18.2,0.319,65.9,5.51,2.76,5.49,5.50,1.88
266,2018,6,7,KIA,22,10,0,12,0.455,5.96,131,126,27,8.1,15.2,0.343,67.3,5.84,3.11,5.46,5.62,1.52
267,2018,6,8,庸,25,10,1,14,0.417,6.88,172,161,39,8.5,19.2,0.340,62.5,6.76,1.08,5.92,5.92,1.31
268,2018,6,9,NC,25,8,0,17,0.320,5.56,139,131,34,9.5,16.2,0.287,66.4,5.44,3.59,5.79,5.97,1.40
269,2018,6,10,KT,24,6,1,17,0.261,5.88,141,129,38,8.2,19.0,0.349,70.0,5.59,2.33,5.74,5.73,1.47
270,2018,7,1,庸,22,13,2,7,0.650,3.82,84,76,18,6.6,20.3,0.334,77.7,3.40,7.96,4.32,4.21,4.56
271,2018,7,2,왍,21,13,0,8,0.619,5.95,125,122,22,7.5,16.5,0.352,66.4,5.87,3.39,5.08,5.16,2.49
272,2018,7,3,KT,21,12,1,8,0.600,5.76,121,115,27,7.4,18.1,0.356,69.7,5.45,3.94,5.12,5.11,2.95
273,2018,7,4,SK,22,13,0,9,0.591,3.50,77,70,19,8.5,20.2,0.279,77.5,3.22,7.25,4.57,4.54,3.89
274,2018,7,5,NC,22,12,1,9,0.571,5.27,116,108,30,10.6,19.1,0.325,74.2,4.88,5.11,5.74,5.80,2.06
275,2018,7,6,Hero,23,10,0,13,0.435,5.52,127,118,27,7.0,17.8,0.329,68.1,5.13,4.16,5.06,5.07,2.51
276,2018,7,7,홛,22,9,0,13,0.409,5.36,118,108,29,8.7,19.2,0.309,68.8,5.06,4.52,5.47,5.49,2.06
277,2018,7,8,LG,22,9,0,13,0.409,6.86,151,140,33,7.1,19.2,0.355,61.6,6.35,0.60,5.32,5.27,2.32
278,2018,7,9,온,21,8,0,13,0.381,5.62,118,113,23,7.6,18.3,0.349,68.1,5.47,2.72,4.95,4.94,2.54
279,2018,7,10,KIA,22,8,0,14,0.364,5.73,126,114,31,7.8,19.9,0.341,68.1,5.33,2.68,5.23,5.15,2.40
280,2018,8,1,Hero,13,11,0,2,0.846,5.15,67,58,14,7.8,16.8,0.325,70.3,4.50,3.34,5.19,5.29,1.62
281,2018,8,2,온,11,8,0,3,0.727,5.46,60,59,19,8.3,18.2,0.321,73.8,5.47,1.65,6.02,6.07,0.38
282,2018,8,3,NC,13,7,0,6,0.538,6.54,85,76,24,11.4,17.9,0.285,64.9,6.09,1.37,6.69,6.86,-0.31
283,2018,8,4,왍,13,7,0,6,0.538,6.46,84,78,16,7.8,14.9,0.347,65.5,6.16,0.70,5.72,5.89,0.19
284,2018,8,5,KIA,12,6,0,6,0.500,7.17,86,84,22,6.1,16.2,0.363,64.2,7.09,0.40,5.99,6.05,0.40
285,2018,8,6,庸,13,6,0,7,0.462,6.23,81,78,15,7.5,18.4,0.357,65.3,6.16,0.70,5.20,5.19,1.08
286,2018,8,7,SK,13,6,0,7,0.462,7.85,102,88,27,8.1,16.4,0.357,64.2,6.89,0.80,6.74,6.85,0.12
287,2018,8,8,홛,12,5,0,7,0.417,6.42,77,73,17,8.6,23.6,0.368,63.4,6.20,1.09,4.99,4.76,1.68
288,2018,8,9,KT,13,4,0,9,0.308,6.15,80,74,20,7.5,16.8,0.344,68.7,5.84,1.26,5.83,5.91,0.52
289,2018,8,10,LG,13,3,0,10,0.231,8.54,111,104,11,11.1,15.2,0.392,56.1,8.51,-1.78,5.50,5.71,0.81
290,2018,9,1,왍,24,16,0,8,0.667,5.38,129,118,27,8.7,16.9,0.303,68.4,4.99,5.39,5.36,5.47,2.41
291,2018,9,2,KIA,23,15,0,8,0.652,5.78,133,122,22,9.0,19.0,0.348,65.6,5.43,2.92,4.78,4.77,3.05
292,2018,9,3,SK,24,14,0,10,0.583,5.21,125,112,34,8.7,22.3,0.318,70.9,4.75,4.24,5.20,5.05,3.35
293,2018,9,4,Hero,23,13,0,10,0.565,5.78,133,126,34,8.0,18.4,0.317,68.5,5.55,4.03,5.64,5.67,1.72
294,2018,9,5,홛,24,12,0,12,0.500,5.75,138,126,22,9.2,17.6,0.327,65.4,5.32,3.25,5.08,5.17,2.20
295,2018,9,6,庸,24,11,1,12,0.478,5.71,137,128,41,8.8,20.2,0.299,70.3,5.28,4.42,5.82,5.79,1.39
296,2018,9,7,온,22,10,0,12,0.455,6.96,153,137,35,8.9,20.6,0.324,60.3,6.39,1.82,5.69,5.61,2.30
297,2018,9,8,NC,23,9,0,14,0.391,5.87,135,117,28,8.7,17.9,0.328,66.4,5.32,2.14,5.40,5.45,1.81
298,2018,9,9,LG,24,9,0,15,0.375,6.08,146,131,27,8.3,18.6,0.320,63.0,5.56,2.82,5.09,5.09,3.24
299,2018,9,10,KT,23,7,1,15,0.318,6.48,149,128,29,8.7,16.4,0.356,66.5,5.61,1.71,5.50,5.61,1.59
300,2018,10,1,LG,4,3,0,1,0.750,3.25,13,12,3,4.7,24.0,0.306,78.4,3.00,1.53,3.92,3.61,0.88
301,2018,10,2,庸,4,3,0,1,0.750,5.00,20,19,5,7.3,23.8,0.344,69.8,4.89,0.50,4.66,4.41,0.46
302,2018,10,3,KT,8,5,0,3,0.625,4.75,38,35,8,3.9,19.6,0.347,70.2,4.38,2.18,4.32,4.18,1.60
303,2018,10,4,온,12,7,0,5,0.583,5.08,61,56,13,8.3,19.1,0.276,66.2,4.62,2.47,4.92,4.92,1.34
304,2018,10,5,왍,7,4,0,3,0.571,4.14,29,28,10,7.8,14.1,0.269,79.2,3.88,2.11,5.73,5.99,0.42
305,2018,10,6,홛,6,3,0,3,0.500,6.83,41,38,10,12.3,25.1,0.357,65.4,6.58,-0.03,5.78,5.56,0.24
306,2018,10,7,NC,5,2,0,3,0.400,8.20,41,37,9,10.3,20.2,0.404,62.8,7.40,0.02,6.12,6.09,-0.33
307,2018,10,8,KIA,11,4,0,7,0.364,6.54,72,66,13,9.5,17.9,0.343,64.8,5.90,0.96,5.29,5.35,0.74
308,2018,10,9,Hero,3,1,0,2,0.333,7.67,23,21,6,10.3,19.0,0.368,61.2,7.46,-0.07,6.60,6.67,-0.13
309,2018,10,10,SK,8,2,0,6,0.250,6.50,52,50,16,8.4,21.0,0.349,70.9,6.25,0.64,6.19,6.09,0.70
310,2019,3,1,왍,8,6,0,2,0.750,4.00,32,26,4,8.8,19.2,0.298,72.6,3.21,2.04,3.80,3.74,1.45
311,2019,3,2,SK,8,6,0,2,0.750,3.38,27,26,4,10.7,22.3,0.265,75.5,3.21,2.32,3.70,3.56,1.55
312,2019,3,3,LG,8,5,0,3,0.625,3.00,24,20,4,7.2,22.2,0.250,74.2,2.43,2.60,3.32,3.18,1.61
313,2019,3,4,NC,8,5,0,3,0.625,5.00,40,33,7,12.1,19.0,0.312,72.8,4.12,1.14,4.96,4.96,0.41
314,2019,3,5,홛,8,4,0,4,0.500,4.88,39,38,8,12.8,17.4,0.291,71.9,4.96,1.04,5.28,5.35,0.05
315,2019,3,6,Hero,8,3,0,5,0.375,4.75,38,37,3,9.8,18.2,0.313,65.1,4.73,0.36,3.91,3.93,0.84
316,2019,3,7,庸,8,3,0,5,0.375,5.50,44,41,10,9.5,18.6,0.284,65.1,5.27,0.56,4.96,4.91,0.34
317,2019,3,8,KIA,8,3,0,5,0.375,5.75,46,43,9,10.6,20.9,0.361,68.6,5.53,0.43,4.57,4.41,0.86
318,2019,3,9,온,8,3,0,5,0.375,6.88,55,50,14,11.5,21.5,0.322,65.8,6.31,-0.07,5.63,5.46,0.46
319,2019,3,10,KT,8,2,0,6,0.250,5.12,41,36,12,9.4,19.7,0.267,69.4,4.65,0.30,5.24,5.16,0.21
320,2019,4,1,Hero,24,16,0,8,0.667,4.54,109,99,17,6.8,19.5,0.335,70.1,4.14,4.14,3.66,3.53,3.86
321,2019,4,2,LG,22,14,0,8,0.636,3.41,75,63,8,9.2,20.0,0.274,74.1,2.81,7.15,3.62,3.57,3.87
322,2019,4,3,SK,23,14,1,8,0.636,4.48,103,93,15,7.4,19.5,0.341,71.8,3.93,6.77,3.64,3.52,5.23
323,2019,4,4,왍,24,15,0,9,0.625,3.50,84,76,12,6.5,15.5,0.297,74.4,3.24,5.66,3.80,3.85,3.49
324,2019,4,5,NC,22,13,0,9,0.591,4.32,95,82,19,7.1,20.0,0.316,73.3,3.68,4.42,3.99,3.88,3.41
325,2019,4,6,홛,21,9,0,12,0.429,5.48,115,108,16,8.3,18.9,0.370,67.0,5.31,2.34,4.09,4.01,2.97
326,2019,4,7,온,22,9,0,13,0.409,5.96,131,115,22,11.1,20.4,0.349,66.6,5.35,0.97,4.58,4.46,1.72
327,2019,4,8,KT,24,8,0,16,0.333,5.38,129,113,24,12.5,14.2,0.284,68.5,4.82,2.52,5.39,5.55,-0.54
328,2019,4,9,KIA,22,7,1,14,0.333,6.86,151,142,18,12.2,15.4,0.332,62.3,6.55,0.06,5.04,5.14,0.35
329,2019,4,10,庸,22,7,0,15,0.318,4.96,109,92,17,9.4,19.8,0.298,66.5,4.15,2.67,4.07,3.98,2.92
330,2019,5,1,SK,26,17,0,9,0.654,3.77,98,92,21,7.3,19.5,0.308,76.1,3.54,6.69,3.96,3.87,4.24
331,2019,5,2,왍,26,16,0,10,0.615,3.19,83,69,9,7.2,15.0,0.288,75.8,2.65,8.97,3.61,3.68,4.29
332,2019,5,3,庸,26,14,0,12,0.538,4.69,122,110,24,8.8,17.0,0.299,70.7,4.29,3.96,4.48,4.48,2.14
333,2019,5,4,KT,26,14,0,12,0.538,5.38,140,131,13,8.1,14.6,0.335,65.1,5.16,3.16,4.10,4.19,3.12
334,2019,5,5,KIA,27,14,0,13,0.519,4.18,113,100,18,7.5,18.8,0.320,72.0,3.77,5.90,3.86,3.79,4.87
335,2019,5,6,NC,26,13,0,13,0.500,4.88,127,117,22,9.6,18.5,0.289,67.8,4.54,3.15,4.47,4.46,2.51
336,2019,5,7,LG,26,12,0,14,0.462,4.77,124,102,15,8.3,16.4,0.309,66.9,4.08,3.20,4.05,4.07,3.30
337,2019,5,8,Hero,27,12,0,15,0.444,4.48,121,115,13,6.3,18.8,0.331,66.8,4.37,4.88,3.44,3.35,5.06
338,2019,5,9,홛,27,11,0,16,0.407,4.63,125,113,20,9.7,16.2,0.313,71.7,4.26,4.14,4.54,4.60,1.99
339,2019,5,10,온,27,9,0,18,0.333,6.44,174,167,25,10.9,16.3,0.351,65.6,6.31,-0.43,4.94,4.98,0.70
340,2019,6,1,Hero,25,18,0,7,0.720,3.96,99,85,11,8.2,20.2,0.305,71.0,3.42,6.55,3.54,3.44,4.90
341,2019,6,2,SK,25,17,0,8,0.680,3.48,87,82,15,8.1,21.5,0.295,74.2,3.32,6.52,3.57,3.43,4.46
342,2019,6,3,LG,25,14,1,10,0.583,4.60,115,100,18,10.2,14.9,0.310,72.9,3.96,4.32,4.66,4.78,1.18
343,2019,6,4,KT,25,13,1,11,0.542,4.52,113,108,19,8.3,13.6,0.294,69.6,4.33,5.21,4.42,4.54,1.69
344,2019,6,5,왍,25,13,0,12,0.520,4.76,119,113,19,10.1,15.4,0.307,70.0,4.67,4.54,4.55,4.62,1.83
345,2019,6,6,庸,24,11,0,13,0.458,5.12,123,114,17,9.1,16.0,0.322,68.6,4.80,2.15,4.49,4.55,1.49
346,2019,6,7,온,24,10,2,12,0.455,3.92,94,81,12,8.9,19.1,0.316,73.8,3.28,6.58,3.56,3.48,4.36
347,2019,6,8,KIA,25,9,0,16,0.360,4.92,123,115,19,8.3,16.6,0.334,69.3,4.78,2.54,4.31,4.32,2.03
348,2019,6,9,홛,24,8,0,16,0.333,5.38,129,113,22,8.7,16.2,0.319,68.1,4.72,1.88,4.61,4.64,1.23
349,2019,6,10,NC,24,8,0,16,0.333,5.33,128,121,16,10.0,16.0,0.326,66.5,5.26,2.15,4.49,4.55,1.86
350,2019,7,1,Hero,19,14,0,5,0.737,3.00,57,45,6,6.9,14.9,0.277,75.2,2.40,5.85,3.61,3.70,2.78
351,2019,7,2,SK,19,13,0,6,0.684,3.74,71,60,15,8.9,22.6,0.297,76.2,3.09,5.40,3.86,3.69,3.07
352,2019,7,3,KT,18,11,0,7,0.611,4.56,82,80,19,6.9,15.3,0.304,73.0,4.46,3.57,4.65,4.70,0.78
353,2019,7,4,NC,19,10,1,8,0.556,4.16,79,69,5,8.6,16.5,0.300,68.8,3.65,4.01,3.70,3.75,2.80
354,2019,7,5,왍,17,9,0,8,0.529,4.06,69,62,11,6.9,15.6,0.292,71.6,3.65,4.05,4.00,4.04,2.10
355,2019,7,6,KIA,16,8,0,8,0.500,4.75,76,67,10,9.0,16.7,0.294,66.5,4.26,2.54,4.15,4.17,1.90
356,2019,7,7,LG,18,9,0,9,0.500,5.22,94,84,15,7.3,16.9,0.314,64.6,4.78,2.00,4.30,4.30,1.85
357,2019,7,8,庸,19,8,1,10,0.444,4.68,89,77,13,9.8,15.4,0.311,69.3,4.20,2.85,4.44,4.52,1.72
358,2019,7,9,온,18,4,0,14,0.222,5.56,100,93,17,9.1,15.3,0.327,66.2,5.44,0.86,4.78,4.85,0.69
359,2019,7,10,홛,19,4,0,15,0.211,6.53,124,119,19,9.6,15.9,0.336,61.1,6.49,0.02,4.93,4.98,0.54
360,2019,8,1,왍,24,17,0,7,0.708,3.75,90,86,9,6.3,14.6,0.286,69.8,3.65,6.17,3.72,3.81,3.80
361,2019,8,2,KT,25,14,1,10,0.583,3.56,89,83,16,7.6,15.3,0.284,75.7,3.35,6.60,4.11,4.17,2.71
362,2019,8,3,Hero,25,13,1,11,0.542,4.32,108,102,7,5.7,16.7,0.334,67.6,4.11,4.83,3.27,3.26,4.45
363,2019,8,4,LG,24,13,0,11,0.542,5.25,126,119,19,9.8,16.1,0.322,68.3,5.04,3.58,4.61,4.66,1.89
364,2019,8,5,SK,25,13,0,12,0.520,3.44,86,80,14,7.5,16.5,0.292,74.9,3.32,5.99,3.91,3.93,3.28
365,2019,8,6,NC,24,12,0,12,0.500,4.08,98,91,20,7.9,16.9,0.294,73.8,3.81,5.91,4.32,4.34,2.54
366,2019,8,7,KIA,26,12,1,13,0.480,4.69,122,111,17,9.0,16.8,0.300,68.4,4.32,4.72,4.24,4.27,2.14
367,2019,8,8,홛,24,10,0,14,0.417,5.54,133,121,22,9.2,14.1,0.332,68.0,5.21,2.35,4.85,4.95,0.95
368,2019,8,9,온,25,9,1,15,0.375,5.16,129,112,16,7.5,16.8,0.328,65.1,4.62,2.31,3.97,3.96,3.13
369,2019,8,10,庸,22,7,0,15,0.318,6.04,133,128,21,10.6,14.6,0.318,65.9,5.90,1.77,5.16,5.29,0.49
370,2019,9,1,NC,20,12,1,7,0.632,2.90,58,55,14,7.4,18.2,0.298,82.5,2.77,7.40,4.01,3.98,2.36
371,2019,9,2,왍,19,11,1,7,0.611,3.58,68,64,14,3.5,18.2,0.287,72.7,3.32,5.27,3.48,3.40,3.83
372,2019,9,3,Hero,15,9,0,6,0.600,2.60,39,29,4,6.0,17.1,0.281,77.3,1.99,5.19,3.23,3.23,2.87
373,2019,9,4,LG,21,12,0,9,0.571,3.57,75,65,10,9.3,17.5,0.285,74.9,3.16,5.44,3.99,4.02,2.30
374,2019,9,5,홛,21,12,0,9,0.571,3.43,72,67,13,9.0,17.9,0.296,77.3,3.20,6.54,4.00,3.99,2.72
375,2019,9,6,KT,18,9,0,9,0.500,3.72,67,60,15,7.9,18.5,0.290,75.3,3.40,3.81,4.14,4.09,2.02
376,2019,9,7,KIA,20,9,0,11,0.450,4.60,92,76,10,7.3,18.8,0.331,66.9,4.00,3.36,3.63,3.56,3.62
377,2019,9,8,SK,18,8,0,10,0.444,4.11,74,70,15,8.1,20.2,0.310,72.4,3.95,3.50,4.00,3.89,2.89
378,2019,9,9,庸,23,10,0,13,0.435,4.83,111,96,23,8.1,14.7,0.289,69.4,4.30,2.95,4.83,4.92,1.19
379,2019,9,10,온,19,4,0,15,0.211,4.10,78,68,14,8.6,18.6,0.301,72.4,3.71,2.96,4.18,4.14,1.85
380,2020,5,1,NC,23,18,0,5,0.783,4.00,92,87,25,9.0,19.2,0.279,76.8,3.73,7.79,4.77,4.71,3.56
381,2020,5,2,LG,23,16,0,7,0.696,4.65,107,96,22,6.9,17.6,0.301,68.9,4.24,4.53,4.50,4.45,3.45
382,2020,5,3,왍,23,14,0,9,0.609,6.44,148,133,20,9.3,15.0,0.339,63.4,5.67,2.60,4.84,4.92,2.32
383,2020,5,4,KIA,24,12,0,12,0.500,5.00,120,105,14,7.7,20.9,0.331,64.2,4.42,5.02,3.77,3.62,5.70
384,2020,5,5,Hero,24,12,0,12,0.500,5.17,124,112,27,7.1,18.0,0.319,67.5,4.82,3.66,4.83,4.79,2.72
385,2020,5,6,온,23,11,0,12,0.478,5.13,118,111,25,10.0,17.4,0.299,69.7,4.80,4.84,5.06,5.08,2.71
386,2020,5,7,KT,23,10,0,13,0.435,6.00,138,127,22,9.2,14.9,0.317,64.9,5.58,2.44,5.10,5.22,2.04
387,2020,5,8,庸,24,10,0,14,0.417,5.50,132,110,28,9.7,16.0,0.296,67.9,4.69,3.80,5.40,5.48,1.28
388,2020,5,9,SK,23,7,0,16,0.304,5.70,131,110,18,10.3,18.1,0.310,62.9,4.84,3.39,4.63,4.62,2.86
389,2020,5,10,홛,24,7,0,17,0.292,5.29,127,121,26,9.8,19.2,0.336,70.3,5.26,3.38,5.01,4.95,2.36
390,2020,6,1,Hero,25,19,0,6,0.760,3.60,90,81,18,5.5,16.7,0.283,74.0,3.25,7.78,4.10,4.10,4.31
391,2020,6,2,庸,25,15,0,10,0.600,4.12,103,96,25,9.3,16.6,0.288,75.3,3.95,6.49,4.94,4.98,2.26
392,2020,6,3,NC,24,14,0,10,0.583,5.92,142,134,26,10.3,18.3,0.303,63.8,5.61,4.68,5.07,5.06,2.42
393,2020,6,4,KIA,21,12,0,9,0.571,4.00,84,76,15,7.5,20.9,0.297,70.0,3.85,5.47,4.01,3.86,4.31
394,2020,6,5,왍,25,14,0,11,0.560,5.20,130,117,17,7.4,18.1,0.339,65.7,4.82,4.76,4.15,4.09,4.47
395,2020,6,6,온,23,12,0,11,0.522,4.56,105,102,26,6.5,18.3,0.297,70.6,4.46,5.22,4.59,4.52,3.97
396,2020,6,7,LG,25,12,0,13,0.480,4.92,123,118,19,10.2,18.4,0.307,70.4,4.69,6.22,4.65,4.67,3.31
397,2020,6,8,KT,25,11,0,14,0.440,5.64,141,135,31,8.4,13.1,0.305,66.6,5.53,3.36,5.45,5.59,0.98
398,2020,6,9,SK,25,7,0,18,0.280,4.72,118,111,27,10.6,18.1,0.309,74.3,4.53,4.19,5.23,5.25,2.11
399,2020,6,10,홛,24,5,0,19,0.208,7.38,177,151,33,10.2,18.8,0.362,61.5,6.48,-0.71,5.38,5.29,1.85
400,2020,7,1,KT,15,10,1,4,0.714,4.67,70,69,10,9.4,16.6,0.300,69.1,4.53,4.00,4.43,4.49,2.17
401,2020,7,2,NC,15,9,2,4,0.692,3.93,59,59,14,8.4,19.1,0.277,75.3,3.85,3.62,4.61,4.59,2.17
402,2020,7,3,왍,15,9,0,6,0.600,4.67,70,64,11,7.9,16.9,0.316,68.7,4.36,2.82,4.25,4.22,2.57
403,2020,7,4,庸,15,9,0,6,0.600,5.20,78,73,15,10.2,15.2,0.295,68.3,4.94,2.48,5.24,5.37,0.55
404,2020,7,5,KIA,16,9,0,7,0.563,4.88,78,74,18,9.8,17.1,0.327,73.0,4.65,2.40,5.09,5.09,0.99
405,2020,7,6,Hero,16,7,0,9,0.438,7.38,118,111,22,9.1,15.0,0.363,62.0,7.09,-0.46,5.66,5.73,0.31
406,2020,7,7,온,15,6,0,9,0.400,6.47,97,80,20,8.1,15.9,0.318,61.9,5.40,0.89,5.27,5.27,0.99
407,2020,7,8,SK,16,6,0,10,0.375,5.56,89,83,13,11.4,16.0,0.329,67.0,5.48,1.67,5.08,5.17,1.16
408,2020,7,9,LG,15,5,1,9,0.357,6.40,96,81,19,6.3,15.7,0.360,65.2,5.37,1.52,4.97,4.96,1.77
409,2020,7,10,홛,16,5,0,11,0.313,4.75,76,70,18,10.1,18.4,0.324,74.8,4.51,2.64,5.09,5.06,1.46
