,찗옷,,쩢챦,챶,썭쐑,콺쨵,콪,BABIP,줲%,溶%,줲/,ISO,콪쩠/탿임,OPS,RC,RC/27,wRC,SPD,wSB,옷쫞,wOBA,wRAA
0,2015,3,1,온,3,119,0.303,0.379,14.3,23.5,0.61,0.222,19.80,0.940,22.91,8.48,22.45,5.43,0.77,0.413,7.16,-
1,2015,3,2,왍,2,72,0.297,0.268,8.3,6.9,1.20,0.219,16.00,0.868,11.45,6.44,10.87,5.37,0.22,0.372,1.62,-
2,2015,3,3,KIA,2,73,0.283,0.260,12.3,9.6,1.29,0.267,15.00,0.930,13.61,7.82,13.04,5.88,0.39,0.402,3.66,-
3,2015,3,4,庸,3,125,0.319,0.347,8.0,12.0,0.67,0.150,37.67,0.848,21.79,7.36,19.71,5.63,1.43,0.379,3.65,-
4,2015,3,5,홛,2,95,0.257,0.310,13.7,16.8,0.81,0.094,74.00,0.736,12.09,5.18,12.27,4.87,1.08,0.348,0.07,-
5,2015,3,6,SK,2,76,0.219,0.255,11.8,17.1,0.69,0.125,64.00,0.655,7.30,3.58,6.57,5.56,0.22,0.301,-3.20,-
6,2015,3,7,Hero,2,85,0.205,0.228,11.8,16.5,0.71,0.137,36.50,0.660,8.92,4.08,7.80,3.93,0.39,0.306,-3.12,-
7,2015,3,8,LG,3,106,0.298,0.359,9.4,16.0,0.59,0.106,-,0.766,13.45,4.97,13.73,4.73,0.58,0.348,0.11,-
8,2015,3,9,KT,3,125,0.284,0.342,15.2,17.6,0.86,0.128,51.00,0.815,17.26,5.75,18.58,3.45,0.44,0.369,2.52,-
9,2015,3,10,NC,2,76,0.269,0.300,7.9,11.8,0.67,0.044,-,0.642,7.21,3.60,6.44,3.58,0.40,0.299,-3.32,-
10,2015,4,1,庸,23,889,0.271,0.289,10.7,16.8,0.64,0.197,21.25,0.821,129.73,5.77,124.54,5.99,5.48,0.360,10.32,-
11,2015,4,2,왍,22,892,0.281,0.312,10.2,15.5,0.66,0.164,33.61,0.805,122.91,5.45,123.41,5.79,3.67,0.358,8.80,-
12,2015,4,3,LG,23,900,0.259,0.312,11.3,19.8,0.57,0.125,37.85,0.740,108.81,4.77,108.07,4.83,4.22,0.338,-7.57,-
13,2015,4,4,SK,22,873,0.278,0.337,11.8,19.7,0.60,0.129,38.79,0.781,117.85,5.51,119.40,4.77,3.25,0.356,7.23,-
14,2015,4,5,홛,22,848,0.259,0.307,9.3,18.8,0.50,0.130,39.83,0.732,98.75,4.51,96.88,5.47,2.97,0.331,-12.08,-
15,2015,4,6,Hero,23,920,0.299,0.355,8.8,21.0,0.42,0.197,25.13,0.867,147.86,6.58,147.34,4.87,1.85,0.382,29.13,-
16,2015,4,7,온,22,850,0.264,0.315,11.4,22.6,0.50,0.188,23.26,0.812,120.48,5.66,121.22,5.53,3.82,0.362,12.00,-
17,2015,4,8,NC,22,863,0.276,0.319,7.6,18.9,0.40,0.163,30.28,0.786,123.48,5.74,112.49,7.00,5.79,0.349,1.61,-
18,2015,4,9,KIA,23,911,0.250,0.308,9.9,21.2,0.47,0.108,46.88,0.690,97.21,4.12,91.57,4.51,2.53,0.316,-25.48,-
19,2015,4,10,KT,22,825,0.208,0.276,9.0,24.4,0.37,0.087,91.25,0.585,66.13,2.93,50.88,5.10,4.21,0.273,-55.12,-
20,2015,5,1,NC,26,1047,0.300,0.351,9.7,19.5,0.50,0.182,27.52,0.858,171.42,6.71,164.85,6.61,8.48,0.379,30.32,-
21,2015,5,2,Hero,27,1089,0.294,0.346,9.6,21.2,0.45,0.200,21.77,0.866,175.41,6.59,172.73,4.95,3.83,0.380,32.81,-
22,2015,5,3,庸,25,1008,0.287,0.317,11.3,15.2,0.74,0.150,30.57,0.812,147.85,6.02,145.41,5.57,5.02,0.364,15.90,-
23,2015,5,4,왍,23,921,0.277,0.312,10.6,14.9,0.72,0.132,43.06,0.777,122.24,5.37,122.60,5.12,3.58,0.352,4.27,-
24,2015,5,5,온,27,1092,0.303,0.358,9.4,21.2,0.45,0.200,21.68,0.881,182.11,6.81,180.20,5.16,6.35,0.387,39.89,-
25,2015,5,6,SK,25,965,0.252,0.297,9.0,18.6,0.48,0.119,40.00,0.708,108.47,4.35,103.88,5.28,4.58,0.324,-20.11,-
26,2015,5,7,홛,27,1055,0.257,0.302,10.7,18.6,0.58,0.141,35.28,0.751,129.46,4.85,127.72,4.99,2.79,0.339,-7.84,-
27,2015,5,8,KIA,25,956,0.267,0.325,8.8,20.6,0.43,0.138,41.45,0.752,121.11,4.98,116.32,6.32,5.04,0.339,-6.51,-
28,2015,5,9,LG,26,1013,0.252,0.316,8.4,23.0,0.36,0.137,44.40,0.713,115.61,4.38,105.89,5.91,3.36,0.321,-24.27,-
29,2015,5,10,KT,27,1048,0.263,0.325,9.2,19.8,0.46,0.093,69.54,0.697,114.01,4.19,108.34,5.61,6.31,0.319,-26.31,-
30,2015,6,1,Hero,21,853,0.289,0.329,11.1,18.2,0.61,0.176,24.57,0.839,129.93,6.24,129.85,4.60,2.69,0.373,20.25,-
31,2015,6,2,LG,23,903,0.277,0.331,8.6,19.9,0.43,0.151,36.14,0.778,121.96,5.35,116.90,5.97,4.17,0.348,0.88,-
32,2015,6,3,KIA,20,720,0.237,0.277,6.2,20.0,0.31,0.144,35.83,0.682,75.96,3.91,66.47,5.70,3.61,0.307,-26.04,-
33,2015,6,4,홛,22,867,0.277,0.336,9.5,20.8,0.46,0.157,31.08,0.795,118.77,5.48,118.44,5.25,3.16,0.356,7.04,-
34,2015,6,5,庸,21,836,0.312,0.360,7.5,18.8,0.40,0.177,27.78,0.856,132.89,6.42,130.16,5.72,3.15,0.377,22.75,-
35,2015,6,6,왍,23,911,0.301,0.329,7.8,12.8,0.61,0.124,44.33,0.792,127.30,5.63,125.29,5.33,4.75,0.357,8.24,-
36,2015,6,7,NC,22,846,0.271,0.313,10.0,17.5,0.57,0.149,38.84,0.770,114.90,5.42,106.97,6.87,5.96,0.345,-1.73,-
37,2015,6,8,KT,23,913,0.290,0.332,8.3,19.1,0.44,0.166,26.16,0.809,136.53,6.05,126.60,5.64,3.69,0.358,9.29,-
38,2015,6,9,SK,22,866,0.274,0.321,7.2,17.7,0.40,0.107,43.00,0.716,100.75,4.53,94.67,5.23,2.84,0.326,-16.60,-
39,2015,6,10,온,21,778,0.242,0.292,7.7,22.6,0.34,0.141,31.68,0.693,81.17,3.89,74.63,4.15,2.02,0.311,-25.33,-
40,2015,7,1,庸,21,859,0.325,0.356,8.2,13.3,0.61,0.164,34.09,0.876,145.80,7.12,141.66,6.27,3.69,0.387,31.29,-
41,2015,7,2,Hero,20,846,0.327,0.369,9.5,17.6,0.54,0.211,23.55,0.934,158.98,7.98,154.48,5.93,3.34,0.406,45.78,-
42,2015,7,3,왍,21,839,0.295,0.309,9.8,12.0,0.81,0.160,26.85,0.829,124.90,6.07,123.65,4.91,3.19,0.368,15.85,-
43,2015,7,4,SK,19,749,0.280,0.333,8.5,19.2,0.44,0.149,32.30,0.784,96.24,5.01,98.89,4.25,1.73,0.351,2.65,-
44,2015,7,5,온,22,883,0.277,0.329,9.4,19.5,0.48,0.136,35.00,0.766,112.73,5.01,110.28,5.00,4.01,0.343,-3.18,-
45,2015,7,6,홛,20,809,0.275,0.344,10.0,19.9,0.50,0.091,75.56,0.732,98.83,4.96,98.21,5.50,2.70,0.339,-5.73,-
46,2015,7,7,KIA,22,857,0.267,0.305,8.2,19.8,0.41,0.172,25.20,0.775,112.90,5.12,107.58,5.54,3.78,0.344,-2.53,-
47,2015,7,8,KT,18,694,0.297,0.350,8.9,18.7,0.48,0.146,35.88,0.808,99.69,5.79,98.24,5.36,3.06,0.361,9.07,-
48,2015,7,9,NC,20,801,0.293,0.340,7.0,18.2,0.38,0.168,32.27,0.818,119.63,5.96,113.68,6.42,6.07,0.362,10.76,-
49,2015,7,10,LG,19,731,0.244,0.285,7.2,18.9,0.38,0.113,43.67,0.666,73.21,3.75,63.79,5.21,2.51,0.302,-30.14,-
50,2015,8,1,NC,24,953,0.290,0.333,10.5,16.4,0.64,0.150,36.64,0.819,140.86,6.03,140.91,6.06,6.44,0.368,18.46,-
51,2015,8,2,庸,24,997,0.304,0.358,11.4,17.6,0.65,0.153,34.16,0.850,164.67,7.03,160.11,6.71,7.03,0.382,32.00,-
52,2015,8,3,왍,24,957,0.290,0.331,9.5,16.0,0.60,0.128,41.25,0.787,133.20,5.70,130.80,5.54,3.30,0.356,7.84,-
53,2015,8,4,KT,25,1003,0.311,0.345,9.0,16.8,0.53,0.188,22.67,0.877,163.95,6.68,164.40,4.94,3.15,0.386,35.53,-
54,2015,8,5,KIA,24,890,0.236,0.292,7.9,22.4,0.35,0.127,41.05,0.677,91.53,3.87,82.10,6.04,3.93,0.307,-32.26,-
55,2015,8,6,Hero,25,1006,0.311,0.343,7.0,17.1,0.41,0.206,24.00,0.883,168.93,6.82,163.30,6.25,3.41,0.384,34.04,-
56,2015,8,7,LG,25,953,0.266,0.309,6.4,17.4,0.37,0.120,45.58,0.708,105.35,4.18,97.89,5.02,3.66,0.319,-24.56,-
57,2015,8,8,온,23,916,0.298,0.369,9.4,21.2,0.44,0.152,36.59,0.821,132.36,5.85,134.63,4.31,2.22,0.367,16.94,-
58,2015,8,9,홛,25,1008,0.277,0.337,10.3,19.7,0.52,0.130,37.48,0.776,134.66,5.45,133.80,4.64,3.66,0.352,4.29,-
59,2015,8,10,SK,25,947,0.262,0.302,8.6,18.1,0.47,0.135,33.12,0.736,111.84,4.55,109.02,4.66,3.37,0.332,-12.66,-
60,2015,9,1,庸,24,959,0.311,0.339,10.2,15.3,0.67,0.179,23.69,0.876,161.26,7.02,157.95,5.45,4.31,0.387,34.73,-
61,2015,9,2,NC,24,973,0.305,0.339,11.5,17.1,0.68,0.191,21.84,0.894,168.63,7.37,167.96,5.46,4.52,0.395,42.94,-
62,2015,9,3,SK,26,1000,0.295,0.336,7.4,19.1,0.39,0.189,23.00,0.843,151.58,6.02,150.63,5.00,3.74,0.371,22.15,-
63,2015,9,4,Hero,23,913,0.288,0.335,10.7,17.6,0.61,0.140,34.22,0.800,132.91,5.98,128.38,5.67,5.26,0.360,11.07,-
64,2015,9,5,LG,21,843,0.307,0.358,8.1,17.3,0.47,0.138,44.06,0.815,126.91,6.17,122.41,6.05,4.03,0.365,14.09,-
65,2015,9,6,온,23,934,0.288,0.335,8.5,18.4,0.46,0.160,31.77,0.800,129.73,5.50,126.87,4.99,2.18,0.355,6.87,-
66,2015,9,7,왍,25,1002,0.297,0.330,10.0,14.7,0.68,0.154,33.42,0.828,147.76,6.01,150.74,4.83,3.33,0.371,22.00,-
67,2015,9,8,홛,23,915,0.286,0.340,10.7,20.9,0.51,0.159,26.27,0.812,128.55,5.66,130.46,3.68,1.08,0.362,12.90,-
68,2015,9,9,KIA,23,859,0.249,0.283,8.0,19.6,0.41,0.162,29.76,0.733,98.15,4.29,93.83,5.09,2.91,0.326,-16.54,-
69,2015,9,10,KT,22,832,0.266,0.330,9.5,21.3,0.45,0.096,49.13,0.701,90.52,4.21,85.59,3.74,3.32,0.319,-21.31,-
70,2015,10,1,庸,3,130,0.294,0.357,13.1,14.6,0.90,0.069,-,0.779,17.14,5.57,18.79,3.80,0.79,0.365,2.09,-
71,2015,10,2,왍,4,165,0.266,0.286,17.0,13.3,1.27,0.156,32.00,0.820,24.84,6.39,24.75,4.22,1.14,0.371,3.55,-
72,2015,10,3,NC,4,168,0.285,0.336,6.0,18.4,0.32,0.139,75.50,0.753,20.94,4.75,19.70,6.32,0.78,0.335,-1.89,-
73,2015,10,4,Hero,3,99,0.217,0.246,6.1,23.2,0.26,0.174,23.00,0.664,9.75,3.56,7.51,5.16,0.38,0.289,-5.21,-
74,2015,10,5,LG,4,150,0.314,0.347,4.0,12.0,0.33,0.080,137.00,0.739,17.92,4.61,17.34,3.34,0.45,0.333,-1.94,-
75,2015,10,6,KT,4,165,0.255,0.298,6.7,19.4,0.34,0.114,37.25,0.682,18.04,4.16,15.48,3.87,0.78,0.309,-5.72,-
76,2015,10,7,홛,3,119,0.252,0.371,9.2,27.7,0.33,0.049,-,0.637,11.50,3.79,10.55,3.30,0.43,0.303,-4.74,-
77,2015,10,8,SK,3,112,0.245,0.292,9.8,20.5,0.48,0.102,32.67,0.686,11.58,4.01,11.63,1.06,0.26,0.320,-2.76,-
78,2015,10,9,온,3,108,0.240,0.257,6.5,19.4,0.33,0.170,20.00,0.706,11.64,3.98,10.15,2.94,0.23,0.309,-3.72,-
79,2015,10,10,KIA,5,188,0.217,0.284,9.0,25.5,0.35,0.090,55.33,0.603,16.09,3.17,12.38,4.08,0.79,0.278,-11.78,-
80,2016,4,1,왍,24,955,0.285,0.322,10.9,15.4,0.71,0.141,36.68,0.805,134.55,5.78,138.84,5.02,3.31,0.365,16.13,-
81,2016,4,2,SK,25,949,0.267,0.304,7.9,17.4,0.46,0.130,36.17,0.735,114.15,4.67,107.51,5.25,4.21,0.330,-14.42,-
82,2016,4,3,NC,23,885,0.268,0.316,9.5,19.0,0.50,0.134,36.71,0.749,108.96,4.84,106.16,4.61,2.68,0.338,-7.55,-
83,2016,4,4,LG,22,884,0.258,0.305,10.1,20.6,0.49,0.137,29.62,0.737,108.46,4.85,101.59,5.58,3.19,0.332,-12.00,-
84,2016,4,5,온,25,975,0.293,0.346,9.3,19.0,0.49,0.143,37.30,0.799,137.85,5.68,134.62,5.87,4.61,0.357,9.34,-
85,2016,4,6,KT,25,967,0.264,0.300,9.6,17.0,0.57,0.129,35.29,0.734,113.78,4.54,111.41,4.77,4.25,0.332,-12.83,-
86,2016,4,7,Hero,24,945,0.274,0.337,9.8,20.3,0.48,0.125,51.50,0.755,119.37,5.00,117.73,6.44,4.59,0.343,-3.69,-
87,2016,4,8,庸,23,909,0.273,0.307,9.8,14.7,0.66,0.120,43.72,0.746,109.98,4.74,110.71,5.08,3.57,0.340,-6.08,-
88,2016,4,9,KIA,22,867,0.273,0.327,9.0,20.3,0.44,0.155,34.95,0.775,115.57,5.27,111.70,5.60,3.14,0.347,0.30,-
89,2016,4,10,홛,23,912,0.263,0.323,8.3,19.8,0.42,0.103,56.93,0.703,99.81,4.23,95.67,3.96,2.02,0.321,-21.51,-
90,2016,5,1,왍,25,1033,0.330,0.354,9.8,13.9,0.70,0.208,23.23,0.939,194.28,8.01,192.62,5.39,3.37,0.411,59.89,-
91,2016,5,2,NC,23,987,0.318,0.355,11.6,15.2,0.76,0.178,26.74,0.905,174.08,7.59,177.04,5.78,3.73,0.403,50.22,-
92,2016,5,3,Hero,25,958,0.280,0.327,8.8,18.4,0.48,0.147,37.09,0.773,124.98,5.09,122.13,6.45,4.22,0.346,-0.95,-
93,2016,5,4,庸,26,1071,0.304,0.337,10.7,13.9,0.77,0.150,38.00,0.841,166.18,6.48,166.79,6.20,4.42,0.377,29.18,-
94,2016,5,5,KIA,25,998,0.300,0.338,9.4,16.4,0.57,0.180,29.69,0.858,160.33,6.62,158.78,6.29,4.79,0.381,30.55,-
95,2016,5,6,LG,23,904,0.281,0.328,8.6,16.6,0.52,0.125,56.43,0.760,115.54,5.04,114.08,6.65,4.21,0.344,-2.07,-
96,2016,5,7,온,24,966,0.292,0.338,11.1,17.3,0.64,0.147,34.54,0.819,141.47,6.02,143.59,5.21,3.99,0.369,19.48,-
97,2016,5,8,홛,25,1010,0.289,0.330,10.1,16.8,0.60,0.155,32.56,0.813,147.64,5.97,144.60,5.46,3.64,0.363,14.83,-
98,2016,5,9,SK,24,942,0.278,0.308,8.5,17.4,0.49,0.160,24.82,0.786,126.10,5.26,123.75,4.31,2.06,0.350,2.72,-
99,2016,5,10,KT,24,979,0.296,0.341,10.0,16.8,0.59,0.128,35.71,0.794,136.69,5.67,136.02,4.53,3.67,0.358,10.23,-
100,2016,6,1,NC,23,958,0.288,0.326,11.2,18.1,0.62,0.171,25.78,0.832,146.57,6.32,143.10,5.16,2.63,0.370,20.01,-
101,2016,6,2,왍,25,1008,0.285,0.317,9.9,15.3,0.65,0.141,34.96,0.787,142.43,5.77,135.45,5.78,3.65,0.353,5.94,-
102,2016,6,3,Hero,25,1000,0.302,0.343,9.5,15.9,0.60,0.153,36.71,0.829,152.21,6.22,149.83,6.14,5.82,0.370,21.35,-
103,2016,6,4,홛,24,965,0.285,0.329,7.6,19.0,0.40,0.157,28.67,0.790,130.61,5.33,127.73,5.07,2.73,0.351,3.74,-
104,2016,6,5,SK,26,1033,0.311,0.346,7.4,17.1,0.43,0.204,22.68,0.887,172.81,6.79,171.87,6.08,3.46,0.389,39.15,-
105,2016,6,6,온,25,1016,0.293,0.348,9.4,17.9,0.52,0.118,52.65,0.773,136.10,5.38,132.10,5.16,4.98,0.349,1.55,-
106,2016,6,7,KIA,25,989,0.274,0.311,8.6,17.4,0.49,0.164,29.93,0.787,135.38,5.44,131.16,6.20,2.91,0.351,4.09,-
107,2016,6,8,KT,24,938,0.258,0.293,8.6,16.5,0.52,0.114,43.53,0.701,105.21,4.32,96.77,5.54,4.20,0.319,-23.75,-
108,2016,6,9,LG,25,1026,0.308,0.361,8.3,16.5,0.50,0.108,53.41,0.789,147.11,5.91,142.88,5.79,4.90,0.359,11.06,-
109,2016,6,10,庸,26,1058,0.277,0.310,8.6,15.2,0.56,0.147,38.42,0.772,138.29,5.13,134.92,5.57,4.44,0.346,-1.02,-
110,2016,7,1,Hero,21,878,0.315,0.335,12.1,12.3,0.98,0.172,29.68,0.888,151.08,7.32,149.64,6.39,5.27,0.393,36.83,-
111,2016,7,2,홛,21,877,0.308,0.336,11.0,13.7,0.80,0.176,31.25,0.874,143.84,6.85,145.94,6.20,2.58,0.389,33.25,-
112,2016,7,3,NC,20,790,0.277,0.294,10.9,15.3,0.71,0.196,22.13,0.840,121.01,6.24,118.25,5.50,3.27,0.370,16.74,-
113,2016,7,4,KIA,23,961,0.312,0.356,9.3,17.5,0.53,0.168,27.87,0.863,158.32,6.89,154.73,5.20,3.47,0.383,31.26,-
114,2016,7,5,庸,18,750,0.288,0.308,10.7,13.9,0.77,0.152,28.91,0.810,108.32,5.87,106.30,5.67,2.96,0.361,9.93,-
115,2016,7,6,온,20,821,0.283,0.337,9.7,19.0,0.51,0.143,37.53,0.791,117.45,5.84,113.43,6.64,4.83,0.358,7.94,-
116,2016,7,7,왍,21,836,0.286,0.310,9.0,14.2,0.63,0.160,30.71,0.801,119.32,5.72,115.00,5.70,2.82,0.357,7.58,-
117,2016,7,8,SK,22,883,0.296,0.329,7.7,17.6,0.44,0.185,23.73,0.840,136.37,6.21,131.02,4.92,3.33,0.369,17.57,-
118,2016,7,9,KT,20,757,0.268,0.300,9.1,14.4,0.63,0.102,47.64,0.709,84.31,4.30,81.42,4.40,2.77,0.324,-15.84,-
119,2016,7,10,LG,22,905,0.291,0.330,10.3,15.4,0.67,0.138,41.05,0.802,131.83,5.99,128.65,6.37,4.58,0.362,12.37,-
120,2016,8,1,왍,24,995,0.302,0.322,10.6,15.3,0.69,0.204,21.74,0.890,170.67,7.19,166.68,6.26,3.15,0.390,38.84,-
121,2016,8,2,LG,26,1028,0.300,0.340,7.7,16.0,0.48,0.132,40.04,0.787,142.95,5.55,136.49,5.89,4.65,0.352,4.41,-
122,2016,8,3,Hero,23,896,0.294,0.326,10.7,15.0,0.72,0.148,33.87,0.813,129.97,5.86,128.47,5.38,5.40,0.363,13.35,-
123,2016,8,4,庸,23,934,0.321,0.360,7.6,14.4,0.53,0.157,39.76,0.857,151.72,6.74,149.13,6.35,3.42,0.381,29.13,-
124,2016,8,5,NC,23,943,0.304,0.349,9.5,18.4,0.52,0.175,25.56,0.861,155.70,6.91,151.45,5.56,3.78,0.382,30.28,-
125,2016,8,6,KIA,24,949,0.292,0.325,8.0,17.3,0.46,0.175,24.00,0.828,143.35,6.09,138.87,5.42,4.40,0.367,16.94,-
126,2016,8,7,SK,25,987,0.291,0.352,7.0,20.8,0.34,0.141,34.96,0.786,137.97,5.62,131.06,5.75,3.59,0.352,4.24,-
127,2016,8,8,홛,24,962,0.300,0.346,7.4,16.5,0.45,0.126,41.24,0.786,133.16,5.57,130.24,5.43,2.96,0.354,6.64,-
128,2016,8,9,온,23,922,0.262,0.314,12.9,18.4,0.70,0.118,45.35,0.749,117.39,5.15,115.46,5.05,6.77,0.343,-3.00,-
129,2016,8,10,KT,23,893,0.275,0.329,7.4,17.9,0.41,0.096,67.00,0.705,101.41,4.42,94.24,4.64,2.52,0.322,-20.50,-
130,2016,9,1,왍,22,885,0.296,0.328,11.5,16.7,0.69,0.192,25.27,0.869,142.50,6.64,142.33,4.62,2.54,0.382,28.62,-
131,2016,9,2,LG,21,830,0.307,0.360,9.5,17.2,0.55,0.131,48.27,0.815,121.55,6.01,121.57,5.17,2.53,0.367,14.92,-
132,2016,9,3,NC,25,989,0.277,0.337,10.5,19.3,0.54,0.112,50.18,0.753,120.74,4.85,123.91,4.05,3.32,0.343,-3.16,-
133,2016,9,4,온,21,853,0.311,0.366,10.2,17.4,0.59,0.136,36.35,0.843,129.63,6.34,135.80,4.88,2.77,0.381,26.20,-
134,2016,9,5,庸,23,950,0.300,0.329,9.4,14.8,0.63,0.153,28.76,0.822,144.05,6.25,139.10,5.73,2.63,0.367,17.04,-
135,2016,9,6,홛,23,936,0.282,0.337,8.1,19.2,0.42,0.120,38.48,0.759,120.72,5.21,116.97,4.38,1.26,0.343,-3.29,-
136,2016,9,7,KIA,20,738,0.258,0.285,7.3,16.9,0.43,0.162,30.09,0.736,86.61,4.42,80.00,4.90,1.81,0.325,-14.82,-
137,2016,9,8,Hero,21,836,0.306,0.353,8.6,17.3,0.50,0.156,37.05,0.834,125.90,6.08,125.61,5.93,4.01,0.371,18.19,-
138,2016,9,9,SK,19,765,0.313,0.353,6.9,16.0,0.43,0.150,29.61,0.838,115.96,6.16,117.86,4.44,2.14,0.375,19.57,-
139,2016,9,10,KT,23,895,0.293,0.330,8.5,15.9,0.54,0.143,36.00,0.794,122.39,5.43,121.05,4.40,2.54,0.354,6.06,-
140,2016,10,1,홛,4,176,0.336,0.395,9.1,18.2,0.50,0.187,29.80,0.932,31.27,7.47,33.02,2.82,0.32,0.412,10.41,-
141,2016,10,2,왍,3,129,0.307,0.344,10.1,15.5,0.65,0.184,28.50,0.879,22.29,7.43,21.73,3.07,0.10,0.391,5.15,-
142,2016,10,3,SK,3,113,0.250,0.310,7.1,25.7,0.28,0.154,26.00,0.714,13.25,4.47,11.70,5.09,0.41,0.319,-2.82,-
143,2016,10,4,KIA,5,194,0.282,0.323,11.3,14.4,0.79,0.123,54.33,0.777,24.51,4.98,26.40,4.92,0.83,0.355,1.48,-
144,2016,10,5,NC,7,281,0.320,0.369,8.5,16.7,0.51,0.137,41.17,0.843,43.85,6.40,43.89,4.84,1.91,0.377,7.78,-
145,2016,10,6,KT,5,191,0.272,0.336,8.4,19.9,0.42,0.077,169.00,0.677,20.01,4.03,17.56,3.11,0.47,0.307,-6.98,-
146,2016,10,7,庸,5,191,0.263,0.323,9.4,20.9,0.45,0.120,41.75,0.723,22.42,4.59,21.17,3.67,0.64,0.327,-3.37,-
147,2016,10,8,Hero,5,189,0.253,0.310,6.4,22.2,0.29,0.082,56.67,0.642,17.70,3.46,15.04,4.44,0.97,0.293,-9.25,-
148,2016,10,9,LG,5,188,0.241,0.276,10.6,18.1,0.59,0.107,39.50,0.680,18.45,3.66,18.40,2.58,0.81,0.313,-5.76,-
149,2016,10,10,온,6,231,0.260,0.315,7.4,22.9,0.32,0.134,29.71,0.720,27.21,4.54,25.08,3.73,1.01,0.325,-4.60,-
150,2017,3,1,NC,1,38,0.344,0.455,10.5,23.7,0.44,0.250,32.00,1.041,8.53,10.01,8.66,5.62,0.36,0.456,3.78,-
151,2017,3,2,KT,1,37,0.257,0.308,5.4,21.6,0.25,0.143,35.00,0.697,3.47,3.34,3.11,1.39,0.02,0.298,-1.64,-
152,2017,3,3,KIA,1,42,0.206,0.154,19.0,11.9,1.60,0.353,11.33,0.916,7.03,6.78,7.12,7.33,0.03,0.392,1.73,-
153,2017,3,4,왍,1,33,0.148,0.190,6.1,24.2,0.25,0.037,-,0.427,2.09,2.26,0.22,8.12,0.52,0.213,-4.02,-
154,2017,3,5,LG,1,34,0.129,0.150,8.8,29.4,0.30,0.097,31.00,0.432,1.37,1.32,-0.09,0.65,0.02,0.203,-4.46,-
155,2017,3,6,SK,1,36,0.242,0.320,0.0,22.2,0.00,0.031,-,0.538,2.35,2.35,1.43,2.94,0.19,0.249,-3.19,-
156,2017,3,7,庸,1,33,0.226,0.227,3.0,21.2,0.14,0.226,15.50,0.702,3.14,3.26,2.81,-0.00,0.01,0.299,-1.43,-
157,2017,3,8,온,1,34,0.212,0.250,0.0,23.5,0.00,0.152,33.00,0.599,2.52,2.52,1.78,5.81,0.01,0.263,-2.59,-
158,2017,3,9,Hero,1,34,0.167,0.208,11.8,17.6,0.67,0.133,-,0.565,2.07,2.07,1.80,3.20,0.02,0.264,-2.57,-
159,2017,3,10,홛,1,33,0.138,0.190,9.1,24.2,0.38,0.000,-,0.357,0.96,0.96,-0.68,1.81,0.02,0.183,-4.92,-
160,2017,4,1,KIA,25,957,0.281,0.322,7.3,15.8,0.46,0.114,60.29,0.739,119.17,4.91,111.06,5.95,4.22,0.333,-11.90,-
161,2017,4,2,NC,25,986,0.271,0.321,7.2,20.1,0.36,0.152,33.88,0.760,128.12,5.09,119.80,6.14,3.54,0.339,-6.89,-
162,2017,4,3,LG,25,946,0.286,0.345,7.1,18.8,0.38,0.100,60.36,0.733,110.94,4.53,110.30,5.28,4.93,0.334,-11.25,-
163,2017,4,4,SK,25,961,0.267,0.292,7.4,20.4,0.36,0.215,18.06,0.818,134.22,5.41,131.28,5.16,2.16,0.356,7.81,-
164,2017,4,5,Hero,25,1006,0.300,0.344,7.8,16.4,0.48,0.129,43.05,0.790,143.08,5.80,136.55,5.62,2.99,0.355,7.29,-
165,2017,4,6,온,25,982,0.277,0.338,10.2,20.9,0.49,0.132,38.14,0.773,128.00,5.20,129.85,5.16,3.98,0.351,3.67,-
166,2017,4,7,왍,25,1028,0.272,0.310,10.0,16.0,0.63,0.114,44.70,0.740,129.62,5.09,123.56,5.20,3.68,0.338,-8.52,-
167,2017,4,8,KT,25,895,0.229,0.270,6.8,18.8,0.36,0.092,58.00,0.606,76.18,3.11,57.59,5.05,3.08,0.276,-57.41,-
168,2017,4,9,홛,25,987,0.276,0.330,6.7,18.3,0.36,0.109,59.27,0.718,114.24,4.48,107.28,5.00,2.40,0.325,-19.53,-
169,2017,4,10,庸,25,988,0.260,0.308,7.1,19.3,0.37,0.117,42.48,0.698,107.80,4.16,98.10,5.21,2.72,0.315,-28.85,-
170,2017,5,1,KIA,26,1076,0.288,0.324,9.8,15.9,0.61,0.161,33.50,0.816,155.25,5.88,154.47,4.62,1.51,0.363,16.22,-
171,2017,5,2,왍,23,947,0.299,0.333,10.1,15.7,0.64,0.159,29.14,0.841,145.83,6.37,147.55,5.13,3.32,0.377,25.88,-
172,2017,5,3,온,24,965,0.301,0.338,7.8,15.2,0.51,0.160,32.73,0.832,140.72,5.83,145.38,4.87,3.43,0.371,21.39,-
173,2017,5,4,Hero,25,985,0.291,0.347,8.2,18.1,0.46,0.119,58.20,0.769,127.88,5.18,126.81,4.77,2.79,0.347,0.25,-
174,2017,5,5,SK,25,1009,0.266,0.300,9.6,19.4,0.50,0.178,23.08,0.792,139.76,5.52,133.40,4.99,3.08,0.351,3.76,-
175,2017,5,6,홛,25,1005,0.292,0.343,7.8,17.2,0.45,0.123,41.86,0.780,137.29,5.55,135.22,5.21,3.33,0.354,6.09,-
176,2017,5,7,NC,25,958,0.275,0.323,7.0,17.3,0.40,0.109,65.54,0.721,109.71,4.43,105.33,4.68,2.22,0.327,-17.76,-
177,2017,5,8,LG,24,908,0.278,0.332,7.6,17.8,0.43,0.096,66.83,0.719,100.75,4.25,101.51,4.78,3.56,0.329,-15.16,-
178,2017,5,9,庸,25,951,0.250,0.273,8.3,15.6,0.53,0.162,32.46,0.731,112.25,4.48,102.66,6.51,3.95,0.324,-19.53,-
179,2017,5,10,KT,26,1008,0.287,0.346,7.3,19.9,0.37,0.142,43.05,0.775,131.11,5.07,128.99,5.02,3.40,0.346,-0.53,-
180,2017,6,1,NC,25,1034,0.313,0.349,9.9,14.4,0.68,0.141,35.00,0.852,166.61,6.86,167.37,5.21,4.27,0.384,34.52,-
181,2017,6,2,SK,26,983,0.256,0.267,8.1,18.1,0.45,0.223,17.34,0.814,139.49,5.56,134.14,4.11,1.32,0.356,7.84,-
182,2017,6,3,KIA,24,1016,0.341,0.374,9.1,13.8,0.66,0.188,29.73,0.936,194.52,8.32,190.56,6.02,2.54,0.412,60.02,-
183,2017,6,4,Hero,25,983,0.301,0.348,8.2,17.3,0.48,0.141,40.00,0.805,138.88,5.66,137.57,5.14,3.45,0.360,11.27,-
184,2017,6,5,庸,26,1031,0.286,0.321,7.2,16.2,0.44,0.160,36.80,0.790,146.80,5.69,135.49,6.88,4.40,0.350,3.03,-
185,2017,6,6,LG,24,1001,0.303,0.363,8.9,18.8,0.47,0.142,45.63,0.821,148.38,6.10,146.67,5.93,2.64,0.367,18.06,-
186,2017,6,7,홛,25,1005,0.307,0.330,7.6,14.7,0.51,0.194,23.84,0.871,160.38,6.43,161.27,5.25,2.77,0.382,32.14,-
187,2017,6,8,왍,25,1029,0.304,0.335,9.0,16.2,0.56,0.195,24.00,0.874,172.28,6.95,167.12,5.01,2.47,0.384,34.91,-
188,2017,6,9,온,25,1019,0.285,0.324,7.8,17.5,0.44,0.158,28.28,0.797,139.67,5.43,138.43,4.52,2.28,0.355,7.50,-
189,2017,6,10,KT,25,976,0.280,0.323,6.7,16.6,0.40,0.125,51.82,0.738,116.51,4.58,111.33,4.92,3.36,0.331,-14.07,-
190,2017,7,1,왍,20,800,0.311,0.340,7.4,16.0,0.46,0.201,23.90,0.879,132.95,6.76,129.21,5.23,2.25,0.383,26.42,-
191,2017,7,2,KIA,21,895,0.316,0.343,8.4,16.2,0.52,0.214,19.78,0.913,163.43,7.69,155.81,5.71,3.03,0.397,40.81,-
192,2017,7,3,LG,19,730,0.295,0.318,7.3,15.1,0.48,0.167,26.58,0.820,105.62,5.77,104.42,4.52,1.23,0.363,10.63,-
193,2017,7,4,Hero,22,879,0.296,0.339,9.4,18.3,0.52,0.184,24.74,0.857,140.77,6.67,139.01,4.75,1.71,0.380,26.07,-
194,2017,7,5,온,22,854,0.260,0.308,8.1,18.5,0.44,0.120,46.44,0.720,95.91,4.33,92.09,4.41,2.95,0.324,-17.64,-
195,2017,7,6,庸,22,856,0.279,0.325,7.5,18.8,0.40,0.142,36.00,0.764,111.24,5.11,106.36,5.05,2.97,0.342,-3.63,-
196,2017,7,7,NC,20,833,0.305,0.349,9.6,16.0,0.60,0.156,35.60,0.849,130.00,6.50,132.27,4.84,2.53,0.380,25.24,-
197,2017,7,8,SK,23,890,0.265,0.289,9.1,18.5,0.49,0.190,20.39,0.804,124.31,5.55,120.82,4.75,2.32,0.355,6.47,-
198,2017,7,9,홛,20,761,0.289,0.317,6.7,16.8,0.40,0.186,23.07,0.816,107.51,5.48,105.54,4.11,2.36,0.358,7.76,-
199,2017,7,10,KT,19,706,0.253,0.294,8.6,16.2,0.54,0.112,61.70,0.694,75.51,4.08,71.10,4.37,2.67,0.316,-19.61,-
200,2017,8,1,왍,27,1054,0.297,0.331,8.4,15.2,0.56,0.163,33.11,0.828,155.11,5.96,155.03,4.31,1.81,0.367,19.61,-
201,2017,8,2,온,27,1068,0.294,0.336,8.0,18.5,0.43,0.167,26.33,0.819,158.05,5.95,149.78,5.34,4.80,0.360,12.56,-
202,2017,8,3,홛,23,896,0.297,0.339,7.7,16.3,0.47,0.146,35.91,0.806,128.60,5.80,125.62,5.09,2.53,0.360,10.50,-
203,2017,8,4,Hero,26,1026,0.286,0.341,8.5,20.3,0.42,0.158,33.96,0.797,145.19,5.66,139.65,5.41,3.44,0.355,7.82,-
204,2017,8,5,SK,25,945,0.286,0.332,5.8,19.4,0.30,0.163,30.39,0.788,128.16,5.28,122.83,4.95,2.66,0.349,1.41,-
205,2017,8,6,KIA,21,827,0.296,0.331,8.7,15.6,0.56,0.161,33.00,0.823,122.04,5.95,120.83,5.07,2.98,0.366,14.57,-
206,2017,8,7,NC,27,1051,0.275,0.315,7.3,17.7,0.41,0.157,34.74,0.774,142.84,5.38,133.23,5.60,4.58,0.345,-1.81,-
207,2017,8,8,LG,24,941,0.270,0.322,8.1,18.8,0.43,0.110,46.11,0.722,111.01,4.65,104.84,4.43,2.90,0.328,-16.06,-
208,2017,8,9,KT,24,929,0.292,0.335,7.3,18.4,0.40,0.171,28.45,0.819,135.83,5.82,132.87,5.10,3.52,0.363,13.50,-
209,2017,8,10,庸,24,976,0.306,0.353,7.7,16.7,0.46,0.138,39.64,0.812,144.87,6.09,139.58,5.78,3.30,0.363,14.18,-
210,2017,9,1,온,19,717,0.300,0.343,6.4,16.7,0.38,0.142,35.94,0.798,100.00,5.54,98.24,4.52,2.22,0.356,6.11,-
211,2017,9,2,왍,21,863,0.292,0.342,10.5,20.0,0.53,0.174,23.97,0.842,134.55,6.48,131.68,5.04,2.04,0.373,20.80,-
212,2017,9,3,SK,18,702,0.299,0.355,5.8,23.6,0.25,0.210,19.33,0.854,111.17,6.29,106.14,4.52,0.83,0.372,15.94,-
213,2017,9,4,NC,20,836,0.324,0.352,8.0,15.6,0.52,0.192,20.58,0.904,150.63,7.64,144.75,4.62,2.36,0.396,37.33,-
214,2017,9,5,KT,21,802,0.292,0.345,4.7,21.0,0.23,0.159,32.13,0.781,106.96,5.14,100.44,5.54,1.89,0.343,-2.60,-
215,2017,9,6,KIA,23,909,0.300,0.325,7.2,14.4,0.50,0.156,28.07,0.813,132.15,5.82,128.37,4.86,2.55,0.361,11.58,-
216,2017,9,7,LG,25,980,0.267,0.310,8.0,18.3,0.44,0.107,41.05,0.709,109.85,4.35,103.07,4.16,1.77,0.321,-22.85,-
217,2017,9,8,홛,23,884,0.267,0.320,7.6,20.2,0.37,0.140,37.24,0.742,107.69,4.74,102.21,4.24,1.47,0.333,-11.37,-
218,2017,9,9,庸,19,789,0.291,0.323,7.1,17.0,0.42,0.177,27.23,0.811,116.59,5.91,106.98,6.05,2.88,0.355,5.61,-
219,2017,9,10,Hero,19,754,0.262,0.316,6.5,22.0,0.30,0.151,31.18,0.736,90.31,4.59,84.25,5.34,1.69,0.328,-12.63,-
220,2017,10,1,庸,2,83,0.306,0.339,12.0,14.5,0.83,0.208,36.00,0.900,14.98,7.78,14.26,5.85,0.06,0.395,3.60,-
221,2017,10,2,SK,1,38,0.229,0.296,7.9,21.0,0.38,0.028,-,0.546,2.98,2.98,1.87,4.37,0.19,0.260,-3.01,-
222,2017,10,3,온,1,32,0.214,0.250,6.2,12.5,0.50,0.107,-,0.588,2.64,2.97,1.78,4.31,0.01,0.267,-2.33,-
223,2017,10,4,KIA,3,119,0.262,0.284,10.1,16.0,0.63,0.194,25.75,0.798,16.92,5.64,15.95,5.23,0.42,0.353,0.66,-
224,2017,10,5,왍,2,79,0.242,0.250,10.1,13.9,0.73,0.137,22.00,0.730,9.15,4.57,9.43,1.66,0.07,0.337,-0.72,-
225,2017,10,6,KT,3,132,0.371,0.438,3.8,18.9,0.20,0.153,31.00,0.926,26.22,8.74,24.46,4.03,0.29,0.409,7.50,-
226,2017,10,7,Hero,1,45,0.366,0.462,8.9,26.7,0.33,0.293,13.67,1.081,11.22,11.22,10.53,2.15,0.04,0.463,4.75,-
227,2017,10,8,홛,2,94,0.276,0.270,6.4,10.6,0.60,0.161,21.75,0.756,12.71,5.36,10.48,3.41,0.07,0.328,-1.60,-
228,2017,10,9,LG,2,74,0.232,0.288,4.0,23.0,0.18,0.130,69.00,0.632,7.18,3.59,5.14,4.95,0.04,0.282,-4.37,-
229,2017,10,10,NC,1,54,0.333,0.385,7.4,14.8,0.50,0.084,48.00,0.824,8.18,6.49,8.58,3.77,0.22,0.380,1.64,-
230,2018,3,1,NC,7,269,0.283,0.314,8.6,15.2,0.56,0.130,38.33,0.781,36.62,5.56,36.15,5.16,0.90,0.353,1.59,-
231,2018,3,2,Hero,7,299,0.294,0.359,10.0,21.7,0.46,0.173,25.50,0.849,46.99,6.54,46.77,3.78,0.91,0.378,8.36,-
232,2018,3,3,SK,7,273,0.274,0.315,10.3,22.3,0.46,0.211,18.54,0.840,42.21,6.19,40.49,4.99,1.54,0.369,5.41,-
233,2018,3,4,왍,7,262,0.261,0.307,8.8,18.7,0.47,0.151,45.20,0.752,33.75,5.06,31.68,7.29,1.36,0.339,-1.99,-
234,2018,3,5,KIA,7,280,0.314,0.354,9.3,18.6,0.50,0.227,20.17,0.931,51.99,7.80,51.04,5.14,1.22,0.406,15.07,-
235,2018,3,6,KT,7,280,0.313,0.347,6.1,20.0,0.30,0.233,16.38,0.901,51.08,7.45,46.93,4.83,1.03,0.390,10.96,-
236,2018,3,7,홛,7,267,0.275,0.328,6.7,19.5,0.35,0.123,40.67,0.735,31.79,4.59,31.08,4.75,1.21,0.334,-3.23,-
237,2018,3,8,LG,7,270,0.261,0.300,8.2,17.8,0.46,0.133,40.17,0.719,31.08,4.42,28.75,3.24,0.52,0.323,-5.94,-
238,2018,3,9,庸,7,277,0.252,0.302,7.6,19.5,0.39,0.092,50.00,0.658,27.34,3.73,23.87,4.17,0.87,0.300,-11.72,-
239,2018,3,10,온,7,253,0.196,0.258,9.5,25.3,0.38,0.094,74.67,0.565,18.29,2.58,13.17,3.38,0.49,0.263,-19.34,-
240,2018,4,1,왍,23,934,0.293,0.343,9.0,19.2,0.47,0.174,30.30,0.831,145.20,6.36,137.03,6.52,4.03,0.367,17.02,-
241,2018,4,2,LG,24,949,0.308,0.355,8.4,18.0,0.47,0.163,28.93,0.845,145.78,6.26,145.09,4.39,2.92,0.374,23.15,-
242,2018,4,3,SK,23,943,0.292,0.330,9.8,19.9,0.49,0.226,18.59,0.891,159.07,6.91,157.39,5.09,3.87,0.389,36.22,-
243,2018,4,4,온,22,885,0.302,0.357,7.8,20.1,0.39,0.165,28.00,0.836,136.23,6.32,133.89,4.27,1.88,0.372,20.18,-
244,2018,4,5,홛,22,845,0.279,0.333,7.9,19.9,0.40,0.133,39.63,0.758,109.28,5.12,103.15,5.63,3.14,0.340,-5.42,-
245,2018,4,6,KT,24,950,0.283,0.322,8.8,18.6,0.48,0.189,25.85,0.823,141.24,5.91,136.34,5.47,4.00,0.363,14.28,-
246,2018,4,7,KIA,21,814,0.289,0.321,7.0,15.5,0.45,0.153,30.38,0.791,108.32,5.20,107.70,4.01,1.94,0.351,3.11,-
247,2018,4,8,庸,24,987,0.277,0.334,8.7,19.6,0.45,0.130,43.45,0.758,126.53,5.07,123.86,5.10,4.10,0.344,-2.95,-
248,2018,4,9,Hero,25,956,0.249,0.307,8.5,22.0,0.39,0.122,44.79,0.691,103.49,4.15,92.36,4.98,2.33,0.312,-30.48,-
249,2018,4,10,NC,24,874,0.229,0.278,5.6,22.0,0.26,0.108,44.61,0.618,75.07,3.09,59.53,4.61,2.88,0.280,-52.76,-
250,2018,5,1,홛,25,949,0.271,0.310,7.4,17.7,0.42,0.137,35.54,0.741,110.96,4.45,109.20,4.40,2.53,0.332,-12.73,-
251,2018,5,2,왍,23,926,0.294,0.338,6.8,17.5,0.39,0.163,40.05,0.804,135.88,5.92,126.13,6.29,1.99,0.355,7.16,-
252,2018,5,3,Hero,25,1014,0.305,0.352,7.2,19.3,0.37,0.186,24.70,0.856,169.16,6.88,157.76,6.63,4.94,0.377,27.48,-
253,2018,5,4,庸,25,976,0.303,0.335,7.3,15.0,0.49,0.154,34.64,0.817,141.17,5.75,138.99,5.56,3.91,0.362,13.58,-
254,2018,5,5,KIA,26,1044,0.313,0.343,8.1,14.8,0.55,0.174,27.32,0.865,170.86,6.75,167.56,5.34,3.85,0.382,33.43,-
255,2018,5,6,LG,26,1019,0.306,0.355,6.7,17.2,0.39,0.133,48.37,0.793,144.68,5.71,135.48,5.55,3.11,0.352,4.55,-
256,2018,5,7,온,24,921,0.282,0.338,7.5,20.1,0.37,0.156,37.59,0.779,120.26,5.08,116.74,4.72,2.14,0.345,-1.60,-
257,2018,5,8,SK,23,887,0.276,0.310,7.0,17.9,0.39,0.163,26.57,0.778,118.64,5.25,113.87,4.56,1.82,0.347,-0.09,-
258,2018,5,9,KT,24,941,0.274,0.319,7.4,18.8,0.40,0.157,35.17,0.770,120.89,5.01,116.87,4.34,1.49,0.342,-4.04,-
259,2018,5,10,NC,25,960,0.253,0.302,7.7,21.7,0.36,0.148,31.96,0.720,113.51,4.57,101.89,4.66,2.16,0.322,-21.46,-
260,2018,6,1,왍,26,1066,0.332,0.360,8.4,15.6,0.54,0.215,20.00,0.943,201.94,8.02,198.54,4.96,3.04,0.410,61.58,-
261,2018,6,2,홛,26,999,0.268,0.320,8.3,21.3,0.39,0.164,29.70,0.771,134.20,5.25,125.35,6.34,6.71,0.344,-3.01,-
262,2018,6,3,LG,24,922,0.289,0.341,7.8,20.2,0.39,0.157,31.54,0.799,127.60,5.44,125.80,5.00,4.20,0.356,7.34,-
263,2018,6,4,SK,24,901,0.267,0.288,7.8,19.4,0.40,0.218,17.58,0.827,133.04,5.80,128.49,5.50,3.29,0.362,12.73,-
264,2018,6,5,온,25,1069,0.295,0.320,9.0,18.3,0.49,0.225,17.37,0.888,182.62,7.02,173.82,5.32,3.12,0.384,36.46,-
265,2018,6,6,Hero,25,1023,0.292,0.357,8.0,20.8,0.38,0.132,43.48,0.781,144.85,5.79,133.45,5.87,3.96,0.349,2.01,-
266,2018,6,7,KIA,22,854,0.271,0.304,8.6,16.7,0.51,0.152,31.21,0.767,107.67,4.89,104.73,4.70,2.78,0.340,-4.99,-
267,2018,6,8,庸,25,985,0.283,0.326,8.4,16.6,0.51,0.141,41.57,0.778,135.71,5.56,129.30,5.89,3.26,0.350,2.75,-
268,2018,6,9,NC,25,919,0.254,0.307,8.7,20.1,0.43,0.119,44.67,0.708,102.64,4.31,98.84,4.73,3.86,0.324,-19.24,-
269,2018,6,10,KT,24,886,0.252,0.295,7.2,21.1,0.34,0.157,28.50,0.724,100.02,4.23,93.79,5.15,2.92,0.322,-20.05,-
270,2018,7,1,庸,22,895,0.302,0.345,7.4,16.9,0.44,0.132,36.32,0.795,125.05,5.60,122.02,5.51,3.73,0.356,7.02,-
271,2018,7,2,왍,21,860,0.326,0.366,7.4,17.2,0.43,0.183,23.94,0.892,150.54,7.31,146.32,5.03,2.88,0.393,35.82,-
272,2018,7,3,KT,21,819,0.288,0.322,8.4,20.5,0.41,0.215,17.93,0.854,126.39,6.07,123.93,4.82,3.26,0.372,18.70,-
273,2018,7,4,SK,22,869,0.289,0.325,9.2,18.6,0.49,0.189,22.97,0.841,136.42,6.36,130.50,5.68,5.00,0.371,18.84,-
274,2018,7,5,NC,22,856,0.259,0.307,8.2,18.7,0.44,0.121,50.53,0.710,97.65,4.42,88.55,5.56,3.44,0.319,-21.43,-
275,2018,7,6,Hero,23,906,0.262,0.306,9.3,21.1,0.44,0.167,28.39,0.766,118.99,5.17,110.54,5.00,3.14,0.340,-5.86,-
276,2018,7,7,LG,22,892,0.299,0.335,6.6,16.4,0.40,0.164,28.93,0.819,131.86,5.93,128.24,4.62,2.18,0.364,13.63,-
277,2018,7,8,홛,22,857,0.288,0.364,6.6,22.6,0.29,0.119,51.93,0.751,108.89,4.98,102.61,5.21,4.14,0.337,-7.50,-
278,2018,7,9,온,21,835,0.295,0.346,7.3,20.0,0.36,0.180,27.89,0.829,125.60,6.02,121.55,5.01,1.94,0.366,14.27,-
279,2018,7,10,KIA,22,843,0.278,0.318,8.1,16.7,0.48,0.134,41.39,0.758,107.87,5.04,103.94,5.82,2.98,0.341,-4.37,-
280,2018,8,1,Hero,13,575,0.388,0.448,8.4,17.2,0.48,0.189,26.74,1.020,129.34,10.18,125.92,5.49,3.05,0.446,52.04,-
281,2018,8,2,온,11,430,0.310,0.353,7.0,18.4,0.38,0.194,24.19,0.870,71.91,6.86,68.04,5.15,1.31,0.380,12.79,-
282,2018,8,3,NC,13,531,0.307,0.344,7.2,19.6,0.36,0.244,18.42,0.915,95.04,7.31,91.56,4.75,0.87,0.395,23.33,-
283,2018,8,4,왍,13,516,0.301,0.341,9.3,16.7,0.56,0.150,32.00,0.825,78.19,6.26,76.56,4.54,1.27,0.369,10.26,-
284,2018,8,5,KIA,12,526,0.352,0.373,8.8,12.7,0.69,0.234,19.74,1.010,114.61,9.70,111.88,5.73,1.62,0.440,44.30,-
285,2018,8,6,SK,13,542,0.302,0.328,9.0,15.3,0.59,0.193,22.05,0.886,92.48,7.26,92.60,4.83,1.29,0.393,22.96,-
286,2018,8,7,庸,13,513,0.285,0.327,8.8,18.7,0.47,0.152,29.73,0.795,71.25,5.53,69.95,6.28,2.41,0.356,4.04,-
287,2018,8,8,홛,12,457,0.268,0.303,9.0,16.6,0.54,0.153,30.69,0.774,58.57,5.00,59.27,4.85,2.18,0.348,0.56,-
288,2018,8,9,KT,13,483,0.250,0.291,9.3,23.6,0.40,0.185,21.40,0.754,59.84,4.72,55.19,3.97,1.15,0.331,-6.87,-
289,2018,8,10,LG,13,527,0.308,0.336,7.6,15.4,0.49,0.191,26.17,0.864,85.25,6.56,83.05,4.56,1.39,0.379,15.34,-
290,2018,9,1,왍,24,1022,0.314,0.347,9.8,16.6,0.59,0.191,22.10,0.898,187.39,7.96,175.96,6.37,4.87,0.395,44.65,-
291,2018,9,2,KIA,23,941,0.294,0.328,12.3,14.8,0.84,0.141,36.05,0.824,143.44,6.47,141.08,5.68,3.49,0.370,20.18,-
292,2018,9,3,SK,24,941,0.276,0.314,7.3,19.0,0.38,0.170,24.71,0.790,131.16,5.52,124.95,5.58,3.03,0.352,4.05,-
293,2018,9,4,Hero,23,885,0.261,0.321,7.5,23.6,0.32,0.157,30.54,0.745,111.47,4.91,100.79,5.41,2.43,0.331,-12.92,-
294,2018,9,5,홛,24,939,0.277,0.318,6.9,19.8,0.35,0.172,24.31,0.788,129.12,5.40,122.02,5.24,3.67,0.349,1.37,-
295,2018,9,6,庸,24,961,0.275,0.325,8.5,20.3,0.42,0.152,30.50,0.772,130.28,5.39,122.12,6.04,4.73,0.345,-1.35,-
296,2018,9,7,온,22,899,0.294,0.343,9.1,20.2,0.45,0.192,22.74,0.856,144.41,6.59,141.85,4.96,3.20,0.379,26.34,-
297,2018,9,8,NC,23,883,0.282,0.317,8.7,17.7,0.49,0.159,27.86,0.792,118.98,5.29,117.14,4.97,2.84,0.351,3.69,-
298,2018,9,9,LG,24,930,0.269,0.315,7.0,18.2,0.38,0.126,46.22,0.724,107.83,4.46,101.05,4.37,1.66,0.325,-18.44,-
299,2018,9,10,KT,23,927,0.279,0.313,9.6,17.9,0.54,0.168,24.79,0.799,131.60,5.69,125.12,5.06,2.86,0.354,6.01,-
300,2018,10,1,庸,4,172,0.362,0.413,8.1,19.8,0.41,0.263,15.20,1.052,40.64,10.55,38.94,6.06,0.82,0.455,16.84,-
301,2018,10,2,LG,4,156,0.268,0.300,7.7,16.0,0.48,0.138,34.50,0.748,20.18,5.19,18.78,4.00,0.29,0.338,-1.26,-
302,2018,10,3,KT,8,319,0.278,0.321,8.2,19.8,0.41,0.180,26.18,0.799,44.48,5.48,42.78,3.83,0.55,0.353,1.79,-
303,2018,10,4,온,12,472,0.278,0.328,8.7,22.5,0.39,0.185,23.39,0.807,64.49,5.31,63.66,3.38,1.50,0.354,3.01,-
304,2018,10,5,왍,7,284,0.316,0.387,8.8,19.7,0.45,0.107,50.60,0.807,40.45,5.84,41.24,3.47,1.26,0.365,4.75,-
305,2018,10,6,홛,6,226,0.272,0.301,8.4,18.1,0.46,0.183,22.44,0.791,29.43,5.00,29.54,2.53,0.16,0.349,0.50,-
306,2018,10,7,NC,5,196,0.258,0.295,8.2,17.9,0.46,0.135,35.60,0.714,22.33,4.37,20.61,3.34,0.31,0.321,-4.58,-
307,2018,10,8,KIA,11,442,0.268,0.308,7.2,18.8,0.39,0.140,30.38,0.741,52.90,4.61,50.57,4.27,1.16,0.331,-6.22,-
308,2018,10,9,Hero,3,122,0.324,0.369,6.6,19.7,0.33,0.262,22.20,0.955,23.72,8.01,22.55,6.08,0.25,0.409,6.88,-
309,2018,10,10,SK,8,326,0.268,0.315,10.1,22.1,0.46,0.158,21.85,0.781,46.88,5.86,43.34,5.22,2.27,0.352,1.45,-
310,2019,3,1,왍,8,292,0.246,0.283,12.7,16.4,0.77,0.111,42.00,0.706,29.68,3.87,32.61,1.97,0.75,0.328,-4.90,-
311,2019,3,2,SK,8,289,0.217,0.253,8.0,21.1,0.38,0.151,32.25,0.661,28.40,3.60,24.37,5.36,1.51,0.298,-12.77,-
312,2019,3,3,NC,8,303,0.258,0.276,8.2,18.8,0.44,0.196,18.07,0.788,39.24,4.97,38.95,3.41,0.55,0.347,0.01,-
313,2019,3,4,LG,8,308,0.210,0.254,10.1,20.4,0.49,0.104,54.20,0.613,26.80,3.23,22.13,3.76,1.21,0.285,-17.44,-
314,2019,3,5,홛,8,332,0.297,0.357,12.6,19.9,0.64,0.167,34.50,0.859,52.52,6.63,53.91,4.20,1.28,0.384,11.25,-
315,2019,3,6,庸,8,332,0.268,0.302,11.8,20.2,0.58,0.200,20.00,0.834,50.16,6.16,49.34,4.91,1.10,0.369,6.69,-
316,2019,3,7,온,8,308,0.252,0.303,8.4,19.5,0.43,0.118,67.50,0.687,33.78,4.18,29.37,5.31,1.21,0.310,-10.20,-
317,2019,3,8,Hero,8,317,0.237,0.292,10.1,20.2,0.50,0.094,69.50,0.652,31.64,3.87,27.45,4.11,0.73,0.301,-13.28,-
318,2019,3,9,KIA,8,307,0.234,0.289,11.4,20.2,0.56,0.109,66.25,0.673,32.26,4.11,29.81,4.63,0.73,0.312,-9.63,-
319,2019,3,10,KT,8,327,0.282,0.352,9.2,22.3,0.41,0.099,41.57,0.734,41.59,5.15,38.00,4.34,1.61,0.333,-4.02,-
320,2019,4,1,Hero,24,988,0.309,0.360,10.3,16.5,0.63,0.137,50.82,0.829,153.13,6.49,149.12,6.19,4.50,0.372,22.18,-
321,2019,4,2,LG,22,872,0.277,0.317,9.3,15.7,0.59,0.114,50.80,0.741,104.69,4.68,103.47,5.07,3.86,0.336,-8.57,-
322,2019,4,3,SK,23,912,0.245,0.286,9.5,19.4,0.49,0.127,36.41,0.699,104.70,4.50,92.54,5.43,3.17,0.317,-24.64,-
323,2019,4,4,왍,24,954,0.284,0.320,11.4,15.7,0.73,0.154,40.45,0.810,137.69,5.91,135.35,6.26,3.27,0.362,12.77,-
324,2019,4,5,NC,22,883,0.298,0.342,7.0,17.7,0.40,0.164,34.26,0.820,127.04,5.71,126.64,4.48,2.32,0.363,13.18,-
325,2019,4,6,홛,21,790,0.252,0.313,8.7,22.0,0.40,0.113,49.93,0.689,82.21,3.94,76.68,4.09,3.06,0.312,-24.83,-
326,2019,4,7,온,22,860,0.268,0.324,8.7,19.3,0.45,0.107,54.29,0.716,99.68,4.58,93.86,4.73,1.34,0.326,-16.64,-
327,2019,4,8,KIA,22,882,0.267,0.320,9.0,18.9,0.47,0.122,55.64,0.726,106.63,4.77,97.62,5.72,2.81,0.327,-15.71,-
328,2019,4,9,KT,24,898,0.246,0.293,7.6,19.3,0.39,0.097,50.81,0.652,86.01,3.58,75.34,4.49,2.98,0.298,-40.04,-
329,2019,4,10,庸,22,879,0.262,0.314,8.8,19.1,0.46,0.122,59.31,0.716,104.30,4.63,94.11,5.89,3.96,0.323,-18.83,-
330,2019,5,1,SK,26,1028,0.269,0.310,8.0,17.2,0.46,0.118,39.74,0.728,124.17,4.74,115.52,6.11,5.63,0.329,-16.56,-
331,2019,5,2,왍,26,1025,0.272,0.312,10.5,15.6,0.68,0.111,59.13,0.738,126.93,4.95,121.91,5.64,4.50,0.336,-9.78,-
332,2019,5,3,KT,26,1012,0.283,0.334,9.0,17.4,0.52,0.108,55.75,0.746,125.70,4.95,122.68,4.95,3.15,0.339,-7.35,-
333,2019,5,4,庸,26,1004,0.270,0.311,8.5,17.0,0.50,0.123,46.16,0.733,119.81,4.62,112.85,5.80,4.75,0.329,-16.15,-
334,2019,5,5,KIA,27,1031,0.269,0.306,8.4,14.8,0.57,0.112,61.07,0.716,121.20,4.59,111.46,5.62,3.93,0.324,-21.01,-
335,2019,5,6,NC,26,1049,0.296,0.334,7.7,15.4,0.50,0.132,42.09,0.786,144.45,5.52,139.61,5.71,3.67,0.352,4.83,-
336,2019,5,7,LG,26,970,0.256,0.312,7.0,19.0,0.37,0.082,87.60,0.656,95.05,3.72,84.84,4.93,2.72,0.302,-39.79,-
337,2019,5,8,Hero,27,1030,0.276,0.312,8.2,16.0,0.52,0.139,40.04,0.759,130.88,4.98,127.15,5.71,3.12,0.341,-5.19,-
338,2019,5,9,홛,27,1014,0.241,0.284,7.8,18.7,0.42,0.113,47.74,0.663,103.08,3.82,88.57,5.89,5.37,0.302,-41.72,-
339,2019,5,10,온,27,1093,0.274,0.333,8.8,19.8,0.44,0.109,53.56,0.730,133.91,4.88,126.33,5.85,3.88,0.333,-14.10,-
340,2019,6,1,Hero,25,977,0.273,0.316,9.0,17.7,0.51,0.136,38.91,0.755,128.52,5.24,118.87,5.95,4.74,0.339,-6.66,-
341,2019,6,2,SK,25,1003,0.299,0.337,8.2,14.7,0.56,0.125,46.63,0.793,141.17,5.78,138.29,4.63,1.83,0.357,9.41,-
342,2019,6,3,LG,25,989,0.270,0.305,7.5,15.3,0.49,0.116,48.94,0.718,116.54,4.57,104.91,5.45,4.71,0.322,-22.16,-
343,2019,6,4,KT,25,981,0.290,0.330,9.0,16.1,0.56,0.107,43.50,0.752,125.60,5.11,120.24,5.09,4.32,0.340,-5.80,-
344,2019,6,5,왍,25,962,0.271,0.314,10.5,14.9,0.71,0.083,103.75,0.708,110.11,4.57,106.03,4.18,2.97,0.327,-17.58,-
345,2019,6,6,庸,24,922,0.276,0.310,7.7,16.8,0.46,0.161,30.37,0.778,121.86,5.15,117.30,5.16,3.48,0.346,-1.16,-
346,2019,6,7,온,24,944,0.244,0.284,9.5,17.1,0.56,0.093,55.20,0.661,93.51,3.78,85.55,4.80,3.06,0.305,-35.74,-
347,2019,6,8,KIA,25,965,0.270,0.321,10.2,17.2,0.59,0.098,76.55,0.719,111.42,4.55,109.92,4.87,3.62,0.331,-14.07,-
348,2019,6,9,NC,24,894,0.253,0.290,8.6,16.6,0.52,0.107,52.93,0.681,92.08,3.90,84.03,3.94,2.15,0.309,-30.83,-
349,2019,6,10,홛,24,940,0.247,0.317,9.9,23.2,0.43,0.100,62.69,0.676,98.65,4.04,89.25,5.68,4.36,0.310,-31.53,-
350,2019,7,1,Hero,19,707,0.280,0.327,7.2,17.3,0.42,0.137,53.00,0.756,89.64,4.94,85.68,7.17,2.52,0.339,-5.16,-
351,2019,7,2,SK,19,726,0.275,0.309,8.5,15.3,0.56,0.124,43.13,0.740,89.42,4.79,84.12,5.16,4.71,0.333,-9.16,-
352,2019,7,3,KT,18,712,0.299,0.340,8.7,15.0,0.58,0.107,62.30,0.768,93.75,5.28,92.09,5.45,2.60,0.348,0.61,-
353,2019,7,4,NC,19,764,0.287,0.321,8.9,14.5,0.61,0.129,47.57,0.774,100.97,5.26,99.26,4.86,3.27,0.348,1.10,-
354,2019,7,5,왍,17,676,0.261,0.285,8.1,13.2,0.62,0.114,58.60,0.703,76.50,4.40,69.46,4.89,1.00,0.319,-17.40,-
355,2019,7,6,KIA,16,611,0.264,0.300,11.5,16.0,0.71,0.112,43.92,0.730,73.75,4.84,71.17,4.11,1.84,0.334,-7.33,-
356,2019,7,7,LG,18,671,0.261,0.300,8.0,17.1,0.47,0.122,45.77,0.710,75.79,4.32,70.69,5.43,2.66,0.321,-15.53,-
357,2019,7,8,庸,19,726,0.257,0.287,8.3,16.0,0.52,0.149,35.72,0.737,87.90,4.67,83.74,5.49,3.02,0.332,-9.54,-
358,2019,7,9,온,18,660,0.228,0.285,7.9,23.6,0.33,0.114,49.42,0.636,61.76,3.46,49.67,5.21,2.59,0.288,-35.13,-
359,2019,7,10,홛,19,713,0.253,0.293,6.4,17.8,0.36,0.116,46.79,0.675,73.04,3.82,63.83,4.80,2.31,0.304,-27.78,-
360,2019,8,1,왍,24,961,0.302,0.325,9.2,12.1,0.76,0.140,41.95,0.812,143.75,6.13,137.78,6.83,5.12,0.363,14.30,-
361,2019,8,2,KT,25,982,0.274,0.317,8.6,16.7,0.51,0.110,45.95,0.726,117.04,4.69,110.70,5.29,3.28,0.330,-15.47,-
362,2019,8,3,Hero,25,1029,0.303,0.332,10.5,13.8,0.76,0.166,33.07,0.850,163.85,6.61,162.35,5.87,4.36,0.379,30.14,-
363,2019,8,4,LG,24,946,0.297,0.348,7.5,17.0,0.44,0.106,55.87,0.763,123.77,5.26,119.72,5.18,2.95,0.345,-1.83,-
364,2019,8,5,SK,25,920,0.255,0.308,7.4,18.7,0.40,0.092,92.11,0.663,94.02,3.88,82.09,5.86,3.99,0.304,-36.12,-
365,2019,8,6,NC,24,929,0.265,0.288,9.3,13.2,0.70,0.139,42.32,0.746,114.26,4.81,110.40,5.64,2.86,0.336,-8.96,-
366,2019,8,7,KIA,26,986,0.267,0.305,8.4,14.8,0.57,0.103,73.25,0.704,112.26,4.44,103.07,4.94,3.74,0.321,-23.62,-
367,2019,8,8,홛,24,889,0.261,0.311,5.6,18.2,0.31,0.092,73.82,0.667,87.65,3.69,79.99,5.09,2.98,0.305,-34.23,-
368,2019,8,9,온,25,912,0.251,0.293,5.3,18.9,0.28,0.131,44.37,0.682,93.41,3.79,82.37,4.23,1.58,0.305,-34.81,-
369,2019,8,10,庸,22,818,0.225,0.257,9.0,15.6,0.58,0.086,71.40,0.616,73.17,3.36,60.52,5.22,2.76,0.287,-44.59,-
370,2019,9,1,NC,20,764,0.269,0.298,7.2,15.3,0.47,0.142,33.80,0.743,94.96,4.80,88.34,5.96,3.55,0.333,-9.82,-
371,2019,9,2,왍,19,758,0.276,0.306,8.6,11.5,0.75,0.061,134.00,0.677,83.25,4.34,73.63,5.81,3.96,0.312,-23.77,-
372,2019,9,3,Hero,15,572,0.250,0.302,7.9,18.4,0.43,0.073,72.57,0.646,54.84,3.65,49.14,4.28,2.61,0.300,-24.35,-
373,2019,9,4,홛,21,804,0.269,0.327,7.7,19.0,0.40,0.082,79.78,0.684,86.44,4.19,79.86,4.61,2.14,0.315,-23.44,-
374,2019,9,5,LG,21,780,0.258,0.303,7.0,19.4,0.36,0.133,39.17,0.710,88.20,4.28,80.73,4.79,3.87,0.319,-19.49,-
375,2019,9,6,KT,18,670,0.272,0.317,7.8,18.4,0.42,0.124,40.20,0.730,82.20,4.77,75.48,5.64,3.84,0.329,-10.60,-
376,2019,9,7,KIA,20,723,0.253,0.300,6.2,17.4,0.36,0.080,83.38,0.640,64.94,3.31,58.24,3.99,2.03,0.294,-34.66,-
377,2019,9,8,SK,18,664,0.236,0.263,9.0,18.2,0.50,0.137,27.81,0.688,70.03,3.96,63.34,4.31,2.80,0.310,-21.98,-
378,2019,9,9,庸,23,852,0.235,0.275,8.4,20.1,0.42,0.133,36.24,0.674,86.30,3.78,76.45,4.80,2.74,0.304,-33.02,-
379,2019,9,10,온,19,674,0.219,0.272,6.2,21.5,0.29,0.088,78.13,0.579,49.28,2.59,36.57,2.71,1.07,0.265,-50.02,-
380,2020,5,1,NC,23,934,0.296,0.332,8.8,17.8,0.49,0.186,23.26,0.853,150.85,6.69,144.51,5.91,3.23,0.376,24.50,-
381,2020,5,2,LG,23,895,0.294,0.333,9.2,16.9,0.54,0.174,30.38,0.834,134.84,6.08,133.03,5.87,3.35,0.369,18.03,-
382,2020,5,3,왍,23,934,0.299,0.330,8.4,15.2,0.55,0.145,35.83,0.805,129.50,5.52,129.21,4.47,1.91,0.358,9.20,-
383,2020,5,4,KIA,24,953,0.276,0.315,9.6,16.9,0.57,0.135,36.39,0.763,124.18,5.21,120.03,4.06,2.42,0.344,-2.42,-
384,2020,5,5,Hero,24,949,0.268,0.311,10.3,18.6,0.55,0.151,34.50,0.770,128.75,5.47,120.79,5.78,3.39,0.346,-1.15,-
385,2020,5,6,온,23,907,0.255,0.293,9.0,16.6,0.54,0.112,53.40,0.696,101.02,4.32,92.37,4.56,3.01,0.318,-24.17,-
386,2020,5,7,KT,23,931,0.306,0.351,7.6,17.5,0.44,0.164,33.28,0.831,144.30,6.30,137.02,6.80,3.05,0.367,17.40,-
387,2020,5,8,庸,24,905,0.251,0.284,9.4,17.7,0.53,0.142,35.82,0.721,104.74,4.44,97.04,5.27,3.30,0.324,-19.24,-
388,2020,5,9,SK,23,882,0.243,0.287,9.2,19.4,0.47,0.123,43.22,0.685,90.74,3.86,84.43,5.37,3.13,0.311,-28.89,-
389,2020,5,10,홛,24,879,0.242,0.290,7.5,19.7,0.38,0.106,49.56,0.656,82.62,3.46,75.57,4.20,3.28,0.300,-37.37,-
390,2020,6,1,Hero,25,998,0.267,0.309,11.5,19.7,0.58,0.180,27.35,0.806,144.04,5.86,138.65,6.30,3.59,0.358,10.42,-
391,2020,6,2,庸,25,949,0.267,0.310,7.5,18.3,0.41,0.132,38.59,0.730,114.07,4.62,106.42,5.37,5.52,0.329,-15.52,-
392,2020,6,3,NC,24,960,0.290,0.320,8.3,17.0,0.49,0.196,23.53,0.848,148.99,6.27,146.23,5.46,2.88,0.373,22.88,-
393,2020,6,4,KIA,21,765,0.266,0.299,8.6,17.6,0.49,0.151,28.21,0.753,92.96,4.67,91.48,3.83,1.57,0.337,-6.81,-
394,2020,6,5,왍,25,1021,0.290,0.319,9.9,14.8,0.67,0.157,32.93,0.814,149.39,5.99,144.85,4.83,2.48,0.362,13.67,-
395,2020,6,6,온,23,905,0.286,0.323,8.4,15.4,0.55,0.129,40.45,0.765,118.43,5.18,112.12,5.19,3.85,0.342,-4.16,-
396,2020,6,7,LG,25,974,0.284,0.322,6.7,15.4,0.43,0.101,58.00,0.721,115.15,4.59,104.90,5.45,3.74,0.324,-20.25,-
397,2020,6,8,KT,25,988,0.272,0.319,9.3,19.9,0.47,0.153,29.00,0.772,133.65,5.40,124.35,5.04,3.74,0.344,-2.59,-
398,2020,6,9,SK,25,927,0.235,0.274,8.4,19.0,0.44,0.108,41.35,0.649,87.69,3.53,77.08,4.16,2.16,0.297,-42.03,-
399,2020,6,10,홛,24,893,0.239,0.291,7.8,19.6,0.40,0.087,66.67,0.637,82.49,3.48,72.83,4.13,1.99,0.295,-41.90,-
400,2020,7,1,KT,14,571,0.316,0.376,9.5,19.8,0.48,0.154,29.94,0.851,91.54,6.64,89.80,4.83,2.49,0.379,16.43,-
401,2020,7,2,NC,14,560,0.274,0.304,6.8,16.1,0.42,0.158,31.69,0.761,72.81,5.04,67.04,6.17,2.39,0.337,-4.91,-
402,2020,7,3,KIA,15,593,0.290,0.317,8.8,15.0,0.58,0.166,27.26,0.822,88.62,6.14,85.73,4.25,0.96,0.365,9.54,-
403,2020,7,4,왍,14,560,0.326,0.359,7.9,12.9,0.61,0.119,45.73,0.828,87.82,6.57,84.75,5.52,2.67,0.372,12.79,-
404,2020,7,5,庸,14,561,0.323,0.371,9.1,16.8,0.54,0.149,35.43,0.858,88.25,6.44,90.19,5.10,2.32,0.382,18.11,-
405,2020,7,6,온,14,563,0.295,0.323,8.7,15.1,0.58,0.153,29.12,0.811,81.75,5.84,79.56,4.65,2.45,0.361,7.22,-
406,2020,7,7,Hero,15,595,0.290,0.329,10.8,17.3,0.62,0.154,30.47,0.813,87.36,5.99,85.66,5.15,2.66,0.364,9.21,-
407,2020,7,8,SK,15,575,0.263,0.300,8.2,18.4,0.44,0.123,30.18,0.716,64.77,4.31,61.01,4.32,1.94,0.322,-12.87,-
408,2020,7,9,홛,15,564,0.237,0.284,10.3,18.1,0.57,0.091,71.00,0.646,51.76,3.44,47.68,3.24,1.75,0.299,-24.79,-
409,2020,7,10,LG,14,562,0.256,0.287,8.9,17.6,0.50,0.155,28.94,0.747,69.46,4.83,66.21,4.63,1.08,0.335,-6.00,-
