,찗옷,,쩢챦,챶,썭쐑,쫙,퀧,쨮,탽왠,쥜,QS,첇얭,콪첔,쮇콪,2芼,3芼,탿임,쫞초,첔친,溶,줲,썴4,HBP,큊쾟,줮콜,PK,옷,옷쫞
0,2015,3,1,왍,2,2,0,1,3,0,1,18.0,76,18,3,0,0,5,5,9,6,0,1,0,1,0,2,2
1,2015,3,2,KIA,2,2,0,1,1,0,1,18.0,77,22,7,1,0,7,7,12,7,0,0,1,0,0,3,1
2,2015,3,3,온,3,3,0,1,5,0,2,25.0,115,28,4,0,2,14,14,19,17,2,1,0,0,0,2,3
3,2015,3,4,庸,3,2,1,1,3,0,1,27.0,115,21,7,1,1,14,14,21,14,0,1,0,0,1,1,3
4,2015,3,5,홛,2,1,1,1,2,1,1,20.1,85,15,4,0,2,8,8,14,10,0,2,1,0,2,2,0
5,2015,3,6,Hero,2,1,1,0,0,0,0,21.0,95,19,4,0,1,9,9,16,13,0,3,0,0,0,6,2
6,2015,3,7,SK,2,1,1,1,1,0,0,17.0,82,21,3,0,1,9,9,9,9,0,1,2,0,0,6,0
7,2015,3,8,NC,2,0,2,0,0,0,1,16.0,72,19,0,1,4,13,10,5,6,1,0,2,0,0,1,0
8,2015,3,9,LG,3,0,3,0,2,1,1,23.2,111,27,3,1,5,17,17,19,14,1,1,0,0,0,2,0
9,2015,3,10,KT,3,0,3,0,0,0,0,25.0,124,35,11,0,6,25,23,22,13,0,2,2,0,0,6,3
10,2015,4,1,庸,23,15,8,5,12,3,17,204.2,856,192,37,4,21,88,82,202,57,2,14,9,0,1,16,9
11,2015,4,2,왍,22,14,8,3,9,4,10,201.0,890,194,33,4,24,119,108,199,107,1,9,7,1,2,11,7
12,2015,4,3,LG,23,13,10,5,5,1,7,206.0,889,206,39,4,22,107,97,159,79,3,17,15,0,2,25,14
13,2015,4,4,SK,22,12,10,5,10,2,5,192.2,821,175,37,0,21,98,87,174,71,4,11,11,1,1,15,8
14,2015,4,5,홛,22,12,10,7,10,4,3,195.2,889,200,27,0,22,123,110,164,102,4,19,23,1,2,26,5
15,2015,4,6,Hero,23,12,11,4,8,1,8,203.0,889,202,35,5,22,116,108,209,84,0,11,15,1,4,21,6
16,2015,4,7,온,22,11,11,4,6,3,12,194.0,840,205,36,0,21,105,98,170,65,4,8,13,1,2,15,8
17,2015,4,8,NC,22,10,12,4,10,1,7,193.0,849,187,41,3,22,125,116,149,79,1,21,11,0,1,17,7
18,2015,4,9,KIA,23,10,13,3,12,3,7,209.1,939,218,55,9,26,119,111,161,105,8,18,13,0,3,26,10
19,2015,4,10,KT,22,3,19,1,1,1,5,195.2,909,222,37,3,28,134,120,151,129,4,9,24,0,5,15,17
20,2015,5,1,NC,26,20,5,10,14,3,9,235.0,1003,209,31,3,18,97,89,199,92,4,22,12,0,0,14,6
21,2015,5,2,Hero,27,15,11,7,12,3,11,243.2,1083,259,47,6,32,151,137,209,103,3,15,13,2,6,23,6
22,2015,5,3,庸,25,14,11,7,10,1,13,220.0,927,214,47,2,31,107,98,210,65,1,13,6,1,4,13,7
23,2015,5,4,왍,23,12,11,5,9,4,10,203.1,930,230,41,2,24,137,130,162,91,3,16,8,1,0,24,7
24,2015,5,5,온,27,14,13,4,11,3,9,240.0,1085,271,60,3,32,153,141,206,108,7,21,18,1,2,27,13
25,2015,5,6,SK,25,12,12,7,11,1,8,223.0,973,212,46,0,27,115,106,208,92,5,10,14,1,3,24,9
26,2015,5,7,홛,27,13,14,7,12,2,5,237.0,1099,269,51,0,25,155,144,178,131,9,16,17,3,0,42,16
27,2015,5,8,KIA,25,12,13,5,9,5,10,218.0,960,222,34,4,24,117,108,178,101,5,23,11,0,4,30,15
28,2015,5,9,LG,26,8,17,2,1,1,8,231.0,1035,267,49,6,26,151,144,208,94,4,19,15,0,3,19,8
29,2015,5,10,KT,27,7,20,3,9,4,8,240.2,1099,273,46,10,27,183,153,211,109,3,18,21,2,2,33,11
30,2015,6,1,Hero,21,12,9,1,4,1,6,187.0,815,191,25,2,26,101,90,158,74,0,13,20,0,4,14,11
31,2015,6,2,LG,23,13,10,6,11,4,9,205.1,886,210,35,5,15,97,87,179,66,5,22,13,1,2,26,8
32,2015,6,3,KIA,20,11,9,7,12,1,10,175.0,747,173,28,4,18,86,84,124,68,0,12,7,0,2,16,7
33,2015,6,4,홛,22,12,10,6,7,0,6,196.1,850,180,30,1,28,100,80,152,87,4,9,3,0,2,22,11
34,2015,6,5,庸,21,11,10,2,6,0,11,185.0,801,189,43,1,26,111,104,160,63,0,6,6,1,0,20,8
35,2015,6,6,왍,23,12,11,3,11,3,9,203.2,885,208,46,5,22,104,101,166,78,1,9,15,1,0,19,6
36,2015,6,7,NC,22,11,11,4,9,2,6,190.2,850,213,39,3,20,108,98,157,66,1,14,14,0,0,12,8
37,2015,6,8,KT,23,11,12,3,4,1,5,202.0,938,254,51,2,24,152,133,179,85,2,12,11,0,2,21,3
38,2015,6,9,SK,22,10,12,4,7,2,9,196.2,881,222,45,3,18,115,105,173,72,6,14,16,1,0,17,9
39,2015,6,10,온,21,6,15,1,4,2,8,182.0,840,243,33,2,32,144,121,136,58,2,5,15,0,1,11,8
40,2015,7,1,庸,21,14,7,3,5,1,10,188.0,845,212,42,4,34,122,111,169,71,1,11,10,0,1,10,7
41,2015,7,2,Hero,20,12,8,8,7,3,7,181.1,794,200,34,4,16,119,102,139,60,1,6,12,0,1,16,8
42,2015,7,3,왍,21,11,10,4,4,2,8,187.0,845,220,42,3,16,117,112,145,76,2,13,10,2,2,14,7
43,2015,7,4,온,22,11,11,2,10,5,10,202.2,876,211,38,3,15,93,89,167,72,6,16,8,1,3,25,8
44,2015,7,5,SK,19,9,9,5,6,4,10,175.2,765,197,33,1,24,95,90,142,62,6,9,4,0,0,12,7
45,2015,7,6,홛,20,10,10,4,6,2,3,179.0,810,192,27,2,28,120,110,122,88,9,14,11,1,1,23,7
46,2015,7,7,KIA,22,10,12,3,7,1,4,196.1,902,234,44,5,18,133,111,147,93,3,13,11,2,1,18,9
47,2015,7,8,KT,18,8,10,3,4,1,5,154.0,690,194,29,4,21,106,98,111,52,0,9,6,0,4,15,9
48,2015,7,9,NC,20,8,11,3,4,3,9,180.1,792,192,38,3,25,104,97,144,62,5,23,6,2,0,18,9
49,2015,7,10,LG,19,7,12,2,6,3,7,169.1,749,177,32,3,18,103,96,139,65,7,15,6,1,3,16,3
50,2015,8,1,NC,24,19,5,12,9,0,13,216.0,884,185,37,2,22,86,80,195,59,1,16,8,0,1,11,4
51,2015,8,2,庸,24,15,9,7,8,2,12,216.2,980,258,52,3,31,138,132,201,83,4,11,7,0,2,12,6
52,2015,8,3,왍,24,14,10,5,9,3,12,216.0,944,213,36,5,17,107,95,188,93,5,14,14,0,1,23,7
53,2015,8,4,KT,25,14,11,2,7,2,5,224.2,1027,258,45,2,24,145,135,184,103,2,24,17,0,0,25,11
54,2015,8,5,KIA,24,11,13,7,14,4,8,210.1,928,236,40,4,28,119,115,143,74,3,14,15,1,3,19,7
55,2015,8,6,LG,25,11,14,5,13,5,12,223.0,966,232,37,2,23,128,112,166,80,5,15,17,1,1,23,8
56,2015,8,7,Hero,25,11,14,1,4,3,9,220.0,1006,264,44,8,23,153,138,184,96,0,17,12,0,6,21,12
57,2015,8,8,온,23,9,14,3,3,3,8,200.2,917,256,41,0,30,148,137,136,70,0,19,16,0,1,14,7
58,2015,8,9,홛,25,9,16,2,2,2,9,219.2,974,228,47,5,20,129,121,144,107,9,17,13,0,1,33,16
59,2015,8,10,SK,25,9,16,3,10,2,10,221.0,1004,264,51,5,33,148,141,214,102,6,10,7,0,0,15,10
60,2015,9,1,NC,24,14,10,3,9,2,8,210.1,923,238,34,2,34,112,108,176,63,0,14,7,0,1,11,3
61,2015,9,2,庸,24,14,10,7,11,2,9,206.0,895,220,38,2,35,128,118,198,66,3,6,6,0,0,13,8
62,2015,9,3,SK,26,15,11,5,14,1,14,227.2,1003,241,49,2,27,130,122,208,97,4,14,16,0,2,17,8
63,2015,9,4,Hero,23,13,10,6,6,1,7,203.0,909,240,43,3,24,131,116,122,77,4,16,13,0,3,12,8
64,2015,9,5,LG,21,10,10,3,4,0,11,185.1,808,195,27,3,15,101,93,163,79,5,8,15,0,2,12,10
65,2015,9,6,온,23,11,11,4,8,2,10,212.0,938,215,35,5,28,127,109,166,92,3,15,17,0,1,16,6
66,2015,9,7,왍,25,11,14,8,9,2,7,221.0,1039,276,43,3,34,177,160,161,116,2,12,19,0,0,17,11
67,2015,9,8,KIA,23,10,13,6,7,0,4,201.0,903,214,34,4,26,129,117,188,93,2,10,16,0,1,22,4
68,2015,9,9,홛,23,10,13,4,4,3,9,206.2,962,243,42,4,29,154,145,131,115,3,19,19,2,1,18,7
69,2015,9,10,KT,22,8,14,3,6,1,4,186.0,850,246,45,2,21,116,108,153,77,2,8,6,1,1,26,10
70,2015,10,1,庸,3,3,0,2,5,1,2,28.0,104,17,4,0,3,8,7,33,5,0,1,0,0,0,1,1
71,2015,10,2,왍,4,3,1,1,3,1,1,36.0,153,26,4,0,1,10,8,34,17,1,3,3,0,1,3,1
72,2015,10,3,NC,4,2,1,1,0,1,2,38.0,163,40,1,0,4,10,8,32,9,0,3,0,1,0,2,0
73,2015,10,4,Hero,3,2,1,2,3,0,1,27.0,118,29,4,0,2,10,7,29,11,0,0,2,0,1,1,0
74,2015,10,5,LG,4,2,2,2,2,0,2,36.0,155,38,5,2,1,17,14,30,13,0,1,4,0,1,4,2
75,2015,10,6,KT,4,1,2,1,0,0,2,38.2,162,36,9,2,3,14,12,35,10,3,4,1,0,0,2,0
76,2015,10,7,홛,3,1,2,1,1,0,1,25.0,102,22,4,0,3,11,9,15,8,0,0,2,0,0,2,1
77,2015,10,8,SK,3,1,2,1,1,0,1,27.0,117,26,6,0,2,14,13,21,12,0,1,1,0,1,4,0
78,2015,10,9,온,3,1,2,0,0,0,0,25.0,113,32,6,0,4,18,18,15,7,1,2,3,0,0,3,1
79,2015,10,10,KIA,5,1,4,0,3,3,0,45.0,217,52,10,0,3,29,26,26,32,1,7,7,0,0,8,3
80,2016,4,1,왍,24,17,6,6,13,0,16,216.0,919,211,33,7,13,85,77,188,74,1,12,16,0,0,16,8
81,2016,4,2,SK,25,16,9,7,9,1,16,224.1,938,194,28,0,25,94,87,172,83,1,18,9,0,2,10,11
82,2016,4,3,NC,23,12,11,7,7,4,11,202.0,865,185,34,3,17,97,86,189,64,2,25,12,1,0,11,6
83,2016,4,4,LG,22,11,11,6,10,4,7,198.2,883,223,39,4,15,123,111,160,81,7,12,15,0,4,7,7
84,2016,4,5,KT,25,12,13,7,9,1,6,226.2,1007,238,45,7,21,126,114,158,97,4,18,12,1,1,20,8
85,2016,4,6,온,25,12,13,5,19,1,8,218.0,986,241,33,3,24,126,110,190,111,7,10,8,0,4,18,12
86,2016,4,7,Hero,24,11,12,6,16,3,9,215.0,932,243,47,2,20,108,96,155,63,0,8,3,0,2,20,14
87,2016,4,8,庸,23,11,12,4,6,2,11,201.0,891,228,42,2,26,126,119,155,80,0,9,8,1,0,20,11
88,2016,4,9,KIA,22,9,13,8,10,2,12,194.0,868,210,29,1,19,104,92,150,90,2,9,3,1,1,21,14
89,2016,4,10,홛,23,6,17,3,7,2,2,207.0,959,221,37,4,29,153,131,177,129,6,15,18,0,2,27,17
90,2016,5,1,왍,25,18,7,9,10,0,12,223.1,1019,271,66,3,24,135,131,189,95,1,14,15,1,0,21,5
91,2016,5,2,NC,23,14,8,6,12,2,8,208.0,915,219,28,5,24,111,106,197,80,0,17,12,0,0,14,7
92,2016,5,3,Hero,25,14,11,7,14,3,9,220.0,965,249,45,10,20,119,112,128,76,0,13,9,0,1,10,11
93,2016,5,4,KIA,25,12,12,8,5,4,12,221.2,1010,255,38,7,27,147,129,146,105,6,13,7,1,1,23,10
94,2016,5,5,LG,23,11,11,5,10,1,6,205.0,932,232,42,3,16,130,123,135,100,2,11,13,0,1,17,9
95,2016,5,6,庸,26,13,13,5,9,2,8,232.0,1050,270,39,6,32,157,146,168,99,1,15,7,1,1,14,9
96,2016,5,7,온,24,11,13,3,12,1,8,207.0,959,253,40,2,37,160,150,171,92,2,12,12,1,0,9,8
97,2016,5,8,홛,25,10,14,5,7,2,4,218.1,1052,288,38,4,29,193,180,157,133,1,15,12,5,2,19,14
98,2016,5,9,SK,24,9,15,6,12,3,9,210.1,963,252,46,8,29,149,128,142,93,5,15,11,0,2,22,10
99,2016,5,10,KT,24,7,15,3,4,4,7,215.0,983,248,49,9,30,160,141,166,100,2,12,12,2,1,31,5
100,2016,6,1,NC,23,16,6,4,8,3,6,208.0,928,222,40,5,17,117,109,180,100,0,12,14,1,1,12,8
101,2016,6,2,왍,25,16,9,6,10,5,14,221.1,956,216,35,6,26,108,92,167,81,2,13,11,2,4,11,9
102,2016,6,3,Hero,25,14,11,7,15,4,11,223.0,995,262,46,4,28,155,143,160,78,0,7,12,2,2,22,13
103,2016,6,4,홛,24,12,11,5,5,3,5,221.0,984,240,38,3,21,134,117,156,96,2,7,15,1,0,24,8
104,2016,6,5,SK,26,13,13,4,7,2,12,228.0,1002,244,42,0,26,127,108,178,86,2,8,17,2,0,20,7
105,2016,6,6,KIA,25,12,13,3,13,5,9,223.0,1015,271,45,3,19,140,133,175,87,1,5,15,2,1,23,3
106,2016,6,7,온,25,12,13,3,5,5,9,223.1,999,245,58,9,24,145,140,201,93,5,14,12,0,2,11,9
107,2016,6,8,KT,24,11,13,7,14,2,6,218.0,1023,298,49,7,28,160,146,152,81,0,15,13,0,0,16,7
108,2016,6,9,LG,25,10,15,6,8,4,12,225.0,1014,246,36,4,27,147,129,142,89,7,28,12,0,2,15,9
109,2016,6,10,庸,26,7,19,6,8,5,8,233.0,1075,291,44,6,42,172,160,174,97,2,18,6,0,4,37,13
110,2016,7,1,Hero,21,14,7,8,9,5,4,193.0,876,241,36,4,29,117,109,133,73,2,5,12,0,3,14,5
111,2016,7,2,홛,21,13,7,2,5,2,4,191.2,857,207,36,2,15,111,105,142,78,1,14,10,0,1,17,7
112,2016,7,3,NC,20,12,8,7,8,1,3,176.0,778,192,34,1,23,110,104,159,72,0,10,12,2,1,7,11
113,2016,7,4,KIA,23,13,10,2,4,4,12,205.2,916,225,36,7,25,121,106,123,92,3,9,9,1,2,20,8
114,2016,7,5,庸,18,8,9,3,9,4,7,165.1,730,178,29,1,24,101,90,111,64,0,12,7,0,1,14,7
115,2016,7,6,온,20,9,11,4,6,5,7,177.2,827,212,37,3,27,135,120,123,93,4,12,16,1,5,21,8
116,2016,7,7,왍,21,9,12,4,5,4,10,187.0,830,199,32,7,23,125,120,104,83,0,11,12,0,1,12,4
117,2016,7,8,SK,22,9,13,4,3,1,7,196.2,912,235,42,6,26,145,128,141,101,2,9,8,3,2,25,12
118,2016,7,9,KT,20,8,12,5,8,3,2,174.0,832,226,46,3,21,151,138,133,100,1,13,8,0,0,24,11
119,2016,7,10,LG,22,8,14,4,10,3,8,194.0,900,229,41,5,27,146,135,130,86,4,21,16,1,2,20,7
120,2016,8,1,왍,24,16,8,4,7,2,12,217.0,952,240,43,2,29,114,106,160,82,1,12,8,0,2,16,8
121,2016,8,2,LG,26,16,10,8,15,2,10,231.0,1045,264,45,5,18,150,132,179,91,6,22,10,0,1,18,8
122,2016,8,3,Hero,23,13,10,6,11,0,6,204.2,900,221,28,4,25,112,103,150,67,1,16,4,0,0,21,8
123,2016,8,4,NC,23,12,11,3,5,3,5,201.1,907,211,34,2,17,115,105,157,89,0,12,13,1,1,15,2
124,2016,8,5,庸,23,12,11,5,9,1,7,201.0,911,243,44,3,28,142,130,134,76,0,13,13,5,5,21,6
125,2016,8,6,KIA,24,12,12,8,20,2,5,213.0,997,263,47,4,19,155,141,181,102,3,11,16,0,3,27,10
126,2016,8,7,SK,25,12,13,7,9,2,7,220.0,988,253,39,3,25,143,135,156,90,4,14,8,1,0,20,15
127,2016,8,8,홛,24,11,13,5,9,2,3,210.0,965,253,37,1,30,161,147,168,90,3,14,6,0,1,30,10
128,2016,8,9,온,23,9,14,4,5,3,12,202.0,917,250,47,5,30,133,125,154,81,4,10,13,0,1,15,9
129,2016,8,10,KT,23,6,17,2,1,0,7,198.0,927,262,58,4,27,160,142,178,74,0,10,18,4,3,15,7
130,2016,9,1,왍,22,15,7,7,10,4,11,195.0,848,210,30,3,20,96,94,152,71,2,12,3,0,0,6,10
131,2016,9,2,LG,21,13,7,4,15,2,10,190.0,811,183,31,2,15,86,75,126,69,1,13,16,0,1,7,7
132,2016,9,3,NC,25,13,11,8,19,2,6,227.0,993,236,31,2,33,112,106,205,92,0,8,17,0,1,12,8
133,2016,9,4,온,21,11,10,6,9,2,5,184.0,844,220,49,10,16,128,112,133,88,5,13,14,3,1,13,9
134,2016,9,5,庸,23,12,11,9,16,4,7,206.0,948,244,44,1,33,143,137,157,89,3,18,10,1,1,11,8
135,2016,9,6,홛,23,11,12,3,4,3,6,207.2,956,270,36,1,26,140,132,147,93,7,9,10,0,1,9,9
136,2016,9,7,KIA,20,9,11,7,17,3,7,173.0,768,190,28,0,20,99,90,142,68,2,10,12,1,2,26,5
137,2016,9,8,Hero,21,9,12,2,7,2,5,181.2,829,223,40,3,22,123,123,134,67,0,16,8,0,0,8,7
138,2016,9,9,SK,19,8,11,2,2,1,9,168.2,755,188,31,5,18,116,103,136,65,4,10,11,1,0,10,7
139,2016,9,10,KT,23,7,16,2,9,5,9,198.1,925,265,55,6,16,145,137,153,90,1,13,13,1,1,9,11
140,2016,10,1,홛,4,3,1,1,1,0,1,37.0,164,41,8,0,5,16,16,29,14,1,3,2,0,0,3,1
141,2016,10,2,SK,3,2,1,1,1,0,0,26.0,101,20,3,0,2,10,10,20,9,0,2,1,0,1,3,2
142,2016,10,3,왍,3,2,1,0,0,0,0,28.0,134,38,7,1,1,19,18,22,12,0,3,0,1,0,4,0
143,2016,10,4,KIA,5,3,2,2,5,1,1,45.2,197,42,7,0,2,19,17,48,17,1,2,3,0,0,4,0
144,2016,10,5,NC,7,4,3,1,3,0,3,64.0,257,49,7,0,6,28,26,60,20,0,1,5,2,0,3,1
145,2016,10,6,Hero,5,2,3,2,2,0,1,43.0,187,48,7,0,8,23,19,35,11,0,3,2,0,0,4,2
146,2016,10,7,KT,5,2,3,1,3,0,1,43.0,199,56,13,1,2,25,21,40,19,0,2,1,0,0,4,6
147,2016,10,8,庸,5,2,3,2,3,0,1,44.0,194,53,9,1,8,28,22,36,13,0,2,2,0,0,5,4
148,2016,10,9,LG,5,2,3,1,5,0,0,44.0,197,49,9,0,4,25,24,36,23,0,2,3,0,1,1,2
149,2016,10,10,온,6,2,4,2,3,0,1,54.1,253,65,12,0,3,38,35,37,28,0,6,6,0,0,5,4
150,2017,3,1,왍,1,1,0,1,0,0,1,9.0,33,4,0,0,0,0,0,8,3,0,0,1,0,0,0,1
151,2017,3,2,LG,1,1,0,1,3,0,1,9.0,34,5,2,1,0,1,1,6,4,0,0,2,0,0,0,0
152,2017,3,3,KT,1,1,0,1,2,0,1,9.0,36,8,1,0,0,2,2,8,0,0,1,0,0,0,1,0
153,2017,3,4,KIA,1,1,0,0,0,0,1,9.0,33,7,1,0,2,2,2,7,1,0,0,1,0,0,0,0
154,2017,3,5,NC,1,1,0,1,1,0,1,9.0,34,7,2,0,1,5,3,8,0,0,1,0,0,0,0,1
155,2017,3,6,Hero,1,0,1,0,0,0,1,9.0,34,4,0,0,1,2,1,10,3,0,0,0,0,0,0,0
156,2017,3,7,홛,1,0,1,0,0,0,1,8.0,33,4,1,0,0,3,1,8,2,0,2,0,0,0,3,0
157,2017,3,8,SK,1,0,1,0,0,0,1,9.0,37,9,2,0,1,3,2,8,2,1,0,0,0,0,0,1
158,2017,3,9,온,1,0,1,0,0,0,0,8.0,38,11,5,0,1,6,5,9,4,0,2,0,0,0,2,2
159,2017,3,10,庸,1,0,1,0,0,0,1,9.0,42,7,1,1,3,7,6,5,8,0,0,1,0,0,0,1
160,2017,4,1,KIA,25,17,8,7,13,4,16,224.0,992,277,42,6,19,126,118,183,64,2,10,13,0,1,21,12
161,2017,4,2,NC,25,16,8,8,15,1,10,227.0,989,203,25,1,27,111,102,216,95,2,21,17,1,0,15,7
162,2017,4,3,LG,25,14,11,7,17,1,11,219.0,912,197,29,4,19,83,74,190,64,3,16,17,0,1,11,9
163,2017,4,4,SK,25,14,11,4,12,4,6,223.0,996,244,31,2,23,121,114,184,88,1,16,4,3,2,20,8
164,2017,4,5,온,25,13,12,6,9,3,8,222.0,951,226,29,5,27,102,98,203,63,6,17,10,2,2,13,5
165,2017,4,6,Hero,25,13,12,7,11,3,11,219.0,942,240,47,3,21,125,120,154,53,2,14,8,1,1,22,8
166,2017,4,7,왍,25,11,13,4,5,3,9,228.0,1031,250,44,8,17,135,117,171,100,6,12,5,0,1,12,6
167,2017,4,8,KT,25,11,14,6,11,1,12,219.0,942,239,41,3,21,116,105,152,56,0,14,11,1,1,16,7
168,2017,4,9,홛,25,10,15,2,1,2,11,224.1,977,228,36,3,17,127,113,160,83,3,14,10,1,1,18,8
169,2017,4,10,庸,25,4,19,2,3,3,9,222.1,1004,250,46,10,23,158,145,184,92,3,22,8,0,2,10,4
170,2017,5,1,KIA,26,17,9,7,6,1,19,238.0,1035,269,40,3,22,117,109,171,73,3,16,16,0,0,9,10
171,2017,5,2,왍,23,14,9,5,5,2,13,206.1,878,204,23,9,13,84,81,158,68,2,20,5,0,3,13,7
172,2017,5,3,SK,25,12,12,3,12,4,10,227.2,994,240,51,6,21,118,109,184,82,5,19,6,2,4,15,9
173,2017,5,4,온,24,12,12,3,11,6,10,213.1,956,226,46,3,22,122,111,166,108,5,10,8,2,2,12,11
174,2017,5,5,Hero,25,12,12,8,13,2,12,224.0,992,259,57,9,15,133,125,158,60,0,25,8,1,2,15,9
175,2017,5,6,NC,25,12,13,7,13,1,7,222.0,996,244,34,2,19,133,109,182,90,2,17,19,0,0,17,4
176,2017,5,7,홛,25,12,13,8,13,4,8,221.0,986,247,49,3,25,124,113,160,90,4,12,8,0,1,18,9
177,2017,5,8,LG,24,11,13,8,15,2,13,212.0,903,200,38,4,26,102,89,157,66,6,20,7,1,2,8,6
178,2017,5,9,庸,25,11,14,5,6,0,9,222.0,1048,275,52,4,34,160,154,197,110,3,24,7,2,1,10,9
179,2017,5,10,KT,26,10,16,5,8,1,7,227.0,1024,277,51,5,31,158,145,158,74,3,9,15,1,0,21,5
180,2017,6,1,NC,25,18,7,7,7,3,8,222.0,961,223,30,5,28,127,115,171,75,2,17,11,1,1,8,7
181,2017,6,2,SK,26,17,9,10,13,4,13,229.2,1009,249,50,3,20,122,108,148,78,4,13,12,1,4,14,8
182,2017,6,3,KIA,24,14,10,3,6,2,9,211.1,970,247,51,6,28,133,124,165,92,2,10,10,1,0,14,6
183,2017,6,4,Hero,25,13,12,8,9,3,8,220.2,1013,277,45,2,31,148,142,167,90,2,18,10,0,2,8,8
184,2017,6,5,庸,26,13,12,7,9,2,6,231.0,1069,279,59,5,28,167,150,148,93,1,24,14,1,2,11,6
185,2017,6,6,LG,24,11,12,4,7,2,10,217.1,946,241,52,5,23,128,118,179,58,5,17,14,1,1,15,5
186,2017,6,7,홛,25,11,13,6,11,3,3,222.0,1005,268,55,3,41,156,147,161,81,2,18,13,0,2,8,10
187,2017,6,8,왍,25,11,14,6,6,3,10,222.2,1051,298,54,6,25,170,157,158,88,1,21,15,0,1,13,7
188,2017,6,9,온,25,10,14,3,8,4,4,224.0,1046,288,59,4,29,185,171,177,94,5,15,15,0,1,17,8
189,2017,6,10,KT,25,5,20,2,5,4,5,217.1,1007,274,56,3,42,177,164,173,82,2,21,17,1,2,22,12
190,2017,7,1,왍,20,14,5,6,10,1,11,180.0,765,172,35,1,24,85,84,118,63,1,12,9,0,3,7,4
191,2017,7,2,KIA,21,14,6,4,8,4,10,191.0,850,194,30,2,18,104,101,153,85,7,17,14,1,2,11,5
192,2017,7,3,LG,19,12,7,4,7,2,6,164.2,718,165,35,2,14,97,88,130,51,5,13,19,0,2,11,3
193,2017,7,4,Hero,22,13,9,8,14,5,8,192.0,843,228,42,1,22,97,92,164,54,1,8,7,0,1,10,6
194,2017,7,5,온,22,12,9,8,6,3,12,199.0,855,187,24,1,27,89,75,164,78,2,18,12,0,2,12,8
195,2017,7,6,庸,22,11,10,6,10,3,10,195.0,867,220,34,2,29,115,105,170,68,4,20,11,0,0,12,4
196,2017,7,7,NC,20,10,10,1,5,1,6,174.0,767,193,40,1,28,99,91,141,60,0,10,8,0,1,5,5
197,2017,7,8,SK,23,8,15,3,4,5,8,199.1,953,263,55,2,37,175,169,137,92,13,25,23,0,1,14,6
198,2017,7,9,홛,20,5,15,3,2,3,6,172.2,822,246,53,4,37,155,145,115,57,2,18,18,0,0,10,4
199,2017,7,10,KT,19,3,16,1,1,3,9,162.0,764,202,40,7,24,122,113,111,68,2,15,10,0,2,15,5
200,2017,8,1,왍,27,19,7,7,9,3,15,238.0,1025,250,44,5,20,102,96,196,75,1,13,11,3,1,11,5
201,2017,8,2,온,27,19,8,13,19,7,16,244.0,1059,260,60,4,29,123,119,197,83,3,11,13,0,3,23,6
202,2017,8,3,홛,23,13,10,7,14,3,14,202.0,877,211,46,1,18,108,93,148,63,2,20,14,1,0,16,5
203,2017,8,4,Hero,26,14,12,8,17,3,12,231.2,1022,257,54,3,31,120,111,200,75,2,18,9,1,1,8,7
204,2017,8,5,SK,25,12,13,4,15,6,13,216.0,970,251,53,4,27,128,118,158,87,5,15,10,0,4,14,5
205,2017,8,6,KIA,21,10,11,6,5,1,6,183.2,836,234,46,1,22,121,112,122,62,5,13,7,2,1,12,6
206,2017,8,7,NC,27,12,15,6,6,1,9,237.2,1035,254,43,0,27,128,120,195,87,4,18,18,1,2,16,11
207,2017,8,8,LG,24,9,14,4,9,6,7,214.1,948,241,41,6,24,132,121,175,65,7,19,10,1,5,14,5
208,2017,8,9,KT,24,8,16,3,2,3,7,207.2,963,273,48,5,26,154,144,148,69,3,21,12,1,1,18,7
209,2017,8,10,庸,24,7,17,3,2,2,6,211.1,978,268,48,3,35,159,147,182,88,1,13,15,0,1,19,4
210,2017,9,1,온,19,13,6,5,6,0,10,168.0,693,153,19,2,26,72,72,171,44,4,6,9,3,0,11,4
211,2017,9,2,왍,21,13,8,5,8,0,9,186.0,822,210,33,2,24,95,86,134,61,0,9,8,0,0,10,6
212,2017,9,3,SK,18,11,7,5,6,1,6,157.0,697,181,29,0,24,98,88,116,49,6,16,6,1,0,6,2
213,2017,9,4,NC,20,10,9,2,4,2,7,181.0,803,203,32,0,37,134,126,178,60,1,9,18,0,0,5,6
214,2017,9,5,KT,21,11,10,4,12,6,7,187.0,847,224,40,3,26,130,118,144,73,1,12,10,2,0,18,7
215,2017,9,6,KIA,23,12,11,5,6,6,13,207.0,900,244,38,3,22,115,103,159,52,3,9,8,0,0,4,6
216,2017,9,7,LG,25,11,13,4,8,4,13,225.2,972,240,45,7,18,120,111,192,63,4,17,12,0,1,6,9
217,2017,9,8,홛,23,10,13,5,8,5,11,202.0,901,244,37,2,25,133,124,148,61,0,12,13,2,0,9,5
218,2017,9,9,庸,19,7,11,4,5,2,1,172.2,825,217,37,3,32,133,122,157,85,3,14,18,1,0,3,7
219,2017,9,10,Hero,19,4,14,1,2,1,8,166.2,776,211,32,2,26,129,117,147,50,3,13,14,0,0,9,5
220,2017,10,1,온,1,1,0,1,0,0,1,9.0,36,6,3,1,1,2,2,9,3,0,0,0,0,0,0,0
221,2017,10,2,SK,1,1,0,1,2,0,0,9.0,36,6,0,0,1,2,2,5,3,0,1,0,0,0,0,0
222,2017,10,3,庸,2,2,0,0,0,0,1,18.0,83,25,4,0,3,12,11,20,4,0,1,1,0,0,0,0
223,2017,10,4,KIA,3,2,1,1,1,0,1,26.0,132,46,7,0,4,25,22,25,5,0,2,0,0,0,1,0
224,2017,10,5,왍,2,1,1,1,3,1,1,18.0,77,17,1,0,2,7,6,12,6,0,0,0,0,0,1,0
225,2017,10,6,KT,3,1,2,0,0,0,1,27.0,119,27,6,1,4,17,15,19,12,0,1,2,0,0,2,0
226,2017,10,7,홛,2,0,1,0,0,0,0,21.0,97,26,1,0,3,14,13,14,9,0,4,1,0,0,1,1
227,2017,10,8,LG,2,0,2,0,0,0,1,17.0,74,16,7,0,0,14,12,11,8,0,0,0,0,0,0,0
228,2017,10,9,Hero,1,0,1,0,0,0,0,8.0,41,12,3,1,2,10,6,5,4,0,0,0,0,0,0,0
229,2017,10,10,NC,1,0,0,0,0,1,0,12.0,55,15,2,0,2,8,7,6,3,1,0,1,0,0,0,0
230,2018,3,1,NC,7,6,1,3,7,1,4,63.0,256,51,6,0,7,26,26,46,23,0,3,2,0,0,4,1
231,2018,3,2,SK,7,5,2,2,4,0,1,63.0,265,64,11,1,10,30,28,67,20,0,1,2,0,1,6,4
232,2018,3,3,Hero,7,5,2,2,6,2,3,67.0,297,79,12,2,6,34,33,59,21,1,3,1,0,2,4,2
233,2018,3,4,왍,7,5,2,4,4,0,3,62.0,274,65,13,1,6,38,34,53,23,0,2,2,0,0,1,1
234,2018,3,5,KIA,7,4,3,1,3,0,3,62.0,255,60,9,0,7,21,21,49,15,0,1,2,0,1,4,2
235,2018,3,6,KT,7,4,3,2,4,0,1,61.0,285,82,13,4,10,46,44,52,17,0,5,6,0,1,9,0
236,2018,3,7,LG,7,2,5,1,2,1,3,60.2,271,63,13,1,6,36,30,47,30,1,6,11,0,0,7,3
237,2018,3,8,홛,7,2,5,1,4,1,2,60.0,267,60,9,0,10,42,34,62,23,1,9,8,0,0,3,1
238,2018,3,9,庸,7,2,5,1,2,0,3,63.0,289,74,15,0,13,46,46,55,28,1,8,0,1,0,3,2
239,2018,3,10,온,7,0,7,0,1,1,0,58.0,271,62,12,2,7,43,38,52,32,1,5,4,0,0,7,2
240,2018,4,1,왍,23,16,7,9,13,5,12,205.2,916,228,46,4,27,111,110,186,80,1,15,11,0,0,11,8
241,2018,4,2,LG,24,16,8,8,14,3,12,212.1,930,212,37,2,20,94,86,156,79,5,24,6,1,0,15,9
242,2018,4,3,SK,23,15,8,6,11,4,11,208.0,892,222,43,3,22,107,96,190,57,3,11,7,0,1,17,8
243,2018,4,4,홛,22,12,10,7,9,4,6,194.0,875,216,34,2,22,115,107,165,77,0,10,7,1,1,9,2
244,2018,4,5,온,22,12,10,6,7,3,5,198.0,899,208,52,1,24,127,119,196,107,3,11,10,2,2,15,10
245,2018,4,6,KT,24,11,13,4,4,4,11,212.1,933,241,41,2,38,134,123,190,66,3,13,13,0,1,20,7
246,2018,4,7,KIA,21,9,12,3,4,3,12,181.2,819,213,41,5,28,121,112,156,61,4,11,9,0,0,10,6
247,2018,4,8,庸,24,9,15,5,10,4,11,216.0,959,249,51,2,32,134,119,184,69,1,12,7,0,0,21,8
248,2018,4,9,Hero,25,9,16,4,9,3,14,219.0,957,241,51,2,22,130,121,178,68,3,14,11,0,1,10,9
249,2018,4,10,NC,24,7,17,2,9,4,10,211.1,957,243,39,3,26,119,110,181,85,4,9,9,3,2,18,4
250,2018,5,1,홛,25,17,8,12,14,1,10,226.0,971,239,42,3,27,105,97,192,60,3,15,9,1,2,18,8
251,2018,5,2,왍,23,14,9,5,7,2,13,209.2,904,200,35,3,27,112,106,169,82,2,17,11,1,0,9,6
252,2018,5,3,Hero,25,14,11,5,16,3,14,221.0,961,241,35,5,33,118,110,168,73,2,18,13,0,1,8,8
253,2018,5,4,庸,25,14,11,6,10,6,11,223.2,1003,271,73,5,22,128,118,184,69,2,19,12,0,0,14,9
254,2018,5,5,KIA,26,14,12,3,7,4,12,230.1,1030,264,42,6,31,136,121,172,76,2,15,10,1,1,14,3
255,2018,5,6,LG,26,12,14,3,4,3,15,227.1,984,257,52,6,30,142,138,178,64,3,10,14,0,1,10,6
256,2018,5,7,온,24,11,13,4,12,3,11,211.0,947,236,51,3,17,127,108,198,84,6,12,8,2,3,16,7
257,2018,5,8,SK,23,10,13,4,11,5,11,200.1,871,214,48,5,24,123,113,162,59,0,10,12,0,1,12,2
258,2018,5,9,KT,24,10,14,4,5,1,12,212.0,943,269,48,3,24,125,113,145,52,5,11,12,0,2,10,5
259,2018,5,10,NC,25,7,18,2,8,3,3,218.2,1023,302,54,7,28,183,168,162,86,2,4,29,2,0,14,8
260,2018,6,1,왍,26,18,8,9,7,4,15,232.2,1018,243,55,0,19,128,120,201,84,6,23,18,0,0,13,6
261,2018,6,2,홛,26,17,9,6,8,3,9,231.0,1011,257,44,3,27,125,118,200,81,1,17,13,2,2,11,8
262,2018,6,3,LG,24,14,9,6,5,2,12,212.0,928,220,41,0,29,123,109,206,68,1,16,9,1,4,24,7
263,2018,6,4,SK,24,13,10,4,6,3,11,208.1,898,209,34,5,37,113,107,177,66,3,13,11,0,1,17,6
264,2018,6,5,온,25,12,11,2,7,8,10,231.2,1042,245,51,6,28,157,141,213,107,6,11,11,0,0,32,8
265,2018,6,6,Hero,25,12,13,4,9,4,7,222.1,974,249,44,4,36,148,136,177,65,3,23,9,3,3,9,5
266,2018,6,7,KIA,22,10,12,6,4,3,4,194.1,877,241,33,1,27,131,126,133,71,5,11,13,0,0,19,8
267,2018,6,8,庸,25,10,14,7,8,1,7,214.1,992,261,58,2,39,172,161,190,84,0,23,7,4,0,24,5
268,2018,6,9,NC,25,8,17,5,5,3,7,216.2,946,219,41,4,34,139,131,153,90,5,11,14,0,0,10,8
269,2018,6,10,KT,24,6,17,3,1,4,10,207.2,938,254,40,3,38,141,129,178,77,6,15,5,1,3,21,9
270,2018,7,1,庸,22,13,7,5,12,4,11,201.1,864,217,24,3,18,84,76,175,57,1,15,9,0,5,16,5
271,2018,7,2,왍,21,13,8,5,7,0,10,187.0,843,234,44,6,22,125,122,139,63,2,14,9,1,2,14,6
272,2018,7,3,KT,21,12,8,6,13,2,9,190.0,857,239,41,3,27,121,115,155,63,5,10,8,0,1,17,7
273,2018,7,4,SK,22,13,9,5,15,2,7,195.2,815,172,29,0,19,77,70,165,69,3,10,6,1,2,15,5
274,2018,7,5,NC,22,12,9,8,10,2,6,199.0,899,217,36,3,30,116,108,172,95,1,17,19,0,1,16,10
275,2018,7,6,Hero,23,10,13,7,14,5,12,207.0,915,239,51,3,27,127,118,163,64,2,14,10,0,5,12,3
276,2018,7,7,홛,22,9,13,5,10,2,8,192.0,843,201,40,3,29,118,108,162,73,1,15,9,2,1,12,8
277,2018,7,8,LG,22,9,13,4,10,6,11,198.1,892,250,44,4,33,151,140,171,63,0,6,10,1,1,24,7
278,2018,7,9,온,21,8,13,2,7,2,7,186.0,840,226,44,6,23,118,113,154,64,3,11,13,1,0,13,5
279,2018,7,10,KIA,22,8,14,6,8,3,5,192.2,864,226,40,1,31,126,114,172,67,6,9,12,1,3,18,7
280,2018,8,1,Hero,13,11,2,3,6,1,6,116.0,512,130,18,0,14,67,58,86,40,0,9,4,0,1,11,7
281,2018,8,2,온,11,8,3,6,13,0,2,97.0,435,112,19,2,19,60,59,79,36,1,6,2,1,0,5,2
282,2018,8,3,NC,13,7,6,2,6,2,5,112.1,502,116,20,1,24,85,76,90,57,1,7,6,0,3,10,5
283,2018,8,4,왍,13,7,6,5,9,0,3,114.0,529,144,29,1,16,84,78,79,41,2,16,6,0,0,8,5
284,2018,8,5,KIA,12,6,6,1,2,2,4,106.2,489,148,35,1,22,86,84,79,30,3,7,3,0,0,4,7
285,2018,8,6,庸,13,6,7,3,6,2,5,114.0,523,142,33,3,15,81,78,96,39,1,13,5,0,0,9,2
286,2018,8,7,SK,13,6,7,2,0,1,4,115.0,555,161,27,1,27,102,88,91,45,1,11,5,0,0,4,6
287,2018,8,8,홛,12,5,7,2,4,1,5,106.0,474,126,30,1,17,77,73,112,41,1,2,10,1,0,8,4
288,2018,8,9,KT,13,4,9,2,4,1,5,114.0,523,144,23,2,20,80,74,88,39,2,11,5,0,0,7,2
289,2018,8,10,LG,13,3,10,2,2,0,0,110.0,558,162,25,5,11,111,104,85,62,1,9,5,0,0,9,2
290,2018,9,1,왍,24,16,8,3,8,5,12,212.2,947,224,37,1,27,129,118,160,82,4,20,13,0,0,11,8
291,2018,9,2,KIA,23,15,8,5,9,2,9,202.1,911,238,48,1,22,133,122,173,82,6,8,8,1,2,17,5
292,2018,9,3,SK,24,14,10,5,11,3,11,212.1,933,222,32,2,34,125,112,208,81,4,11,12,1,0,20,7
293,2018,9,4,Hero,23,13,10,7,8,4,6,204.1,914,229,34,2,34,133,126,168,73,2,17,8,1,2,16,4
294,2018,9,5,홛,24,12,12,3,12,1,5,213.0,953,235,38,1,22,138,126,168,88,1,18,21,0,3,20,7
295,2018,9,6,庸,24,11,12,6,7,2,10,218.0,959,225,33,2,41,137,128,194,84,4,16,4,0,0,13,6
296,2018,9,7,온,22,10,12,7,10,4,6,193.0,884,219,44,5,35,153,137,182,79,3,13,11,1,0,10,6
297,2018,9,8,NC,23,9,14,1,3,4,9,198.0,905,231,39,2,28,135,117,162,79,3,14,10,1,0,16,7
298,2018,9,9,LG,24,9,15,4,5,2,9,212.0,964,237,48,1,27,146,131,179,80,2,13,13,1,1,13,4
299,2018,9,10,KT,23,7,15,1,10,6,8,205.1,958,267,50,5,29,149,128,157,83,4,14,11,0,1,18,7
300,2018,10,1,LG,4,3,1,1,1,0,2,36.0,150,33,6,0,3,13,12,36,7,0,5,4,0,0,2,3
301,2018,10,2,庸,4,3,1,0,0,0,0,35.0,151,38,4,1,5,20,19,36,11,0,1,0,0,0,2,1
302,2018,10,3,KT,8,5,3,2,4,1,3,72.0,306,84,16,1,8,38,35,60,12,0,5,3,0,0,3,4
303,2018,10,4,온,12,7,5,2,7,1,2,109.0,470,102,22,1,13,61,56,90,39,0,4,6,0,0,6,1
304,2018,10,5,왍,7,4,3,1,1,1,5,65.0,269,63,8,0,10,29,28,38,21,0,2,2,0,0,4,3
305,2018,10,6,홛,6,3,3,1,1,0,0,52.0,243,60,9,0,10,41,38,61,30,1,2,1,0,1,3,3
306,2018,10,7,NC,5,2,3,1,1,1,1,45.0,213,64,13,0,9,41,37,43,22,1,3,2,0,1,0,2
307,2018,10,8,KIA,11,4,7,1,6,3,1,100.2,463,121,23,2,13,72,66,83,44,2,6,6,0,1,11,3
308,2018,10,9,Hero,3,1,2,0,4,1,1,25.1,116,34,7,0,6,23,21,22,12,0,0,2,0,1,2,1
309,2018,10,10,SK,8,2,6,1,4,3,4,72.0,334,89,9,0,16,52,50,70,28,1,7,5,0,0,6,1
310,2019,3,1,왍,8,6,2,3,5,2,5,73.0,317,68,11,1,4,32,26,61,28,1,6,4,0,0,3,1
311,2019,3,2,SK,8,6,2,4,6,1,3,73.0,309,57,10,0,4,27,26,69,33,0,3,6,0,0,10,2
312,2019,3,3,LG,8,5,3,3,4,0,4,74.0,293,53,16,1,4,24,20,65,21,0,3,4,0,0,4,1
313,2019,3,4,NC,8,5,3,3,10,1,3,72.0,331,72,11,0,7,40,33,63,40,0,9,5,0,0,4,1
314,2019,3,5,홛,8,4,4,0,1,0,2,69.0,304,66,14,1,8,39,38,53,39,0,5,7,2,1,3,2
315,2019,3,6,Hero,8,3,5,3,4,1,3,70.1,297,66,10,1,3,38,37,54,29,0,6,4,0,3,6,2
316,2019,3,7,庸,8,3,5,1,4,1,2,70.0,306,69,13,1,10,44,41,57,29,0,2,2,0,0,3,2
317,2019,3,8,KIA,8,3,5,2,1,0,2,70.0,320,84,23,0,9,46,43,67,34,2,1,2,0,1,5,3
318,2019,3,9,온,8,3,5,0,3,1,2,71.1,339,81,12,1,14,55,50,73,39,1,3,11,0,0,6,3
319,2019,3,10,KT,8,2,6,1,3,1,3,69.2,299,64,7,1,12,41,36,59,28,2,4,2,1,0,6,3
320,2019,4,1,Hero,24,16,8,9,11,1,13,215.1,939,240,50,6,17,109,99,183,64,2,5,8,0,1,17,4
321,2019,4,2,LG,22,14,8,5,7,4,14,201.2,840,163,28,2,8,75,63,168,77,3,18,9,1,1,17,2
322,2019,4,3,SK,23,14,8,9,15,3,12,213.0,934,236,41,1,15,103,93,182,69,3,7,11,0,0,13,3
323,2019,4,4,왍,24,15,9,7,7,1,13,211.0,890,209,37,5,12,84,76,138,58,2,12,8,0,1,9,3
324,2019,4,5,NC,22,13,9,7,9,1,10,200.2,868,207,28,4,19,95,82,174,62,3,14,9,1,3,9,5
325,2019,4,6,홛,21,9,12,2,4,2,4,183.0,820,226,40,6,16,115,108,155,68,1,9,9,1,3,20,8
326,2019,4,7,온,22,9,13,4,12,6,9,193.1,895,223,41,3,22,131,115,183,99,5,9,17,1,2,16,7
327,2019,4,8,KT,24,8,16,5,7,3,13,211.0,941,207,44,3,24,129,113,134,118,4,11,7,2,0,16,11
328,2019,4,9,KIA,22,7,14,4,9,5,7,195.0,928,228,50,10,18,151,142,143,113,7,18,16,2,0,14,7
329,2019,4,10,庸,22,7,15,3,5,4,8,199.1,863,190,37,4,17,109,92,171,81,3,7,8,2,1,16,8
330,2019,5,1,SK,26,17,9,10,14,1,15,233.2,992,232,33,5,21,98,92,193,72,3,12,7,0,2,13,5
331,2019,5,2,왍,26,16,10,10,13,7,17,234.1,984,219,43,2,9,83,69,148,71,9,14,9,1,0,25,11
332,2019,5,3,庸,26,14,12,7,12,3,10,231.0,1012,238,42,8,24,122,110,172,89,3,8,8,0,0,19,7
333,2019,5,4,KT,26,14,12,7,12,3,12,228.1,1026,266,45,7,13,140,131,150,83,4,18,6,2,2,20,11
334,2019,5,5,KIA,27,14,13,6,16,1,13,238.2,1028,249,35,4,18,113,100,193,77,3,13,11,0,1,25,9
335,2019,5,6,NC,26,13,13,6,10,3,12,232.0,1001,218,35,3,22,127,117,185,96,1,16,8,1,0,10,13
336,2019,5,7,LG,26,12,14,9,11,2,13,225.0,998,236,44,7,15,124,102,164,83,3,13,12,0,1,31,5
337,2019,5,8,Hero,27,12,15,3,11,4,15,237.0,1017,254,40,6,13,121,115,191,64,0,10,12,3,2,17,12
338,2019,5,9,홛,27,11,16,6,10,4,12,238.2,1061,251,45,2,20,125,113,172,103,1,17,15,0,0,19,11
339,2019,5,10,온,27,9,18,1,3,1,7,238.1,1137,294,44,5,25,174,167,185,124,8,21,22,1,3,18,9
340,2019,6,1,Hero,25,18,7,12,24,1,11,224.0,961,212,38,1,11,99,85,194,79,0,13,8,0,2,16,13
341,2019,6,2,SK,25,17,8,6,15,0,15,222.0,917,196,28,2,15,87,82,197,74,2,7,9,0,1,19,9
342,2019,6,3,LG,25,14,10,4,7,3,11,227.0,996,237,45,4,18,115,100,148,102,3,17,10,0,1,16,6
343,2019,6,4,KT,25,13,11,5,6,1,11,224.2,952,228,48,4,19,113,108,129,79,3,4,14,1,2,8,6
344,2019,6,5,왍,25,13,12,8,13,0,11,218.0,963,229,53,3,19,119,113,148,97,6,9,8,0,2,25,5
345,2019,6,6,庸,24,11,13,4,18,3,5,213.2,952,234,44,1,17,123,114,152,87,1,19,11,1,2,16,5
346,2019,6,7,온,24,10,12,4,12,2,12,222.0,956,220,32,1,12,94,81,183,85,9,6,21,1,0,15,9
347,2019,6,8,KIA,25,9,16,3,6,3,12,216.2,969,247,47,1,19,123,115,161,80,3,14,9,0,1,24,8
348,2019,6,9,홛,24,8,16,4,11,4,9,215.2,973,239,31,3,22,129,113,158,85,3,15,12,1,0,16,7
349,2019,6,10,NC,24,8,16,4,10,5,8,207.0,938,229,36,2,16,128,121,150,94,3,15,15,0,3,12,6
350,2019,7,1,Hero,19,14,5,6,18,2,11,169.0,685,150,30,3,6,57,45,102,47,0,7,2,0,2,12,2
351,2019,7,2,SK,19,13,6,9,15,0,11,174.2,739,157,21,1,15,71,60,167,66,1,8,3,0,1,14,3
352,2019,7,3,KT,18,11,7,8,14,1,8,161.1,699,174,25,3,19,82,80,107,48,2,10,5,0,1,10,3
353,2019,7,4,NC,19,10,8,5,10,1,9,170.1,732,162,30,5,5,79,69,121,63,0,13,11,0,1,11,7
354,2019,7,5,왍,17,9,8,5,5,2,6,153.0,649,151,27,4,11,69,62,101,45,3,8,5,0,2,10,2
355,2019,7,6,KIA,16,8,8,5,7,3,8,141.2,612,138,30,5,10,76,67,102,55,1,6,8,0,1,14,6
356,2019,7,7,LG,18,9,9,6,7,0,9,158.0,682,168,25,1,15,94,84,115,50,0,9,9,0,2,17,7
357,2019,7,8,庸,19,8,10,5,8,0,9,165.0,722,174,37,8,13,89,77,111,71,0,4,6,2,1,13,6
358,2019,7,9,온,18,4,14,2,4,3,5,154.0,693,177,35,4,17,100,93,106,63,4,9,14,0,0,11,4
359,2019,7,10,홛,19,4,15,1,1,1,6,165.0,753,195,35,3,19,124,119,120,72,0,10,5,0,1,16,9
360,2019,8,1,왍,24,17,7,9,13,1,16,212.0,879,200,38,5,9,90,86,128,55,0,14,7,2,0,11,7
361,2019,8,2,KT,25,14,10,7,13,0,10,223.0,947,214,42,4,16,89,83,145,72,2,10,7,0,0,16,6
362,2019,8,3,Hero,25,13,11,2,11,1,10,223.1,958,246,55,6,7,108,102,160,55,0,12,6,2,3,14,10
363,2019,8,4,LG,24,13,11,7,14,2,9,212.1,950,233,37,7,19,126,119,153,93,2,14,10,0,1,22,12
364,2019,8,5,SK,25,13,12,9,17,1,12,216.2,907,207,22,4,14,86,80,150,68,1,9,7,2,4,27,6
365,2019,8,6,NC,24,12,12,4,11,2,10,215.0,912,210,32,3,20,98,91,154,72,3,13,10,0,0,14,10
366,2019,8,7,KIA,26,12,13,4,13,3,10,231.0,1005,230,38,3,17,122,111,169,90,1,15,3,0,0,16,8
367,2019,8,8,홛,24,10,14,7,10,4,7,209.0,953,254,41,3,22,133,121,134,88,1,8,13,0,1,11,7
368,2019,8,9,온,25,9,15,4,4,3,7,218.0,962,242,51,4,16,129,112,162,72,6,14,7,1,2,16,3
369,2019,8,10,庸,22,7,15,4,7,1,9,195.1,899,220,41,9,21,133,128,131,95,2,18,6,0,0,12,5
370,2019,9,1,NC,20,12,7,3,4,2,8,179.0,754,172,26,1,14,58,55,137,56,0,11,10,0,0,7,7
371,2019,9,2,왍,19,11,7,2,12,3,13,173.1,707,166,20,2,14,68,64,129,25,1,6,5,2,2,12,4
372,2019,9,3,Hero,15,9,6,3,7,1,13,131.0,533,116,21,1,4,39,29,91,32,1,5,5,1,0,12,4
373,2019,9,4,LG,21,12,9,9,12,2,13,185.1,796,167,28,1,10,75,65,139,74,4,16,9,0,0,15,8
374,2019,9,5,홛,21,12,9,8,6,0,8,188.1,792,176,32,1,13,72,67,142,71,3,8,5,0,2,21,5
375,2019,9,6,KT,18,9,9,4,4,0,5,159.0,669,150,14,2,15,67,60,124,53,0,4,9,0,2,18,3
376,2019,9,7,KIA,20,9,11,6,11,0,7,171.0,752,186,34,1,10,92,76,141,55,0,9,2,0,0,21,9
377,2019,9,8,SK,18,8,10,4,10,2,10,159.1,665,155,21,1,15,74,70,134,54,2,4,6,2,1,12,3
378,2019,9,9,庸,23,10,13,5,6,2,11,201.0,884,207,39,6,23,111,96,130,72,0,11,8,0,0,14,5
379,2019,9,10,온,19,4,15,1,9,2,5,165.0,709,161,24,2,14,78,68,132,61,0,9,9,0,1,8,8
380,2020,5,1,NC,23,18,5,9,19,5,14,210.0,890,192,27,2,25,92,87,171,80,2,9,13,1,1,5,9
381,2020,5,2,LG,23,16,7,8,11,0,10,204.0,868,209,35,2,22,107,96,153,60,0,7,6,0,2,13,4
382,2020,5,3,왍,23,14,9,6,8,3,13,211.0,972,255,57,3,20,148,133,146,90,4,11,8,1,2,11,4
383,2020,5,4,KIA,24,12,12,3,8,0,12,213.2,912,220,47,7,14,120,105,191,70,2,10,7,3,2,14,11
384,2020,5,5,Hero,24,12,12,6,13,5,9,209.0,901,226,37,2,27,124,112,162,64,1,13,10,3,7,11,6
385,2020,5,6,온,23,11,12,3,11,5,7,208.1,906,210,46,2,25,118,111,158,91,1,8,13,1,0,19,11
386,2020,5,7,KT,23,10,13,2,12,7,10,204.2,935,234,31,2,22,138,127,139,86,3,16,13,0,1,13,3
387,2020,5,8,庸,24,10,14,2,9,0,8,211.0,941,221,46,3,28,132,110,151,91,2,16,6,0,2,9,6
388,2020,5,9,SK,23,7,16,3,11,6,9,204.2,905,208,44,3,18,131,110,164,93,1,9,16,0,2,21,6
389,2020,5,10,홛,24,7,17,4,5,3,11,207.0,939,235,44,9,26,127,121,180,92,2,14,9,0,0,23,8
390,2020,6,1,Hero,25,19,6,6,8,2,14,224.0,923,211,31,3,18,90,81,154,51,2,12,6,2,1,23,4
391,2020,6,2,庸,25,15,10,9,15,1,11,219.0,942,215,38,3,25,103,96,156,88,2,7,7,0,0,15,5
392,2020,6,3,NC,24,14,10,4,11,3,12,215.0,952,217,39,2,26,142,134,174,98,3,13,11,1,4,5,4
393,2020,6,4,KIA,21,12,9,8,13,3,10,177.2,756,167,32,4,15,84,76,158,57,0,7,12,0,1,14,1
394,2020,6,5,왍,25,14,11,6,6,2,10,218.2,969,250,54,4,17,130,117,175,72,1,11,15,0,1,8,4
395,2020,6,6,온,23,12,11,4,9,2,11,205.2,864,205,29,1,26,105,102,158,56,5,9,12,0,0,15,1
396,2020,6,7,LG,25,12,13,4,11,4,15,226.2,1015,226,44,4,19,123,118,187,104,5,22,8,0,1,15,7
397,2020,6,8,KT,25,11,14,5,8,3,8,219.2,968,248,43,0,31,141,135,127,81,3,7,9,0,1,6,5
398,2020,6,9,SK,25,7,18,2,7,5,11,220.1,987,227,35,3,27,118,111,179,105,2,18,14,2,0,26,9
399,2020,6,10,홛,24,5,19,2,8,2,4,209.2,1004,271,46,4,33,177,151,189,102,8,13,11,2,1,20,10
400,2020,7,1,KT,15,10,4,4,3,2,9,137.0,584,134,22,1,10,70,69,97,55,2,6,5,1,2,9,1
401,2020,7,2,NC,15,9,4,2,2,1,10,138.0,572,121,20,0,14,59,59,109,48,0,10,7,1,1,6,7
402,2020,7,3,왍,15,9,6,3,7,0,6,132.0,573,142,22,2,11,70,64,97,45,3,3,2,0,1,13,2
403,2020,7,4,庸,15,9,6,2,16,5,5,133.0,580,134,19,2,15,78,73,88,59,1,8,6,2,2,6,4
404,2020,7,5,KIA,16,9,7,2,6,2,5,143.1,624,157,20,4,18,78,74,107,61,0,3,8,1,1,8,4
405,2020,7,6,Hero,16,7,9,5,11,2,4,141.0,661,193,25,3,22,118,111,99,60,0,7,6,0,1,7,5
406,2020,7,7,온,15,6,9,2,7,1,5,133.1,604,156,23,2,20,97,80,96,49,2,4,14,0,0,10,2
407,2020,7,8,SK,16,6,10,4,10,0,7,136.1,624,155,29,2,13,89,83,100,71,1,7,13,0,0,26,8
408,2020,7,9,LG,15,5,9,1,4,3,10,135.2,616,182,31,2,19,96,81,97,39,0,5,3,0,1,8,8
409,2020,7,10,홛,16,5,11,1,8,3,4,139.2,635,153,23,0,18,76,70,117,64,5,10,12,0,1,13,5
