,찗옷,,쩢챦,챶,썭쐑,QS,쾟,핔,溶/9,줲/9,탿임/9,/줲,쮇콪,狗牡,천콪,큞PS,WHIP,BABIP,LOB%,ERA,RA9-WAR,FIP,kFIP,WAR
0,2015,3,1,왍,2,1,0,0,4.50,3.00,0.00,1.50,0.269,0.329,0.313,0.642,1.33,0.300,80.0,2.50,0.76,3.78,4.01,0.39
1,2015,3,2,KIA,2,1,0,0,6.00,3.50,0.00,1.71,0.324,0.382,0.456,0.837,1.61,0.386,75.9,3.50,0.96,3.45,3.55,0.40
2,2015,3,3,온,3,2,0,0,6.84,6.12,0.72,1.12,0.295,0.404,0.400,0.804,1.80,0.347,74.1,5.04,0.76,5.06,5.21,0.49
3,2015,3,4,庸,3,1,0,0,7.00,4.67,0.33,1.50,0.216,0.319,0.340,0.659,1.30,0.263,63.6,4.67,0.64,4.21,4.30,0.39
4,2015,3,5,홛,2,1,0,0,6.20,4.43,0.89,1.40,0.205,0.318,0.342,0.660,1.23,0.228,78.5,3.54,1.08,5.29,5.46,0.22
5,2015,3,6,Hero,2,0,0,0,6.86,5.57,0.43,1.23,0.257,0.385,0.351,0.736,1.52,0.310,77.4,3.86,0.81,5.00,5.18,0.16
6,2015,3,7,SK,2,0,0,0,4.76,4.76,0.53,1.00,0.292,0.378,0.375,0.753,1.76,0.323,74.3,4.76,0.28,5.09,5.40,0.10
7,2015,3,8,NC,2,1,0,0,2.81,3.38,2.25,0.83,0.297,0.352,0.516,0.868,1.56,0.268,61.9,5.62,0.07,7.18,7.57,-0.21
8,2015,3,9,LG,3,1,0,0,7.23,5.32,1.90,1.36,0.290,0.385,0.505,0.891,1.73,0.314,71.4,6.46,0.30,6.53,6.64,-0.07
9,2015,3,10,KT,3,0,0,0,7.92,4.68,2.16,1.69,0.327,0.410,0.598,1.008,1.92,0.367,60.1,8.28,-0.42,6.78,6.82,-0.11
10,2015,4,1,庸,23,17,0,0,8.88,2.51,0.92,3.54,0.251,0.311,0.392,0.703,1.22,0.310,74.9,3.61,7.08,3.99,3.78,5.66
11,2015,4,2,왍,22,10,1,1,8.91,4.79,1.07,1.86,0.259,0.356,0.409,0.765,1.50,0.319,69.1,4.84,5.36,4.90,4.83,2.84
12,2015,4,3,LG,23,7,0,0,6.95,3.45,0.96,2.01,0.267,0.346,0.414,0.759,1.38,0.308,71.9,4.24,5.30,4.81,4.85,2.57
13,2015,4,4,SK,22,5,0,0,8.13,3.32,0.98,2.45,0.242,0.318,0.380,0.698,1.28,0.289,69.9,4.06,4.75,4.44,4.34,3.41
14,2015,4,5,홛,22,3,0,0,7.54,4.69,1.01,1.61,0.268,0.368,0.393,0.760,1.54,0.314,68.2,5.06,3.70,5.19,5.25,1.87
15,2015,4,6,Hero,23,8,0,0,9.27,3.72,0.98,2.49,0.259,0.338,0.401,0.740,1.41,0.326,68.0,4.79,3.95,4.37,4.20,3.90
16,2015,4,7,온,22,12,1,0,7.89,3.02,0.97,2.62,0.273,0.335,0.405,0.740,1.39,0.325,69.6,4.55,5.90,4.34,4.24,4.24
17,2015,4,8,NC,22,7,0,0,6.95,3.68,1.03,1.89,0.260,0.344,0.417,0.761,1.38,0.293,63.2,5.41,2.23,5.09,5.15,1.74
18,2015,4,9,KIA,23,7,0,0,6.92,4.51,1.12,1.53,0.274,0.368,0.463,0.831,1.54,0.312,72.9,4.77,4.34,5.34,5.43,1.32
19,2015,4,10,KT,22,5,0,0,6.95,5.93,1.29,1.17,0.294,0.401,0.462,0.864,1.79,0.334,70.4,5.52,2.32,5.99,6.16,0.07
20,2015,5,1,NC,26,9,0,0,7.62,3.52,0.69,2.16,0.241,0.328,0.346,0.674,1.28,0.292,75.9,3.41,8.77,4.32,4.29,4.29
21,2015,5,2,Hero,27,11,0,0,7.72,3.80,1.18,2.03,0.276,0.354,0.441,0.795,1.49,0.321,68.0,5.06,3.68,5.02,5.00,2.71
22,2015,5,3,庸,25,13,1,0,8.59,2.66,1.27,3.23,0.256,0.317,0.428,0.746,1.27,0.304,74.4,4.01,6.56,4.59,4.42,4.04
23,2015,5,4,왍,23,10,1,1,7.17,4.03,1.06,1.78,0.288,0.368,0.434,0.802,1.58,0.330,65.9,5.75,3.98,5.09,5.14,2.58
24,2015,5,5,온,27,9,0,0,7.72,4.05,1.20,1.91,0.290,0.373,0.464,0.837,1.58,0.339,69.5,5.29,3.49,5.16,5.15,1.83
25,2015,5,6,SK,25,8,0,0,8.39,3.71,1.09,2.26,0.249,0.327,0.398,0.725,1.36,0.297,72.0,4.28,6.06,4.63,4.53,3.65
26,2015,5,7,홛,27,5,0,0,6.76,4.97,0.95,1.36,0.291,0.385,0.427,0.813,1.69,0.334,68.5,5.47,2.78,5.23,5.36,1.87
27,2015,5,8,KIA,25,10,0,0,7.35,4.17,0.99,1.76,0.275,0.369,0.417,0.786,1.48,0.324,73.3,4.46,4.00,5.05,5.09,1.97
28,2015,5,9,LG,26,8,0,0,8.10,3.66,1.01,2.21,0.296,0.372,0.451,0.822,1.56,0.357,66.6,5.61,3.64,4.69,4.63,3.49
29,2015,5,10,KT,27,8,0,0,7.89,4.08,1.01,1.94,0.292,0.372,0.449,0.821,1.59,0.346,59.9,5.72,0.50,4.87,4.85,2.69
30,2015,6,1,Hero,21,6,0,0,7.60,3.56,1.25,2.14,0.269,0.345,0.419,0.764,1.42,0.309,73.3,4.33,3.83,5.13,5.12,1.75
31,2015,6,2,LG,23,9,2,1,7.85,2.89,0.66,2.71,0.268,0.341,0.383,0.724,1.34,0.329,72.6,3.81,5.40,4.03,3.94,4.36
32,2015,6,3,KIA,20,10,1,1,6.38,3.50,0.93,1.82,0.264,0.342,0.402,0.744,1.38,0.300,73.3,4.32,5.48,4.91,5.00,2.03
33,2015,6,4,홛,22,6,1,0,6.97,3.99,1.28,1.75,0.245,0.330,0.402,0.732,1.36,0.271,74.3,3.67,5.13,5.33,5.38,1.57
34,2015,6,5,庸,21,11,1,0,7.78,3.06,1.26,2.54,0.265,0.328,0.437,0.765,1.36,0.306,66.3,5.06,3.61,4.83,4.76,2.78
35,2015,6,6,왍,23,9,1,0,7.34,3.45,0.97,2.13,0.267,0.339,0.424,0.763,1.40,0.313,72.3,4.46,5.27,4.66,4.65,2.85
36,2015,6,7,NC,22,6,0,0,7.41,3.12,0.94,2.38,0.281,0.348,0.420,0.767,1.46,0.329,69.8,4.63,3.48,4.57,4.55,2.92
37,2015,6,8,KT,23,5,1,0,7.98,3.79,1.07,2.11,0.309,0.379,0.464,0.843,1.68,0.367,62.7,5.93,1.53,4.80,4.75,2.50
38,2015,6,9,SK,22,9,1,1,7.92,3.29,0.82,2.40,0.288,0.356,0.425,0.780,1.49,0.346,68.2,4.81,3.64,4.27,4.18,3.49
39,2015,6,10,온,21,8,1,1,6.73,2.87,1.58,2.34,0.318,0.367,0.493,0.860,1.65,0.350,62.0,5.98,1.03,5.41,5.43,1.17
40,2015,7,1,庸,21,10,0,0,8.09,3.40,1.63,2.38,0.284,0.353,0.488,0.840,1.51,0.324,69.8,5.31,2.71,5.46,5.39,1.31
41,2015,7,2,Hero,20,7,0,0,6.90,2.98,0.79,2.32,0.283,0.339,0.411,0.750,1.43,0.326,60.3,5.06,1.79,4.30,4.30,3.04
42,2015,7,3,왍,21,8,0,0,6.98,3.66,0.77,1.91,0.300,0.373,0.431,0.804,1.58,0.352,67.0,5.39,3.55,4.57,4.61,2.47
43,2015,7,4,온,22,10,1,0,7.42,3.20,0.67,2.32,0.276,0.348,0.393,0.741,1.40,0.333,74.1,3.95,7.26,4.14,4.10,3.96
44,2015,7,5,SK,19,10,1,0,7.28,3.18,1.23,2.29,0.290,0.356,0.448,0.804,1.47,0.335,73.8,4.61,4.88,4.88,4.86,2.04
45,2015,7,6,홛,20,3,0,0,6.13,4.42,1.41,1.39,0.277,0.367,0.442,0.809,1.56,0.299,68.3,5.53,2.23,5.84,6.00,0.12
46,2015,7,7,KIA,22,4,0,0,6.74,4.26,0.83,1.58,0.304,0.384,0.444,0.828,1.67,0.352,65.8,5.09,2.24,4.88,4.98,1.97
47,2015,7,8,KT,18,5,1,0,6.49,3.04,1.23,2.13,0.316,0.375,0.480,0.855,1.60,0.355,66.0,5.73,2.37,5.13,5.19,1.58
48,2015,7,9,NC,20,9,0,0,7.19,3.09,1.25,2.32,0.282,0.358,0.456,0.814,1.41,0.321,71.5,4.84,3.48,5.15,5.15,1.95
49,2015,7,10,LG,19,7,0,0,7.39,3.45,0.96,2.14,0.274,0.352,0.417,0.769,1.43,0.322,66.4,5.10,4.05,4.65,4.63,2.73
50,2015,8,1,NC,24,13,0,0,8.12,2.46,0.92,3.31,0.234,0.298,0.370,0.668,1.13,0.281,75.9,3.33,8.86,4.16,4.03,5.89
51,2015,8,2,庸,24,12,1,0,8.35,3.45,1.29,2.42,0.296,0.363,0.469,0.832,1.57,0.352,69.3,5.48,3.60,4.87,4.76,3.18
52,2015,8,3,왍,24,12,0,0,7.83,3.88,0.71,2.02,0.263,0.347,0.383,0.730,1.42,0.322,71.9,3.96,6.42,4.31,4.28,4.43
53,2015,8,4,KT,25,5,0,0,7.37,4.13,0.96,1.79,0.294,0.380,0.431,0.812,1.61,0.346,68.3,5.41,3.04,5.04,5.08,2.00
54,2015,8,5,KIA,24,8,0,0,6.12,3.17,1.20,1.93,0.291,0.356,0.453,0.809,1.47,0.320,72.0,4.92,4.40,5.20,5.29,1.63
55,2015,8,6,LG,25,12,0,0,6.70,3.23,0.93,2.08,0.274,0.345,0.404,0.750,1.40,0.315,67.5,4.52,4.20,4.68,4.71,3.13
56,2015,8,7,Hero,25,9,0,0,7.53,3.93,0.94,1.92,0.300,0.378,0.447,0.825,1.64,0.356,65.0,5.65,2.35,4.84,4.86,2.30
57,2015,8,8,온,23,8,0,0,6.10,3.14,1.35,1.94,0.318,0.382,0.480,0.862,1.62,0.349,65.0,6.14,0.76,5.53,5.65,0.12
58,2015,8,9,홛,25,9,3,2,5.90,4.38,0.82,1.35,0.274,0.367,0.415,0.781,1.53,0.310,68.8,4.96,4.62,5.06,5.23,1.74
59,2015,8,10,SK,25,10,1,1,8.71,4.15,1.34,2.10,0.303,0.381,0.486,0.867,1.66,0.367,69.1,5.74,3.74,5.06,4.96,2.67
60,2015,9,1,NC,24,8,1,0,7.53,2.70,1.45,2.79,0.288,0.345,0.458,0.803,1.43,0.326,75.9,4.62,5.59,5.14,5.08,2.55
61,2015,9,2,庸,24,9,1,1,8.65,2.88,1.53,3.00,0.274,0.331,0.457,0.788,1.39,0.321,67.5,5.16,3.60,4.91,4.74,2.79
62,2015,9,3,SK,26,14,0,0,8.22,3.83,1.07,2.14,0.275,0.355,0.429,0.783,1.48,0.331,70.7,4.82,4.96,4.74,4.67,3.07
63,2015,9,4,Hero,23,7,1,1,5.41,3.41,1.06,1.58,0.300,0.370,0.451,0.822,1.56,0.327,67.5,5.14,3.86,5.27,5.44,1.72
64,2015,9,5,LG,21,11,1,0,7.92,3.84,0.73,2.06,0.276,0.353,0.386,0.740,1.48,0.338,69.3,4.52,5.11,4.24,4.18,3.93
65,2015,9,6,온,23,10,0,0,7.05,3.91,1.19,1.80,0.266,0.348,0.425,0.773,1.45,0.300,69.0,4.63,4.75,5.24,5.29,1.82
66,2015,9,7,왍,25,7,0,0,6.56,4.72,1.38,1.39,0.312,0.396,0.483,0.879,1.77,0.347,63.7,6.52,0.34,5.87,6.02,-0.15
67,2015,9,8,KIA,23,4,0,0,8.42,4.16,1.16,2.02,0.275,0.357,0.430,0.787,1.53,0.330,67.0,5.24,3.13,4.93,4.87,2.14
68,2015,9,9,홛,23,9,1,1,5.70,5.01,1.26,1.14,0.303,0.396,0.474,0.871,1.73,0.326,66.3,6.31,2.22,6.07,6.33,0.10
69,2015,9,10,KT,22,4,1,0,7.40,3.73,1.02,1.99,0.328,0.393,0.477,0.869,1.74,0.385,71.3,5.23,2.63,4.78,4.78,2.13
70,2015,10,1,庸,3,2,0,0,10.61,1.61,0.96,6.60,0.175,0.221,0.309,0.530,0.79,0.226,79.8,2.25,1.43,3.29,2.86,1.11
71,2015,10,2,왍,4,1,0,0,8.50,4.25,0.25,2.00,0.200,0.305,0.254,0.558,1.19,0.260,80.7,2.00,1.98,3.67,3.59,0.92
72,2015,10,3,NC,4,2,0,0,7.58,2.13,0.95,3.56,0.267,0.319,0.353,0.672,1.29,0.313,90.5,1.89,1.62,4.25,4.15,0.67
73,2015,10,4,Hero,3,1,0,0,9.67,3.67,0.67,2.64,0.274,0.342,0.368,0.710,1.48,0.360,80.6,2.33,1.19,3.65,3.42,0.70
74,2015,10,5,LG,4,2,0,0,7.50,3.25,0.25,2.31,0.277,0.340,0.365,0.705,1.42,0.343,69.2,3.50,0.97,3.48,3.43,1.01
75,2015,10,6,KT,4,2,0,0,8.15,2.33,0.70,3.50,0.254,0.318,0.408,0.727,1.19,0.314,78.6,2.79,1.82,3.67,3.49,1.36
76,2015,10,7,홛,3,1,0,0,5.40,2.88,1.08,1.88,0.237,0.297,0.376,0.673,1.20,0.253,73.6,3.24,0.53,4.94,5.07,0.35
77,2015,10,8,SK,3,1,0,0,7.00,4.00,0.67,1.75,0.257,0.336,0.376,0.712,1.41,0.300,69.1,4.33,0.62,4.47,4.52,0.38
78,2015,10,9,온,3,0,0,0,5.40,2.52,1.44,2.14,0.314,0.369,0.490,0.860,1.56,0.337,65.0,6.48,0.24,5.46,5.57,0.09
79,2015,10,10,KIA,5,0,0,0,5.20,6.40,0.60,0.81,0.310,0.429,0.423,0.852,1.87,0.340,71.4,5.20,0.60,5.86,6.25,0.06
80,2016,4,1,왍,24,16,0,0,7.83,3.08,0.54,2.54,0.258,0.326,0.364,0.690,1.32,0.318,76.0,3.21,8.75,4.01,3.85,6.02
81,2016,4,2,SK,25,16,0,0,6.90,3.33,1.00,2.07,0.237,0.318,0.362,0.680,1.23,0.269,77.3,3.49,8.18,5.04,5.03,3.26
82,2016,4,3,NC,23,11,0,0,8.42,2.85,0.76,2.95,0.243,0.321,0.363,0.684,1.23,0.301,70.7,3.83,6.23,4.31,4.10,4.96
83,2016,4,4,LG,22,7,1,1,7.25,3.67,0.68,1.98,0.290,0.364,0.410,0.773,1.53,0.346,65.4,5.03,4.18,4.46,4.39,4.08
84,2016,4,5,KT,25,6,0,0,6.27,3.85,0.83,1.63,0.273,0.356,0.413,0.769,1.48,0.311,70.1,4.53,5.66,5.07,5.15,2.38
85,2016,4,6,온,25,8,1,1,7.84,4.58,0.99,1.71,0.285,0.371,0.416,0.787,1.61,0.339,71.9,4.54,4.81,5.05,4.94,3.27
86,2016,4,7,Hero,24,9,0,0,6.49,2.64,0.84,2.46,0.288,0.340,0.419,0.759,1.42,0.329,72.0,4.02,6.83,4.55,4.52,4.38
87,2016,4,8,庸,23,11,0,0,6.94,3.58,1.16,1.94,0.289,0.357,0.446,0.804,1.53,0.327,68.1,5.33,3.97,5.26,5.23,2.21
88,2016,4,9,KIA,22,12,1,0,6.96,4.18,0.88,1.67,0.280,0.362,0.397,0.759,1.55,0.326,72.6,4.27,5.50,5.02,5.01,2.66
89,2016,4,10,홛,23,2,0,0,7.70,5.61,1.26,1.37,0.279,0.386,0.445,0.831,1.69,0.323,65.4,5.70,2.38,5.90,5.89,0.85
90,2016,5,1,왍,25,12,0,0,7.62,3.83,0.97,1.99,0.302,0.375,0.463,0.839,1.64,0.358,70.7,5.28,3.86,4.95,4.86,3.28
91,2016,5,2,NC,23,8,0,0,8.52,3.46,1.04,2.46,0.272,0.348,0.409,0.756,1.44,0.330,72.6,4.59,6.01,4.80,4.59,3.94
92,2016,5,3,Hero,25,9,0,0,5.24,3.11,0.82,1.68,0.293,0.357,0.441,0.797,1.48,0.323,70.6,4.58,5.87,5.02,5.19,2.46
93,2016,5,4,KIA,25,12,2,1,5.93,4.26,1.10,1.39,0.292,0.373,0.444,0.817,1.62,0.322,67.4,5.24,4.38,5.57,5.70,2.47
94,2016,5,5,LG,23,6,0,0,5.93,4.39,0.70,1.35,0.289,0.372,0.409,0.781,1.62,0.327,66.4,5.40,4.69,5.08,5.22,2.93
95,2016,5,6,庸,26,8,0,0,6.52,3.84,1.24,1.70,0.297,0.371,0.458,0.830,1.59,0.331,66.9,5.66,3.19,5.60,5.65,1.86
96,2016,5,7,온,24,8,1,0,7.43,4.00,1.61,1.86,0.302,0.375,0.486,0.862,1.67,0.338,64.5,6.52,2.12,5.94,5.88,1.27
97,2016,5,8,홛,25,4,1,0,6.47,5.48,1.20,1.18,0.329,0.421,0.481,0.901,1.93,0.369,61.5,7.42,0.33,6.10,6.24,1.21
98,2016,5,9,SK,24,9,0,0,6.08,3.98,1.24,1.53,0.303,0.380,0.482,0.862,1.64,0.333,66.1,5.48,1.68,5.70,5.81,1.11
99,2016,5,10,KT,24,7,1,1,6.95,4.19,1.26,1.66,0.291,0.371,0.475,0.846,1.62,0.329,62.9,5.90,3.20,5.60,5.60,2.31
100,2016,6,1,NC,23,6,0,0,7.79,4.33,0.74,1.80,0.277,0.363,0.403,0.766,1.55,0.336,70.0,4.72,5.33,4.74,4.65,3.51
101,2016,6,2,왍,25,14,1,1,6.79,3.29,1.06,2.06,0.256,0.328,0.405,0.733,1.34,0.289,73.8,3.74,6.97,5.06,5.04,3.44
102,2016,6,3,Hero,25,11,0,0,6.46,3.15,1.13,2.05,0.296,0.353,0.452,0.805,1.52,0.329,62.4,5.77,2.81,5.13,5.13,2.67
103,2016,6,4,홛,24,5,0,0,6.35,3.91,0.86,1.62,0.279,0.354,0.404,0.758,1.52,0.318,66.6,4.76,5.05,4.99,5.03,2.14
104,2016,6,5,SK,26,12,1,0,7.03,3.39,1.03,2.07,0.274,0.341,0.409,0.750,1.45,0.315,70.0,4.26,5.51,4.92,4.86,3.34
105,2016,6,6,KIA,25,9,1,0,7.06,3.51,0.77,2.01,0.301,0.362,0.422,0.783,1.61,0.351,66.3,5.37,3.98,4.55,4.48,3.45
106,2016,6,7,온,25,9,0,0,8.10,3.75,0.97,2.16,0.280,0.357,0.450,0.806,1.51,0.337,65.0,5.64,4.16,4.76,4.60,3.79
107,2016,6,8,KT,24,6,0,0,6.28,3.34,1.16,1.88,0.327,0.388,0.489,0.877,1.74,0.365,66.0,6.03,2.99,5.39,5.45,2.21
108,2016,6,9,LG,25,12,0,0,5.68,3.56,1.08,1.60,0.280,0.362,0.422,0.783,1.49,0.305,66.4,5.16,3.23,5.56,5.72,1.60
109,2016,6,10,庸,26,8,1,0,6.72,3.75,1.62,1.79,0.307,0.381,0.499,0.879,1.67,0.338,67.4,6.18,2.39,6.10,6.13,0.82
110,2016,7,1,Hero,21,4,0,0,6.20,3.40,1.35,1.82,0.309,0.367,0.478,0.845,1.63,0.337,72.6,5.08,3.60,5.55,5.59,1.33
111,2016,7,2,홛,21,4,0,0,6.67,3.66,0.70,1.82,0.277,0.353,0.391,0.744,1.49,0.321,67.6,4.93,4.15,4.75,4.77,2.53
112,2016,7,3,NC,20,3,0,0,8.13,3.68,1.18,2.21,0.280,0.355,0.434,0.788,1.50,0.333,67.8,5.32,3.41,5.08,4.92,2.19
113,2016,7,4,KIA,23,12,2,0,5.38,4.03,1.09,1.34,0.282,0.359,0.438,0.797,1.54,0.303,70.4,4.64,4.63,5.60,5.78,1.35
114,2016,7,5,庸,18,7,0,0,6.04,3.48,1.31,1.73,0.281,0.353,0.443,0.796,1.46,0.303,69.4,4.90,2.88,5.71,5.81,0.81
115,2016,7,6,온,20,7,0,0,6.23,4.71,1.37,1.32,0.302,0.389,0.479,0.869,1.72,0.331,65.2,6.08,1.39,6.09,6.21,0.10
116,2016,7,7,왍,21,10,0,0,5.01,3.99,1.11,1.25,0.281,0.359,0.443,0.802,1.51,0.296,64.4,5.78,3.26,5.79,6.03,1.31
117,2016,7,8,SK,22,7,0,0,6.45,4.62,1.19,1.40,0.299,0.381,0.468,0.848,1.71,0.332,64.8,5.86,1.92,5.72,5.81,1.53
118,2016,7,9,KT,20,2,0,0,6.88,5.17,1.09,1.33,0.324,0.414,0.489,0.903,1.87,0.371,60.7,7.14,0.81,5.76,5.84,0.88
119,2016,7,10,LG,22,8,0,0,6.03,3.99,1.25,1.51,0.296,0.378,0.467,0.845,1.62,0.323,63.7,6.26,1.43,5.85,6.00,1.13
120,2016,8,1,왍,24,12,0,0,6.64,3.40,1.20,1.95,0.284,0.354,0.442,0.796,1.48,0.319,75.0,4.40,5.66,5.34,5.35,1.59
121,2016,8,2,LG,26,10,0,0,6.97,3.55,0.70,1.97,0.290,0.364,0.410,0.774,1.54,0.338,64.5,5.14,5.15,4.64,4.63,4.04
122,2016,8,3,Hero,23,6,0,0,6.60,2.95,1.10,2.24,0.277,0.341,0.416,0.757,1.41,0.310,71.4,4.53,5.26,5.12,5.12,2.70
123,2016,8,4,NC,23,5,0,0,7.02,3.98,0.76,1.76,0.267,0.346,0.379,0.725,1.49,0.309,68.4,4.69,5.16,4.83,4.82,2.58
124,2016,8,5,庸,23,7,1,0,6.00,3.40,1.25,1.76,0.300,0.367,0.465,0.833,1.59,0.329,64.9,5.82,2.53,5.60,5.69,1.06
125,2016,8,6,KIA,24,5,0,0,7.65,4.31,0.80,1.77,0.307,0.384,0.437,0.821,1.71,0.366,63.3,5.96,1.97,4.80,4.72,2.92
126,2016,8,7,SK,25,7,0,0,6.38,3.68,1.02,1.73,0.292,0.365,0.431,0.796,1.56,0.329,66.5,5.52,4.04,5.21,5.26,2.24
127,2016,8,8,홛,24,3,0,0,7.20,3.86,1.29,1.87,0.300,0.373,0.453,0.827,1.63,0.341,62.2,6.30,2.39,5.49,5.46,1.64
128,2016,8,9,온,23,12,0,0,6.86,3.61,1.34,1.90,0.308,0.376,0.488,0.864,1.64,0.348,69.6,5.57,4.16,5.49,5.47,2.55
129,2016,8,10,KT,23,7,0,0,8.09,3.36,1.23,2.41,0.318,0.379,0.497,0.876,1.70,0.377,60.4,6.45,0.60,5.04,4.86,2.32
130,2016,9,1,왍,22,11,1,1,7.02,3.28,0.92,2.14,0.281,0.350,0.410,0.759,1.44,0.326,74.3,4.34,6.17,4.81,4.76,3.64
131,2016,9,2,LG,21,10,1,1,5.97,3.27,0.71,1.83,0.257,0.332,0.370,0.702,1.33,0.292,73.4,3.55,6.85,4.77,4.86,2.59
132,2016,9,3,NC,25,6,0,0,8.13,3.65,1.31,2.23,0.270,0.344,0.424,0.767,1.44,0.317,77.3,4.20,6.97,5.20,5.02,3.41
133,2016,9,4,온,21,5,0,0,6.51,4.30,0.78,1.51,0.303,0.384,0.465,0.848,1.67,0.348,64.6,5.48,2.87,5.04,5.11,2.57
134,2016,9,5,庸,23,7,0,0,6.86,3.89,1.44,1.76,0.295,0.374,0.470,0.844,1.62,0.329,68.2,5.99,3.81,5.86,5.89,1.64
135,2016,9,6,홛,23,6,0,0,6.37,4.03,1.13,1.58,0.327,0.397,0.468,0.864,1.75,0.368,69.1,5.72,2.95,5.38,5.42,1.17
136,2016,9,7,KIA,20,7,0,0,7.39,3.54,1.04,2.09,0.284,0.354,0.415,0.769,1.49,0.329,70.4,4.68,4.52,4.97,4.89,2.83
137,2016,9,8,Hero,21,5,0,0,6.64,3.32,1.09,2.00,0.306,0.374,0.460,0.834,1.60,0.347,66.5,6.09,2.71,5.26,5.29,1.59
138,2016,9,9,SK,19,9,0,0,7.26,3.47,0.96,2.09,0.283,0.352,0.426,0.778,1.50,0.328,61.8,5.50,2.43,4.83,4.75,2.32
139,2016,9,10,KT,23,9,0,0,6.94,4.08,0.73,1.70,0.328,0.401,0.470,0.871,1.79,0.385,64.5,6.22,2.65,4.84,4.85,3.42
140,2016,10,1,홛,4,1,0,0,7.05,3.41,1.22,2.07,0.283,0.354,0.441,0.795,1.49,0.319,82.4,3.89,0.93,5.28,5.24,0.29
141,2016,10,2,SK,3,0,0,0,6.92,3.12,0.69,2.22,0.227,0.310,0.330,0.640,1.12,0.269,74.5,3.46,1.13,4.52,4.49,0.55
142,2016,10,3,왍,3,0,0,0,7.07,3.86,0.32,1.83,0.333,0.398,0.439,0.837,1.79,0.389,65.9,5.79,0.35,4.29,4.30,0.64
143,2016,10,4,KIA,5,1,1,0,9.46,3.35,0.39,2.82,0.244,0.314,0.320,0.634,1.29,0.320,72.2,3.35,1.78,3.44,3.07,1.37
144,2016,10,5,NC,7,3,0,0,8.44,2.81,0.84,3.00,0.210,0.275,0.318,0.592,1.08,0.256,68.2,3.66,1.97,4.12,3.84,1.67
145,2016,10,6,Hero,5,1,0,0,7.33,2.30,1.67,3.18,0.279,0.333,0.459,0.793,1.37,0.310,76.8,3.98,1.06,5.56,5.44,0.45
146,2016,10,7,KT,5,1,0,0,8.37,3.98,0.42,2.11,0.326,0.397,0.448,0.845,1.74,0.412,70.1,4.40,0.90,4.00,3.81,0.98
147,2016,10,8,庸,5,1,0,0,7.36,2.66,1.64,2.77,0.306,0.360,0.509,0.868,1.50,0.346,70.4,4.50,1.01,5.54,5.42,0.75
148,2016,10,9,LG,5,0,0,0,7.36,4.70,0.82,1.57,0.290,0.379,0.414,0.794,1.64,0.346,71.6,4.91,0.90,5.04,5.02,0.35
149,2016,10,10,온,6,1,0,0,6.13,4.64,0.50,1.32,0.308,0.394,0.408,0.802,1.71,0.350,64.3,5.80,0.82,5.02,5.19,0.88
150,2017,3,1,왍,1,1,0,0,8.00,3.00,0.00,2.67,0.138,0.219,0.138,0.357,0.78,0.190,100.0,0.00,0.80,2.96,2.80,0.33
151,2017,3,2,LG,1,1,0,0,6.00,4.00,0.00,1.50,0.167,0.265,0.300,0.565,1.00,0.208,88.9,1.00,0.73,3.73,3.83,0.32
152,2017,3,3,KT,1,1,0,0,8.00,0.00,0.00,-,0.242,0.265,0.273,0.537,0.89,0.320,77.8,2.00,0.55,2.29,2.16,0.40
153,2017,3,4,KIA,1,1,0,0,7.00,1.00,2.00,7.00,0.226,0.250,0.452,0.702,0.89,0.227,115.4,2.00,0.49,5.40,5.27,0.15
154,2017,3,5,NC,1,1,0,0,8.00,0.00,1.00,-,0.212,0.235,0.364,0.599,0.78,0.250,45.5,3.00,0.30,3.73,3.59,0.24
155,2017,3,6,Hero,1,1,0,0,10.00,3.00,1.00,3.33,0.129,0.206,0.226,0.432,0.78,0.150,89.3,1.00,0.41,3.96,3.55,0.21
156,2017,3,7,홛,1,1,0,0,9.00,2.25,0.00,4.00,0.148,0.242,0.185,0.428,0.75,0.190,62.5,1.12,0.32,3.23,3.17,0.27
157,2017,3,8,SK,1,1,0,0,8.00,2.00,1.00,4.00,0.257,0.297,0.400,0.697,1.22,0.308,83.3,2.00,0.33,3.73,3.51,0.25
158,2017,3,9,온,1,0,0,0,10.12,4.50,1.12,2.25,0.344,0.447,0.594,1.041,1.88,0.455,70.5,5.62,0.05,5.36,5.19,0.13
159,2017,3,10,庸,1,1,0,0,5.00,8.00,3.00,0.62,0.206,0.357,0.559,0.916,1.67,0.154,74.1,6.00,-0.03,9.62,9.87,-0.34
160,2017,4,1,KIA,25,16,3,1,7.35,2.57,0.76,2.86,0.307,0.356,0.430,0.786,1.52,0.364,69.4,4.74,6.26,4.17,4.10,4.81
161,2017,4,2,NC,25,10,0,0,8.56,3.77,1.07,2.27,0.237,0.326,0.363,0.689,1.31,0.284,74.0,4.04,7.33,4.88,4.74,3.79
162,2017,4,3,LG,25,11,0,0,7.81,2.63,0.78,2.97,0.241,0.306,0.355,0.661,1.19,0.288,77.5,3.04,8.03,4.18,4.09,4.22
163,2017,4,4,SK,25,6,0,0,7.43,3.55,0.93,2.09,0.279,0.352,0.397,0.749,1.49,0.326,71.9,4.60,4.22,4.81,4.78,2.91
164,2017,4,5,온,25,8,0,0,8.23,2.55,1.09,3.22,0.265,0.324,0.406,0.730,1.30,0.314,76.1,3.97,6.63,4.49,4.34,4.47
165,2017,4,6,Hero,25,11,0,0,6.33,2.18,0.86,2.91,0.278,0.328,0.413,0.741,1.34,0.315,65.6,4.93,4.45,4.47,4.52,3.74
166,2017,4,7,왍,25,9,0,0,6.75,3.95,0.67,1.71,0.279,0.358,0.403,0.761,1.54,0.327,67.1,4.62,4.50,4.60,4.64,3.75
167,2017,4,8,KT,25,12,2,2,6.25,2.30,0.86,2.71,0.277,0.330,0.405,0.735,1.35,0.315,69.0,4.32,6.43,4.55,4.62,3.65
168,2017,4,9,홛,25,11,0,0,6.42,3.33,0.68,1.93,0.268,0.338,0.377,0.715,1.39,0.307,65.7,4.53,4.12,4.55,4.62,2.93
169,2017,4,10,庸,25,9,1,0,7.45,3.72,0.93,2.00,0.287,0.366,0.442,0.808,1.54,0.337,62.1,5.87,2.23,4.92,4.91,3.17
170,2017,5,1,KIA,26,19,0,0,6.47,2.76,0.83,2.34,0.290,0.350,0.411,0.761,1.44,0.333,73.7,4.12,6.73,4.58,4.64,3.78
171,2017,5,2,왍,23,13,2,2,6.89,2.97,0.57,2.32,0.263,0.336,0.366,0.702,1.32,0.314,76.0,3.53,7.84,4.27,4.32,3.60
172,2017,5,3,SK,25,10,0,0,7.27,3.24,0.83,2.24,0.273,0.347,0.417,0.764,1.41,0.323,71.6,4.31,6.05,4.58,4.57,3.65
173,2017,5,4,온,24,10,0,0,7.00,4.56,0.93,1.54,0.275,0.363,0.418,0.781,1.57,0.318,70.9,4.68,4.73,5.11,5.12,2.65
174,2017,5,5,Hero,25,12,0,0,6.35,2.41,0.60,2.63,0.292,0.351,0.427,0.778,1.42,0.337,65.3,5.02,4.39,4.33,4.44,4.27
175,2017,5,6,NC,25,7,0,0,7.38,3.65,0.77,2.02,0.281,0.359,0.391,0.750,1.50,0.335,67.2,4.42,4.84,4.63,4.61,3.43
176,2017,5,7,홛,25,8,0,0,6.52,3.67,1.02,1.78,0.286,0.359,0.437,0.796,1.52,0.324,71.7,4.60,4.96,5.09,5.14,2.82
177,2017,5,8,LG,24,13,0,0,6.67,2.80,1.10,2.38,0.250,0.321,0.404,0.725,1.25,0.279,73.7,3.78,6.42,4.98,5.03,2.70
178,2017,5,9,庸,25,9,0,0,7.99,4.46,1.38,1.79,0.307,0.394,0.488,0.882,1.73,0.358,68.9,6.24,2.19,5.72,5.67,1.50
179,2017,5,10,KT,26,7,0,0,6.26,2.93,1.23,2.14,0.301,0.355,0.469,0.824,1.55,0.332,63.8,5.75,2.33,5.18,5.23,2.04
180,2017,6,1,NC,25,8,1,0,6.93,3.04,1.14,2.28,0.259,0.329,0.403,0.733,1.34,0.293,68.2,4.66,5.04,5.05,5.06,2.38
181,2017,6,2,SK,26,13,1,0,5.80,3.06,0.78,1.90,0.277,0.341,0.406,0.747,1.42,0.310,69.9,4.23,6.38,4.71,4.84,3.69
182,2017,6,3,KIA,24,9,1,1,7.03,3.92,1.19,1.79,0.293,0.364,0.467,0.831,1.60,0.330,69.7,5.28,3.30,5.31,5.31,2.00
183,2017,6,4,Hero,25,8,0,0,6.81,3.67,1.26,1.86,0.310,0.382,0.469,0.851,1.66,0.350,69.4,5.79,2.41,5.49,5.53,1.25
184,2017,6,5,庸,26,6,0,0,5.77,3.62,1.09,1.59,0.301,0.374,0.466,0.840,1.61,0.327,64.2,5.84,2.44,5.54,5.72,0.58
185,2017,6,6,LG,24,10,2,0,7.41,2.40,0.95,3.09,0.282,0.337,0.436,0.773,1.38,0.330,66.2,4.89,3.55,4.43,4.37,3.72
186,2017,6,7,홛,25,3,1,0,6.53,3.28,1.66,1.99,0.300,0.367,0.506,0.873,1.57,0.325,68.2,5.96,0.73,6.00,6.05,-0.10
187,2017,6,8,왍,25,10,0,0,6.39,3.56,1.01,1.80,0.325,0.392,0.479,0.870,1.73,0.365,63.7,6.35,1.46,5.23,5.34,1.74
188,2017,6,9,온,25,4,0,0,7.11,3.78,1.17,1.88,0.316,0.385,0.486,0.870,1.71,0.361,59.5,6.87,0.13,5.23,5.23,1.26
189,2017,6,10,KT,25,5,0,0,7.16,3.40,1.74,2.11,0.311,0.381,0.524,0.905,1.64,0.345,62.9,6.79,-0.37,6.05,6.05,0.38
190,2017,7,1,왍,20,11,0,0,5.90,3.15,1.20,1.87,0.255,0.327,0.416,0.743,1.31,0.275,75.9,4.20,4.88,5.39,5.51,1.28
191,2017,7,2,KIA,21,10,1,0,7.21,4.01,0.85,1.80,0.263,0.352,0.383,0.734,1.46,0.309,70.9,4.76,4.64,4.85,4.86,2.91
192,2017,7,3,LG,19,6,1,0,7.11,2.79,0.77,2.55,0.258,0.323,0.385,0.708,1.31,0.301,63.0,4.81,3.21,4.34,4.33,2.83
193,2017,7,4,Hero,22,8,1,0,7.69,2.53,1.03,3.04,0.297,0.349,0.441,0.789,1.47,0.353,74.5,4.31,4.77,4.47,4.35,3.62
194,2017,7,5,온,22,12,1,0,7.42,3.53,1.22,2.10,0.252,0.335,0.396,0.731,1.33,0.287,79.1,3.39,6.08,5.27,5.25,2.02
195,2017,7,6,庸,22,10,0,0,7.85,3.14,1.34,2.50,0.288,0.359,0.452,0.811,1.48,0.335,72.2,4.85,3.98,5.22,5.14,2.35
196,2017,7,7,NC,20,6,0,0,7.29,3.10,1.45,2.35,0.282,0.347,0.466,0.813,1.45,0.318,73.3,4.71,2.88,5.41,5.36,1.42
197,2017,7,8,SK,23,8,0,0,6.19,4.15,1.67,1.49,0.323,0.404,0.531,0.936,1.78,0.348,62.5,7.63,-0.18,6.34,6.48,0.04
198,2017,7,9,홛,20,6,0,0,5.99,2.97,1.93,2.02,0.341,0.397,0.580,0.977,1.75,0.360,61.7,7.56,-1.08,6.46,6.58,-0.68
199,2017,7,10,KT,19,9,1,0,6.17,3.78,1.33,1.63,0.304,0.377,0.494,0.871,1.67,0.331,64.8,6.28,1.04,5.79,5.92,0.37
200,2017,8,1,왍,27,15,1,0,7.41,2.84,0.76,2.61,0.272,0.335,0.397,0.731,1.37,0.326,76.1,3.63,8.82,4.28,4.22,4.75
201,2017,8,2,온,27,16,0,0,7.27,3.06,1.07,2.37,0.273,0.336,0.436,0.773,1.41,0.315,73.7,4.39,6.38,4.78,4.73,3.66
202,2017,8,3,홛,23,14,0,0,6.59,2.81,0.80,2.35,0.270,0.338,0.401,0.739,1.36,0.311,69.2,4.14,4.52,4.63,4.70,2.80
203,2017,8,4,Hero,26,12,0,0,7.77,2.91,1.20,2.67,0.281,0.346,0.449,0.794,1.43,0.328,75.0,4.31,5.00,4.93,4.84,3.35
204,2017,8,5,SK,25,13,0,0,6.58,3.62,1.12,1.82,0.292,0.366,0.458,0.823,1.56,0.330,71.4,4.92,4.47,5.24,5.30,2.09
205,2017,8,6,KIA,21,6,0,0,5.98,3.04,1.08,1.97,0.313,0.375,0.466,0.840,1.61,0.350,67.6,5.49,2.36,5.11,5.22,1.32
206,2017,8,7,NC,27,9,0,0,7.38,3.29,1.02,2.24,0.280,0.353,0.417,0.770,1.43,0.329,71.9,4.54,5.43,4.85,4.81,3.42
207,2017,8,8,LG,24,7,0,0,7.35,2.73,1.01,2.69,0.287,0.346,0.435,0.781,1.43,0.331,66.2,5.08,4.44,4.63,4.60,3.88
208,2017,8,9,KT,24,7,1,0,6.41,2.99,1.13,2.14,0.321,0.381,0.481,0.862,1.65,0.358,64.0,6.24,1.85,5.19,5.28,2.61
209,2017,8,10,庸,24,6,0,0,7.75,3.75,1.49,2.07,0.313,0.382,0.498,0.880,1.68,0.359,65.6,6.26,0.73,5.58,5.50,1.42
210,2017,9,1,온,19,10,0,0,9.16,2.36,1.39,3.89,0.242,0.295,0.402,0.697,1.17,0.288,78.6,3.86,5.47,4.53,4.23,3.34
211,2017,9,2,왍,21,9,0,0,6.48,2.95,1.16,2.20,0.286,0.345,0.434,0.779,1.46,0.319,75.1,4.16,4.90,5.10,5.14,1.71
212,2017,9,3,SK,18,6,1,1,6.65,2.81,1.38,2.37,0.292,0.357,0.456,0.813,1.46,0.324,69.7,5.04,2.89,5.37,5.42,1.37
213,2017,9,4,NC,20,7,0,0,8.85,2.98,1.84,2.97,0.281,0.342,0.479,0.820,1.45,0.324,62.7,6.27,1.88,5.55,5.31,1.69
214,2017,9,5,KT,21,7,0,0,6.93,3.51,1.25,1.97,0.301,0.370,0.468,0.838,1.59,0.341,65.7,5.68,2.29,5.35,5.36,1.82
215,2017,9,6,KIA,23,13,0,0,6.91,2.26,0.96,3.06,0.296,0.342,0.429,0.771,1.43,0.341,69.3,4.48,4.99,4.42,4.39,4.01
216,2017,9,7,LG,25,13,1,1,7.66,2.51,0.72,3.05,0.276,0.334,0.407,0.740,1.34,0.332,67.8,4.43,5.55,4.08,4.00,5.15
217,2017,9,8,홛,23,11,0,0,6.59,2.72,1.11,2.43,0.303,0.357,0.447,0.805,1.51,0.342,65.2,5.52,3.21,4.96,4.99,2.65
218,2017,9,9,庸,19,1,0,0,8.18,4.43,1.67,1.85,0.305,0.387,0.501,0.888,1.75,0.350,67.5,6.36,0.74,5.99,5.89,0.75
219,2017,9,10,Hero,19,8,1,1,7.94,2.70,1.40,2.94,0.302,0.356,0.465,0.821,1.57,0.346,61.0,6.32,1.08,5.08,4.96,2.77
220,2017,10,1,온,1,1,0,0,9.00,3.00,1.00,3.00,0.182,0.250,0.424,0.674,1.00,0.217,92.1,2.00,0.52,4.18,3.89,0.20
221,2017,10,2,SK,1,0,0,0,5.00,3.00,1.00,1.67,0.194,0.286,0.290,0.576,1.00,0.200,93.0,2.00,0.50,5.40,5.67,0.03
222,2017,10,3,庸,2,1,0,0,10.00,2.00,1.50,5.00,0.325,0.361,0.494,0.855,1.61,0.400,69.8,5.50,0.24,4.51,4.12,0.26
223,2017,10,4,KIA,3,1,0,0,8.65,1.73,1.38,5.00,0.371,0.402,0.524,0.926,1.96,0.438,59.1,7.62,0.25,4.62,4.40,0.66
224,2017,10,5,왍,2,1,0,0,6.00,3.00,1.00,2.00,0.243,0.299,0.343,0.642,1.28,0.263,79.2,3.00,0.68,4.85,4.90,0.33
225,2017,10,6,KT,3,1,0,0,6.33,4.00,1.33,1.58,0.262,0.342,0.456,0.798,1.44,0.284,66.9,5.00,0.46,5.70,5.76,0.04
226,2017,10,7,홛,2,0,0,0,6.00,3.86,1.29,1.56,0.313,0.406,0.434,0.840,1.67,0.348,71.8,5.57,0.44,6.12,6.35,0.02
227,2017,10,8,LG,2,1,0,0,5.82,4.24,0.00,1.38,0.254,0.333,0.365,0.698,1.41,0.302,41.7,6.35,-0.15,3.85,3.98,0.31
228,2017,10,9,Hero,1,0,0,0,5.62,4.50,2.25,1.25,0.324,0.390,0.622,1.012,2.00,0.333,45.5,6.75,-0.09,7.23,7.34,-0.09
229,2017,10,10,NC,1,0,0,0,4.50,2.25,1.50,2.00,0.288,0.327,0.442,0.770,1.50,0.295,65.8,5.25,0.34,5.40,5.58,0.09
230,2018,3,1,NC,7,4,0,0,6.57,3.29,1.00,2.00,0.226,0.302,0.345,0.647,1.17,0.250,75.9,3.71,2.22,5.06,5.18,0.93
231,2018,3,2,SK,7,1,0,0,9.57,2.86,1.43,3.35,0.262,0.321,0.439,0.759,1.33,0.323,77.5,4.00,1.84,4.77,4.49,1.25
232,2018,3,3,Hero,7,3,0,0,7.93,2.82,0.81,2.81,0.295,0.350,0.422,0.772,1.49,0.356,72.9,4.43,2.13,4.27,4.16,1.73
233,2018,3,4,왍,7,3,0,0,7.69,3.34,0.87,2.30,0.265,0.333,0.400,0.733,1.42,0.317,63.7,4.94,1.70,4.59,4.57,1.30
234,2018,3,5,KIA,7,3,0,0,7.11,2.18,1.02,3.27,0.252,0.298,0.378,0.676,1.21,0.290,83.1,3.05,2.80,4.49,4.45,1.02
235,2018,3,6,KT,7,1,0,0,7.67,2.51,1.48,3.06,0.320,0.369,0.520,0.888,1.62,0.364,64.4,6.49,0.61,5.34,5.28,0.80
236,2018,3,7,LG,7,3,0,0,6.97,4.45,0.89,1.57,0.275,0.368,0.419,0.787,1.53,0.317,69.5,4.45,0.94,5.30,5.46,0.75
237,2018,3,8,홛,7,2,0,0,9.30,3.45,1.50,2.70,0.258,0.345,0.425,0.769,1.38,0.307,64.1,5.10,1.01,5.48,5.30,0.29
238,2018,3,9,庸,7,3,0,0,7.86,4.00,1.86,1.96,0.302,0.389,0.522,0.911,1.62,0.341,69.7,6.57,0.85,6.44,6.48,0.23
239,2018,3,10,온,7,0,0,0,8.07,4.97,1.09,1.62,0.268,0.367,0.429,0.795,1.62,0.316,62.8,5.90,0.02,5.47,5.54,0.37
240,2018,4,1,왍,23,12,0,0,8.14,3.50,1.18,2.32,0.282,0.355,0.449,0.804,1.50,0.334,74.3,4.81,6.08,5.10,5.05,3.53
241,2018,4,2,LG,24,12,0,0,6.61,3.35,0.85,1.97,0.260,0.342,0.385,0.726,1.37,0.299,77.0,3.65,8.12,4.97,5.08,2.99
242,2018,4,3,SK,23,11,0,0,8.22,2.47,0.95,3.33,0.274,0.328,0.417,0.745,1.34,0.331,70.6,4.15,6.38,4.32,4.15,5.03
243,2018,4,4,홛,22,6,0,0,7.65,3.57,1.02,2.14,0.277,0.347,0.411,0.758,1.51,0.324,69.1,4.96,4.00,4.95,4.96,3.10
244,2018,4,5,온,22,5,0,0,8.91,4.86,1.09,1.83,0.275,0.370,0.442,0.811,1.59,0.338,68.1,5.41,3.71,5.17,5.12,2.52
245,2018,4,6,KT,24,11,2,0,8.05,2.80,1.61,2.88,0.288,0.347,0.478,0.825,1.45,0.330,69.7,5.21,3.35,5.44,5.35,2.56
246,2018,4,7,KIA,21,12,2,0,7.73,3.02,1.39,2.56,0.289,0.350,0.472,0.822,1.51,0.332,66.7,5.55,2.34,5.24,5.20,2.66
247,2018,4,8,庸,24,11,0,0,7.67,2.88,1.33,2.67,0.287,0.346,0.461,0.807,1.47,0.330,68.7,4.96,3.57,5.17,5.13,2.47
248,2018,4,9,Hero,25,14,2,0,7.32,2.79,0.90,2.62,0.281,0.341,0.422,0.763,1.41,0.330,66.1,4.97,5.39,4.60,4.57,4.53
249,2018,4,10,NC,24,10,0,0,7.71,3.62,1.11,2.13,0.286,0.356,0.431,0.786,1.55,0.336,72.5,4.68,4.42,5.00,4.99,3.07
250,2018,5,1,홛,25,10,0,0,7.65,2.39,1.08,3.20,0.270,0.325,0.415,0.740,1.32,0.315,75.7,3.86,7.56,4.64,4.55,4.56
251,2018,5,2,왍,23,13,0,0,7.25,3.52,1.16,2.06,0.252,0.332,0.405,0.737,1.34,0.285,71.6,4.55,5.99,5.28,5.34,2.49
252,2018,5,3,Hero,25,14,0,0,6.84,2.97,1.34,2.30,0.280,0.348,0.447,0.794,1.42,0.314,74.9,4.48,6.27,5.46,5.53,3.02
253,2018,5,4,庸,25,11,0,0,7.40,2.78,0.89,2.67,0.302,0.360,0.468,0.829,1.52,0.355,70.4,4.75,5.25,4.62,4.59,3.52
254,2018,5,5,KIA,26,12,1,0,6.72,2.97,1.21,2.26,0.285,0.347,0.444,0.792,1.48,0.320,70.3,4.73,4.71,5.25,5.33,2.10
255,2018,5,6,LG,26,15,1,1,7.05,2.53,1.19,2.78,0.286,0.339,0.458,0.796,1.41,0.327,65.4,5.46,4.21,4.92,4.92,4.15
256,2018,5,7,온,24,11,0,0,8.45,3.58,0.73,2.36,0.285,0.355,0.415,0.770,1.52,0.352,66.5,4.61,5.04,4.28,4.17,4.97
257,2018,5,8,SK,23,11,0,0,7.28,2.65,1.08,2.75,0.271,0.327,0.435,0.762,1.36,0.311,64.2,5.08,3.99,4.81,4.79,3.24
258,2018,5,9,KT,24,12,1,0,6.16,2.21,1.02,2.79,0.314,0.356,0.461,0.817,1.51,0.350,69.4,4.80,4.56,4.76,4.83,3.71
259,2018,5,10,NC,25,3,0,0,6.67,3.54,1.15,1.88,0.331,0.385,0.497,0.882,1.77,0.371,59.2,6.91,1.09,5.22,5.35,2.69
260,2018,6,1,왍,26,15,0,0,7.78,3.25,0.74,2.39,0.272,0.347,0.397,0.744,1.41,0.328,68.6,4.64,6.98,4.47,4.42,5.41
261,2018,6,2,홛,26,9,0,0,7.79,3.16,1.05,2.47,0.285,0.353,0.430,0.782,1.46,0.337,72.5,4.60,5.89,4.88,4.84,3.95
262,2018,6,3,LG,24,12,1,1,8.75,2.89,1.23,3.03,0.265,0.329,0.420,0.749,1.36,0.316,68.7,4.63,5.52,4.84,4.67,4.63
263,2018,6,4,SK,24,11,0,0,7.65,2.85,1.60,2.68,0.258,0.323,0.449,0.772,1.32,0.287,74.1,4.62,4.67,5.54,5.50,1.66
264,2018,6,5,온,25,10,0,0,8.27,4.16,1.09,1.99,0.270,0.352,0.432,0.785,1.52,0.323,63.6,5.48,3.58,5.02,4.98,3.31
265,2018,6,6,Hero,25,7,1,0,7.16,2.63,1.46,2.72,0.286,0.348,0.469,0.817,1.41,0.319,65.9,5.51,2.76,5.49,5.50,1.88
266,2018,6,7,KIA,22,4,1,0,6.16,3.29,1.25,1.87,0.312,0.373,0.462,0.835,1.61,0.343,67.3,5.84,3.11,5.46,5.62,1.52
267,2018,6,8,庸,25,7,0,0,7.98,3.53,1.64,2.26,0.300,0.372,0.506,0.878,1.61,0.340,62.5,6.76,1.08,5.92,5.92,1.31
268,2018,6,9,NC,25,7,1,0,6.36,3.74,1.41,1.70,0.265,0.343,0.447,0.791,1.43,0.287,66.4,5.44,3.59,5.79,5.97,1.40
269,2018,6,10,KT,24,10,1,1,7.71,3.34,1.65,2.31,0.306,0.373,0.498,0.871,1.59,0.349,70.0,5.59,2.33,5.74,5.73,1.47
270,2018,7,1,庸,22,11,0,0,7.82,2.55,0.80,3.07,0.277,0.336,0.384,0.720,1.36,0.334,77.7,3.40,7.96,4.32,4.21,4.56
271,2018,7,2,왍,21,10,0,0,6.69,3.03,1.06,2.21,0.311,0.370,0.473,0.844,1.59,0.352,66.4,5.87,3.39,5.08,5.16,2.49
272,2018,7,3,KT,21,9,0,0,7.34,2.98,1.28,2.46,0.310,0.367,0.475,0.842,1.59,0.356,69.7,5.45,3.94,5.12,5.11,2.95
273,2018,7,4,SK,22,7,0,0,7.59,3.17,0.87,2.39,0.236,0.309,0.354,0.663,1.23,0.279,77.5,3.22,7.25,4.57,4.54,3.89
274,2018,7,5,NC,22,6,0,0,7.78,4.30,1.36,1.81,0.283,0.370,0.455,0.825,1.57,0.325,74.2,4.88,5.11,5.74,5.80,2.06
275,2018,7,6,Hero,23,12,0,0,7.09,2.78,1.17,2.55,0.288,0.348,0.454,0.801,1.46,0.329,68.1,5.13,4.16,5.06,5.07,2.51
276,2018,7,7,홛,22,8,0,0,7.59,3.42,1.36,2.22,0.272,0.346,0.451,0.797,1.43,0.309,68.8,5.06,4.52,5.47,5.49,2.06
277,2018,7,8,LG,22,11,0,0,7.76,2.86,1.50,2.71,0.311,0.361,0.498,0.859,1.58,0.355,61.6,6.35,0.60,5.32,5.27,2.32
278,2018,7,9,온,21,7,0,0,7.45,3.10,1.11,2.41,0.302,0.361,0.469,0.830,1.56,0.349,68.1,5.47,2.72,4.95,4.94,2.54
279,2018,7,10,KIA,22,5,0,0,8.03,3.13,1.45,2.57,0.294,0.355,0.469,0.824,1.52,0.341,68.1,5.33,2.68,5.23,5.15,2.40
280,2018,8,1,Hero,13,6,0,0,6.67,3.10,1.09,2.15,0.287,0.354,0.419,0.773,1.47,0.325,70.3,4.50,3.34,5.19,5.29,1.62
281,2018,8,2,온,11,2,0,0,7.33,3.34,1.76,2.19,0.291,0.358,0.499,0.857,1.53,0.321,73.8,5.47,1.65,6.02,6.07,0.38
282,2018,8,3,NC,13,5,0,0,7.21,4.57,1.92,1.58,0.267,0.359,0.484,0.843,1.54,0.285,64.9,6.09,1.37,6.69,6.86,-0.31
283,2018,8,4,왍,13,3,0,0,6.24,3.24,1.26,1.93,0.314,0.386,0.486,0.872,1.62,0.347,65.5,6.16,0.70,5.72,5.89,0.19
284,2018,8,5,KIA,12,4,0,0,6.67,2.53,1.86,2.63,0.335,0.381,0.568,0.949,1.67,0.363,64.2,7.09,0.40,5.99,6.05,0.40
285,2018,8,6,庸,13,5,0,0,7.58,3.08,1.18,2.46,0.307,0.374,0.488,0.862,1.59,0.357,65.3,6.16,0.70,5.20,5.19,1.08
286,2018,8,7,SK,13,4,0,0,7.12,3.52,2.11,2.02,0.327,0.395,0.551,0.946,1.79,0.357,64.2,6.89,0.80,6.74,6.85,0.12
287,2018,8,8,홛,12,5,0,0,9.51,3.48,1.44,2.73,0.299,0.361,0.496,0.858,1.58,0.368,63.4,6.20,1.09,4.99,4.76,1.68
288,2018,8,9,KT,13,5,0,0,6.95,3.08,1.58,2.26,0.310,0.375,0.498,0.872,1.61,0.344,68.7,5.84,1.26,5.83,5.91,0.52
289,2018,8,10,LG,13,0,0,0,6.95,5.07,0.90,1.37,0.345,0.422,0.489,0.911,2.04,0.392,56.1,8.51,-1.78,5.50,5.71,0.81
290,2018,9,1,왍,24,12,1,0,6.77,3.47,1.14,1.95,0.270,0.347,0.414,0.761,1.44,0.303,68.4,4.99,5.39,5.36,5.47,2.41
291,2018,9,2,KIA,23,9,0,0,7.70,3.65,0.98,2.11,0.295,0.362,0.438,0.801,1.58,0.348,65.6,5.43,2.92,4.78,4.77,3.05
292,2018,9,3,SK,24,11,0,0,8.82,3.43,1.44,2.57,0.267,0.339,0.433,0.772,1.43,0.318,70.9,4.75,4.24,5.20,5.05,3.35
293,2018,9,4,Hero,23,6,1,1,7.40,3.22,1.50,2.30,0.282,0.352,0.455,0.807,1.48,0.317,68.5,5.55,4.03,5.64,5.67,1.72
294,2018,9,5,홛,24,5,0,0,7.10,3.72,0.93,1.91,0.284,0.360,0.412,0.772,1.52,0.327,65.4,5.32,3.25,5.08,5.17,2.20
295,2018,9,6,庸,24,10,0,0,8.01,3.47,1.69,2.31,0.266,0.342,0.456,0.797,1.42,0.299,70.3,5.28,4.42,5.82,5.79,1.39
296,2018,9,7,온,22,6,0,0,8.49,3.68,1.63,2.30,0.280,0.355,0.484,0.839,1.54,0.324,60.3,6.39,1.82,5.69,5.61,2.30
297,2018,9,8,NC,23,9,0,0,7.36,3.59,1.27,2.05,0.289,0.360,0.448,0.807,1.57,0.328,66.4,5.32,2.14,5.40,5.45,1.81
298,2018,9,9,LG,24,9,0,0,7.60,3.40,1.15,2.24,0.276,0.345,0.429,0.774,1.50,0.320,63.0,5.56,2.82,5.09,5.09,3.24
299,2018,9,10,KT,23,8,0,0,6.88,3.64,1.27,1.89,0.314,0.383,0.488,0.870,1.70,0.356,66.5,5.61,1.71,5.50,5.61,1.59
300,2018,10,1,LG,4,2,1,0,9.00,1.75,0.75,5.14,0.241,0.302,0.350,0.652,1.11,0.306,78.4,3.00,1.53,3.92,3.61,0.88
301,2018,10,2,庸,4,0,0,0,9.26,2.83,1.29,3.27,0.277,0.336,0.431,0.766,1.40,0.344,69.8,4.89,0.50,4.66,4.41,0.46
302,2018,10,3,KT,8,3,0,0,7.50,1.50,1.00,5.00,0.295,0.332,0.442,0.774,1.33,0.347,70.2,4.38,2.18,4.32,4.18,1.60
303,2018,10,4,온,12,2,0,0,7.43,3.22,1.07,2.31,0.241,0.310,0.389,0.699,1.29,0.276,66.2,4.62,2.47,4.92,4.92,1.34
304,2018,10,5,왍,7,5,0,0,5.26,2.91,1.38,1.81,0.258,0.321,0.414,0.735,1.29,0.269,79.2,3.88,2.11,5.73,5.99,0.42
305,2018,10,6,홛,6,0,0,0,10.56,5.19,1.73,2.03,0.284,0.379,0.469,0.848,1.73,0.357,65.4,6.58,-0.03,5.78,5.56,0.24
306,2018,10,7,NC,5,1,0,0,8.60,4.40,1.80,1.95,0.350,0.418,0.568,0.986,1.91,0.404,62.8,7.40,0.02,6.12,6.09,-0.33
307,2018,10,8,KIA,11,1,0,0,7.42,3.93,1.16,1.89,0.300,0.371,0.463,0.834,1.64,0.343,64.8,5.90,0.96,5.29,5.35,0.74
308,2018,10,9,Hero,3,1,0,0,7.82,4.26,2.13,1.83,0.330,0.397,0.573,0.969,1.82,0.368,61.2,7.46,-0.07,6.60,6.67,-0.13
309,2018,10,10,SK,8,4,0,0,8.75,3.50,2.00,2.50,0.303,0.376,0.497,0.872,1.62,0.349,70.9,6.25,0.64,6.19,6.09,0.70
310,2019,3,1,왍,8,5,0,0,7.52,3.45,0.49,2.18,0.246,0.325,0.337,0.662,1.32,0.298,72.6,3.21,2.04,3.80,3.74,1.45
311,2019,3,2,SK,8,3,0,0,8.51,4.07,0.49,2.09,0.211,0.301,0.293,0.594,1.23,0.265,75.5,3.21,2.32,3.70,3.56,1.55
312,2019,3,3,LG,8,4,0,0,7.91,2.55,0.49,3.10,0.205,0.266,0.320,0.587,1.00,0.250,74.2,2.43,2.60,3.32,3.18,1.61
313,2019,3,4,NC,8,3,0,0,7.88,5.00,0.88,1.58,0.261,0.370,0.377,0.747,1.56,0.312,72.8,4.12,1.14,4.96,4.96,0.41
314,2019,3,5,홛,8,2,0,0,6.91,5.09,1.04,1.36,0.254,0.362,0.408,0.770,1.52,0.291,71.9,4.96,1.04,5.28,5.35,0.05
315,2019,3,6,Hero,8,3,0,0,6.91,3.71,0.38,1.86,0.256,0.345,0.337,0.682,1.35,0.313,65.1,4.73,0.36,3.91,3.93,0.84
316,2019,3,7,庸,8,2,0,0,7.33,3.73,1.29,1.97,0.251,0.327,0.415,0.741,1.40,0.284,65.1,5.27,0.56,4.96,4.91,0.34
317,2019,3,8,KIA,8,2,0,0,8.61,4.37,1.16,1.97,0.299,0.373,0.477,0.850,1.69,0.361,68.6,5.53,0.43,4.57,4.41,0.86
318,2019,3,9,온,8,2,0,0,9.21,4.92,1.77,1.87,0.276,0.365,0.468,0.833,1.68,0.322,65.8,6.31,-0.07,5.63,5.46,0.46
319,2019,3,10,KT,8,3,0,0,7.62,3.62,1.55,2.11,0.242,0.322,0.413,0.735,1.32,0.267,69.4,4.65,0.30,5.24,5.16,0.21
320,2019,4,1,Hero,24,13,0,0,7.65,2.67,0.71,2.86,0.280,0.331,0.412,0.743,1.41,0.335,70.1,4.14,4.14,3.66,3.53,3.86
321,2019,4,2,LG,22,14,0,0,7.50,3.44,0.36,2.18,0.222,0.309,0.298,0.607,1.19,0.274,74.1,2.81,7.15,3.62,3.57,3.87
322,2019,4,3,SK,23,12,0,0,7.69,2.92,0.63,2.64,0.282,0.338,0.388,0.726,1.43,0.341,71.8,3.93,6.77,3.64,3.52,5.23
323,2019,4,4,왍,24,13,0,0,5.89,2.47,0.51,2.38,0.259,0.316,0.361,0.677,1.27,0.297,74.4,3.24,5.66,3.80,3.85,3.49
324,2019,4,5,NC,22,10,0,0,7.80,2.78,0.85,2.81,0.264,0.328,0.383,0.711,1.34,0.316,73.3,3.68,4.42,3.99,3.88,3.41
325,2019,4,6,홛,21,4,1,0,7.62,3.34,0.79,2.28,0.308,0.371,0.445,0.816,1.61,0.370,67.0,5.31,2.34,4.09,4.01,2.97
326,2019,4,7,온,22,9,0,0,8.52,4.61,1.02,1.85,0.289,0.372,0.435,0.808,1.67,0.349,66.6,5.35,0.97,4.58,4.46,1.72
327,2019,4,8,KT,24,13,0,0,5.72,5.03,1.02,1.14,0.262,0.361,0.416,0.777,1.54,0.284,68.5,4.82,2.52,5.39,5.55,-0.54
328,2019,4,9,KIA,22,7,0,0,6.60,5.22,0.83,1.27,0.294,0.389,0.454,0.842,1.75,0.332,62.3,6.55,0.06,5.04,5.14,0.35
329,2019,4,10,庸,22,8,1,1,7.72,3.66,0.77,2.11,0.251,0.325,0.378,0.703,1.36,0.298,66.5,4.15,2.67,4.07,3.98,2.92
330,2019,5,1,SK,26,15,0,0,7.43,2.77,0.81,2.68,0.259,0.321,0.377,0.699,1.30,0.308,76.1,3.54,6.69,3.96,3.87,4.24
331,2019,5,2,왍,26,17,1,0,5.68,2.73,0.35,2.08,0.249,0.313,0.334,0.647,1.24,0.288,75.8,2.65,8.97,3.61,3.68,4.29
332,2019,5,3,庸,26,10,1,1,6.70,3.47,0.94,1.93,0.265,0.332,0.409,0.742,1.42,0.299,70.7,4.29,3.96,4.48,4.48,2.14
333,2019,5,4,KT,26,12,1,0,5.91,3.27,0.51,1.81,0.292,0.360,0.400,0.760,1.53,0.335,65.1,5.16,3.16,4.10,4.19,3.12
334,2019,5,5,KIA,27,13,1,0,7.28,2.90,0.68,2.51,0.270,0.331,0.375,0.707,1.37,0.320,72.0,3.77,5.90,3.86,3.79,4.87
335,2019,5,6,NC,26,12,1,0,7.18,3.72,0.85,1.93,0.249,0.331,0.372,0.703,1.35,0.289,67.8,4.54,3.15,4.47,4.46,2.51
336,2019,5,7,LG,26,13,1,0,6.56,3.32,0.60,1.98,0.266,0.335,0.382,0.717,1.42,0.309,66.9,4.08,3.20,4.05,4.07,3.30
337,2019,5,8,Hero,27,15,1,1,7.25,2.43,0.49,2.98,0.274,0.326,0.373,0.699,1.34,0.331,66.8,4.37,4.88,3.44,3.35,5.06
338,2019,5,9,홛,27,12,1,0,6.49,3.88,0.75,1.67,0.272,0.353,0.390,0.744,1.48,0.313,71.7,4.26,4.14,4.54,4.60,1.99
339,2019,5,10,온,27,7,1,1,6.99,4.68,0.94,1.49,0.305,0.391,0.439,0.830,1.75,0.351,65.6,6.31,-0.43,4.94,4.98,0.70
340,2019,6,1,Hero,25,11,1,1,7.79,3.17,0.44,2.46,0.247,0.318,0.332,0.650,1.30,0.305,71.0,3.42,6.55,3.54,3.44,4.90
341,2019,6,2,SK,25,15,0,0,7.99,3.00,0.61,2.66,0.239,0.305,0.333,0.638,1.22,0.295,74.2,3.32,6.52,3.57,3.43,4.46
342,2019,6,3,LG,25,11,0,0,5.87,4.04,0.71,1.45,0.274,0.359,0.398,0.757,1.49,0.310,72.9,3.96,4.32,4.66,4.78,1.18
343,2019,6,4,KT,25,11,0,0,5.17,3.16,0.76,1.63,0.268,0.330,0.401,0.731,1.37,0.294,69.6,4.33,5.21,4.42,4.54,1.69
344,2019,6,5,왍,25,11,0,0,6.11,4.00,0.78,1.53,0.272,0.350,0.410,0.760,1.50,0.307,70.0,4.67,4.54,4.55,4.62,1.83
345,2019,6,6,庸,24,5,1,1,6.40,3.66,0.72,1.75,0.281,0.358,0.397,0.756,1.50,0.322,68.6,4.80,2.15,4.49,4.55,1.49
346,2019,6,7,온,24,12,0,0,7.42,3.45,0.49,2.15,0.262,0.329,0.346,0.675,1.37,0.316,73.8,3.28,6.58,3.56,3.48,4.36
347,2019,6,8,KIA,25,12,0,0,6.69,3.32,0.79,2.01,0.288,0.356,0.411,0.768,1.51,0.334,69.3,4.78,2.54,4.31,4.32,2.03
348,2019,6,9,홛,24,9,0,0,6.59,3.55,0.92,1.86,0.280,0.353,0.401,0.754,1.50,0.319,68.1,4.72,1.88,4.61,4.64,1.23
349,2019,6,10,NC,24,8,0,0,6.52,4.09,0.70,1.60,0.285,0.364,0.395,0.759,1.56,0.326,66.5,5.26,2.15,4.49,4.55,1.86
350,2019,7,1,Hero,19,11,0,0,5.43,2.50,0.32,2.17,0.242,0.299,0.329,0.628,1.17,0.277,75.2,2.40,5.85,3.61,3.70,2.78
351,2019,7,2,SK,19,11,0,0,8.60,3.40,0.77,2.53,0.240,0.315,0.344,0.659,1.28,0.297,76.2,3.09,5.40,3.86,3.69,3.07
352,2019,7,3,KT,18,8,0,0,5.97,2.68,1.06,2.23,0.277,0.334,0.417,0.751,1.38,0.304,73.0,4.46,3.57,4.65,4.70,0.78
353,2019,7,4,NC,19,9,0,0,6.39,3.33,0.26,1.92,0.253,0.328,0.339,0.667,1.32,0.300,68.8,3.65,4.01,3.70,3.75,2.80
354,2019,7,5,왍,17,6,0,0,5.94,2.65,0.65,2.24,0.257,0.317,0.373,0.690,1.28,0.292,71.6,3.65,4.05,4.00,4.04,2.10
355,2019,7,6,KIA,16,8,0,0,6.48,3.49,0.64,1.85,0.257,0.327,0.387,0.714,1.36,0.294,66.5,4.26,2.54,4.15,4.17,1.90
356,2019,7,7,LG,18,9,0,0,6.55,2.85,0.85,2.30,0.276,0.335,0.394,0.729,1.38,0.314,64.6,4.78,2.00,4.30,4.30,1.85
357,2019,7,8,庸,19,9,0,0,6.05,3.87,0.71,1.56,0.275,0.348,0.420,0.768,1.48,0.311,69.3,4.20,2.85,4.44,4.52,1.72
358,2019,7,9,온,18,5,0,0,6.19,3.68,0.99,1.68,0.292,0.364,0.446,0.810,1.56,0.327,66.2,5.44,0.86,4.78,4.85,0.69
359,2019,7,10,홛,19,6,0,0,6.55,3.93,1.04,1.67,0.299,0.372,0.449,0.821,1.62,0.336,61.1,6.49,0.02,4.93,4.98,0.54
360,2019,8,1,왍,24,16,0,0,5.43,2.33,0.38,2.33,0.253,0.308,0.348,0.656,1.20,0.286,69.8,3.65,6.17,3.72,3.81,3.80
361,2019,8,2,KT,25,10,0,0,5.85,2.91,0.65,2.01,0.251,0.315,0.365,0.680,1.28,0.284,75.7,3.35,6.60,4.11,4.17,2.71
362,2019,8,3,Hero,25,10,0,0,6.45,2.22,0.28,2.91,0.281,0.330,0.382,0.712,1.35,0.334,67.6,4.11,4.83,3.27,3.26,4.45
363,2019,8,4,LG,24,9,0,0,6.49,3.94,0.81,1.65,0.282,0.361,0.413,0.773,1.54,0.322,68.3,5.04,3.58,4.61,4.66,1.89
364,2019,8,5,SK,25,12,0,0,6.23,2.82,0.58,2.21,0.254,0.315,0.342,0.657,1.27,0.292,74.9,3.32,5.99,3.91,3.93,3.28
365,2019,8,6,NC,24,10,2,0,6.45,3.01,0.84,2.14,0.258,0.326,0.379,0.704,1.31,0.294,73.8,3.81,5.91,4.32,4.34,2.54
366,2019,8,7,KIA,26,10,1,1,6.58,3.51,0.66,1.88,0.260,0.335,0.368,0.702,1.39,0.300,68.4,4.32,4.72,4.24,4.27,2.14
367,2019,8,8,홛,24,7,0,0,5.77,3.79,0.95,1.52,0.300,0.368,0.433,0.802,1.64,0.332,68.0,5.21,2.35,4.85,4.95,0.95
368,2019,8,9,온,25,7,0,0,6.69,2.97,0.66,2.25,0.284,0.345,0.410,0.754,1.44,0.328,65.1,4.62,2.31,3.97,3.96,3.13
369,2019,8,10,庸,22,9,1,1,6.04,4.38,0.97,1.38,0.286,0.374,0.445,0.819,1.61,0.318,65.9,5.90,1.77,5.16,5.29,0.49
370,2019,9,1,NC,20,8,2,2,6.89,2.82,0.70,2.45,0.253,0.319,0.356,0.675,1.27,0.298,82.5,2.77,7.40,4.01,3.98,2.36
371,2019,9,2,왍,19,13,2,0,6.70,1.30,0.73,5.16,0.249,0.280,0.348,0.628,1.10,0.287,72.7,3.32,5.27,3.48,3.40,3.83
372,2019,9,3,Hero,15,13,0,0,6.25,2.20,0.27,2.84,0.238,0.289,0.309,0.598,1.13,0.281,77.3,1.99,5.19,3.23,3.23,2.87
373,2019,9,4,LG,21,13,0,0,6.75,3.59,0.49,1.88,0.240,0.326,0.327,0.652,1.30,0.285,74.9,3.16,5.44,3.99,4.02,2.30
374,2019,9,5,홛,21,8,0,0,6.79,3.39,0.62,2.00,0.251,0.325,0.355,0.680,1.31,0.296,77.3,3.20,6.54,4.00,3.99,2.72
375,2019,9,6,KT,18,5,1,1,7.02,3.00,0.85,2.34,0.249,0.313,0.353,0.666,1.28,0.290,75.3,3.40,3.81,4.14,4.09,2.02
376,2019,9,7,KIA,20,7,1,1,7.42,2.89,0.53,2.56,0.274,0.335,0.371,0.706,1.41,0.331,66.9,4.00,3.36,3.63,3.56,3.62
377,2019,9,8,SK,18,10,0,0,7.57,3.05,0.85,2.48,0.262,0.323,0.377,0.700,1.31,0.310,72.4,3.95,3.50,4.00,3.89,2.89
378,2019,9,9,庸,23,11,0,0,5.82,3.22,1.03,1.81,0.264,0.332,0.417,0.749,1.39,0.289,69.4,4.30,2.95,4.83,4.92,1.19
379,2019,9,10,온,19,5,0,0,7.20,3.33,0.76,2.16,0.256,0.328,0.368,0.696,1.35,0.301,72.4,3.71,2.96,4.18,4.14,1.85
380,2020,5,1,NC,23,14,0,0,7.33,3.43,1.07,2.14,0.243,0.318,0.378,0.696,1.30,0.279,76.8,3.73,7.79,4.77,4.71,3.56
381,2020,5,2,LG,23,10,0,0,6.75,2.65,0.97,2.55,0.266,0.319,0.400,0.719,1.32,0.301,68.9,4.24,4.53,4.50,4.45,3.45
382,2020,5,3,왍,23,13,0,0,6.23,3.84,0.85,1.62,0.300,0.370,0.445,0.815,1.64,0.339,63.4,5.67,2.60,4.84,4.92,2.32
383,2020,5,4,KIA,24,12,0,0,8.05,2.95,0.59,2.73,0.268,0.330,0.394,0.724,1.36,0.331,64.2,4.42,5.02,3.77,3.62,5.70
384,2020,5,5,Hero,24,9,0,0,6.98,2.76,1.16,2.53,0.280,0.340,0.431,0.771,1.39,0.319,67.5,4.82,3.66,4.83,4.79,2.72
385,2020,5,6,온,23,7,0,0,6.83,3.93,1.08,1.74,0.266,0.343,0.425,0.768,1.44,0.299,69.7,4.80,4.84,5.06,5.08,2.71
386,2020,5,7,KT,23,10,0,0,6.11,3.78,0.97,1.62,0.286,0.361,0.410,0.770,1.56,0.317,64.9,5.58,2.44,5.10,5.22,2.04
387,2020,5,8,庸,24,8,0,0,6.44,3.88,1.19,1.66,0.269,0.350,0.435,0.785,1.48,0.296,67.9,4.69,3.80,5.40,5.48,1.28
388,2020,5,9,SK,23,9,0,0,7.21,4.09,0.79,1.76,0.264,0.346,0.396,0.742,1.47,0.310,62.9,4.84,3.39,4.63,4.62,2.86
389,2020,5,10,홛,24,11,1,1,7.83,4.00,1.13,1.96,0.287,0.365,0.458,0.824,1.58,0.336,70.3,5.26,3.38,5.01,4.95,2.36
390,2020,6,1,Hero,25,14,0,0,6.19,2.05,0.72,3.02,0.249,0.299,0.357,0.656,1.17,0.283,74.0,3.25,7.78,4.10,4.10,4.31
391,2020,6,2,庸,25,11,0,0,6.41,3.62,1.03,1.77,0.258,0.331,0.401,0.733,1.38,0.288,75.3,3.95,6.49,4.94,4.98,2.26
392,2020,6,3,NC,24,12,0,0,7.28,4.10,1.09,1.78,0.263,0.348,0.410,0.758,1.47,0.303,63.8,5.61,4.68,5.07,5.06,2.42
393,2020,6,4,KIA,21,10,1,1,8.00,2.89,0.76,2.77,0.245,0.308,0.370,0.678,1.26,0.297,70.0,3.85,5.47,4.01,3.86,4.31
394,2020,6,5,왍,25,10,0,0,7.20,2.96,0.70,2.43,0.287,0.346,0.417,0.763,1.47,0.339,65.7,4.82,4.76,4.15,4.09,4.47
395,2020,6,6,온,23,11,0,0,6.91,2.45,1.14,2.82,0.263,0.317,0.403,0.720,1.27,0.297,70.6,4.46,5.22,4.59,4.52,3.97
396,2020,6,7,LG,25,15,1,1,7.42,4.13,0.75,1.80,0.259,0.350,0.384,0.733,1.46,0.307,70.4,4.69,6.22,4.65,4.67,3.31
397,2020,6,8,KT,25,8,0,0,5.20,3.32,1.27,1.57,0.287,0.351,0.444,0.796,1.50,0.305,66.6,5.53,3.36,5.45,5.59,0.98
398,2020,6,9,SK,25,11,0,0,7.31,4.29,1.10,1.70,0.268,0.359,0.412,0.771,1.51,0.309,74.3,4.53,4.19,5.23,5.25,2.11
399,2020,6,10,홛,24,4,0,0,8.11,4.38,1.42,1.85,0.311,0.388,0.487,0.875,1.78,0.362,61.5,6.48,-0.71,5.38,5.29,1.85
400,2020,7,1,KT,15,9,0,0,6.37,3.61,0.66,1.76,0.260,0.335,0.364,0.699,1.38,0.300,69.1,4.53,4.00,4.43,4.49,2.17
401,2020,7,2,NC,15,10,0,0,7.11,3.13,0.91,2.27,0.239,0.316,0.362,0.677,1.22,0.277,75.3,3.85,3.62,4.61,4.59,2.17
402,2020,7,3,왍,15,6,0,0,6.61,3.07,0.75,2.16,0.274,0.333,0.388,0.721,1.42,0.316,68.7,4.36,2.82,4.25,4.22,2.57
403,2020,7,4,庸,15,5,1,0,5.95,3.99,1.02,1.49,0.266,0.351,0.402,0.752,1.45,0.295,68.3,4.94,2.48,5.24,5.37,0.55
404,2020,7,5,KIA,16,5,0,0,6.72,3.83,1.13,1.75,0.290,0.360,0.441,0.801,1.52,0.327,73.0,4.65,2.40,5.09,5.09,0.99
405,2020,7,6,Hero,16,4,0,0,6.32,3.83,1.40,1.65,0.328,0.395,0.493,0.888,1.79,0.363,62.0,7.09,-0.46,5.66,5.73,0.31
406,2020,7,7,온,15,5,0,0,6.48,3.31,1.35,1.96,0.289,0.350,0.450,0.800,1.54,0.318,61.9,5.40,0.89,5.27,5.27,0.99
407,2020,7,8,SK,16,7,0,0,6.60,4.69,0.86,1.41,0.288,0.374,0.421,0.795,1.66,0.329,67.0,5.48,1.67,5.08,5.17,1.16
408,2020,7,9,LG,15,10,0,0,6.43,2.59,1.26,2.49,0.324,0.369,0.488,0.856,1.63,0.360,65.2,5.37,1.52,4.97,4.96,1.77
409,2020,7,10,홛,16,4,0,0,7.54,4.12,1.16,1.83,0.279,0.363,0.419,0.782,1.55,0.324,74.8,4.51,2.64,5.09,5.06,1.46
